aplicacion_pagos_id,factura_id,cai,cliente,saldo,estado_cerrado,fecha_cierre_factura,ultimo_abono_fecha_pago,ultimo_abono_creado,total_abonos_activos,total_notas_credito,retencion_aplicada,movimiento_resta,facturador_id,facturador,vendedor_id,vendedor,gestor_id,gestor_entrega,comisiones_activas,clasificacion,fecha_efectiva_sugerida,fuente_fecha,ana_pineda_involucrada,aplicacion_actualizada
6836,5061,000-001-01-00021762,"PLASTICOS CEIBEÑOS",0.00,0,,,,0.00,4500.18,0,0.00,27,"Ana Pineda",115,"Erling Peralta",,,0,B_OTRO_REDUCTOR,,aplicacion_pagos.updated_at,SI,
10014,6297,000-001-01-00022366,"SEDENA/PMOP/BATALLON POLICIA MILITAR",0.00,0,,,,0.00,17961.45,0,0.00,27,"Ana Pineda",24,OFICINA,,,0,B_OTRO_REDUCTOR,,aplicacion_pagos.updated_at,SI,
8334,6352,000-001-01-00022396,"SEDENA ,ESTADO MAYOR CONJUNTO C-2",0.00,0,,,,0.00,9236.94,0,0.00,8,"Francis Andino",24,OFICINA,,,0,B_OTRO_REDUCTOR,,aplicacion_pagos.updated_at,NO,
7582,6514,000-001-01-00022485,"ALCANCE S.A DE C.V.",0.00,0,,,,0.00,4195.20,0,0.00,57,"Josue Cerritos",36,"Angel Villela",,,0,B_OTRO_REDUCTOR,,aplicacion_pagos.updated_at,NO,
7332,7797,000-001-01-00023477,"COMERCIAL PLAZA",0.00,0,,,,0.00,51973.75,0,0.00,57,"Josue Cerritos",14,"Sulay Pineda",,,0,B_OTRO_REDUCTOR,,aplicacion_pagos.updated_at,NO,
4367,7973,000-001-01-00023629,"BANCO FINANCIERA COMERCIAL HONDUREÑA, S.A.",0.00,0,,,,0.00,8180.64,0,0.00,57,"Josue Cerritos",36,"Angel Villela",,,0,B_OTRO_REDUCTOR,,aplicacion_pagos.updated_at,NO,
14447,9323,000-001-01-00024780,"PODER JUDICIAL",0.00,0,,,,0.00,21528.00,0,0.00,27,"Ana Pineda",24,OFICINA,,,0,B_OTRO_REDUCTOR,,aplicacion_pagos.updated_at,SI,
7334,9543,000-001-01-00024966,"COMERCIAL PLAZA",0.00,0,,,,0.00,90922.62,0,0.00,57,"Josue Cerritos",14,"Sulay Pineda",,,0,B_OTRO_REDUCTOR,,aplicacion_pagos.updated_at,NO,
7335,9561,000-001-01-00024984,"COMERCIAL PLAZA",0.00,0,,,,0.00,4968.00,0,0.00,57,"Josue Cerritos",14,"Sulay Pineda",,,0,B_OTRO_REDUCTOR,,aplicacion_pagos.updated_at,NO,
12545,10732,000-001-01-00025999,"COMERCIAL PLAZA",0.00,0,,,,0.00,44454.85,0,0.00,57,"Josue Cerritos",14,"Sulay Pineda",,,0,B_OTRO_REDUCTOR,,aplicacion_pagos.updated_at,NO,
12546,11124,000-001-01-00026348,"COMERCIAL PLAZA",0.00,0,,,,0.00,17183.76,0,0.00,58,"Daniela Torres",14,"Sulay Pineda",,,0,B_OTRO_REDUCTOR,,aplicacion_pagos.updated_at,NO,
12548,11388,000-001-01-00026574,"COMERCIAL PLAZA",0.00,0,,,,0.00,524.40,0,0.00,58,"Daniela Torres",14,"Sulay Pineda",,,0,B_OTRO_REDUCTOR,,aplicacion_pagos.updated_at,NO,
16288,12582,000-001-01-00027605,"REPRESENTACIONES Y DISTRIBUCIONES PONCE",0.00,0,,,,0.00,128320.00,0,0.00,30,"Kelyn Barahona",13,"Belinda Lopez",,,0,B_OTRO_REDUCTOR,,aplicacion_pagos.updated_at,NO,
17323,13156,000-001-01-00028178,"CORPORACION GENESIS S DE R.L",0.00,0,,,,0.00,793.50,0,0.00,30,"Kelyn Barahona",24,OFICINA,,,0,B_OTRO_REDUCTOR,,aplicacion_pagos.updated_at,NO,
17420,13223,000-001-01-00028245,"HECTOR S OFFICE",0.00,0,,,,0.00,1850.00,0,0.00,27,"Ana Pineda",115,"Erling Peralta",,,0,B_OTRO_REDUCTOR,,aplicacion_pagos.updated_at,SI,
18483,13588,000-001-01-00028610,"BANCO ATLANTIDA",0.00,0,,,,0.00,70380.00,0,0.00,57,"Josue Cerritos",36,"Angel Villela",,,0,B_OTRO_REDUCTOR,,aplicacion_pagos.updated_at,NO,
18353,13796,000-001-01-00028818,"HOSPITAL ESCUELA",0.00,0,,,,0.00,88832.28,0,0.00,57,"Josue Cerritos",36,"Angel Villela",,,0,B_OTRO_REDUCTOR,,aplicacion_pagos.updated_at,NO,
19719,14976,000-001-01-00029955,"BANCO CENTRAL DE HONDURAS",0.00,0,,,,0.00,22231.80,0,0.00,58,"Daniela Torres",36,"Angel Villela",,,0,B_OTRO_REDUCTOR,,aplicacion_pagos.updated_at,NO,
20198,15074,000-001-01-00030053,"PAPELERIA LA PROFE",0.00,0,,,,0.00,785680.00,0,0.00,27,"Ana Pineda",14,"Sulay Pineda",,,0,B_OTRO_REDUCTOR,,aplicacion_pagos.updated_at,SI,
20034,15201,000-001-01-00030180,"ASOCIACION DE VENDEDORES DEL MERCADO ZONAL BELÈN/ BODEGA SAN JUAN",0.00,0,,,,0.00,906.30,0,0.00,27,"Ana Pineda",120,"CHRISTIAN ESTRADA",,,0,B_OTRO_REDUCTOR,,aplicacion_pagos.updated_at,SI,
22350,15416,000-001-01-00030394,"MISION BUENAS  NUEVAS HONDURAS",0.00,0,,,,0.00,25000.00,0,0.00,30,"Kelyn Barahona",24,OFICINA,,,0,B_OTRO_REDUCTOR,,aplicacion_pagos.updated_at,NO,
22351,16039,000-001-01-00031013,"MISION BUENAS  NUEVAS HONDURAS",0.00,0,,,,0.00,25000.00,0,0.00,30,"Kelyn Barahona",24,OFICINA,,,0,B_OTRO_REDUCTOR,,aplicacion_pagos.updated_at,NO,
21660,16455,000-001-01-00031426,"ABARROTERIA WAI MING",0.00,0,,,,0.00,5200.00,0,0.00,27,"Ana Pineda",120,"CHRISTIAN ESTRADA",,,0,B_OTRO_REDUCTOR,,aplicacion_pagos.updated_at,SI,
22352,16469,000-001-01-00031440,"MISION BUENAS  NUEVAS HONDURAS",0.00,0,,,,0.00,25000.00,0,0.00,30,"Kelyn Barahona",24,OFICINA,,,0,B_OTRO_REDUCTOR,,aplicacion_pagos.updated_at,NO,
21548,16562,000-001-01-00031533,"SECRETARIA DE ESTADO PARA EL DESARR. Y SEGUIMIENTO / SEDESPA",0.00,0,,,,0.00,10408.97,0,0.00,30,"Kelyn Barahona",24,OFICINA,,,0,B_OTRO_REDUCTOR,,aplicacion_pagos.updated_at,NO,
21821,16742,000-001-01-00031710,"HOSPITAL ESCUELA",0.00,0,,,,0.00,88832.28,0,0.00,58,"Daniela Torres",36,"Angel Villela",,,0,B_OTRO_REDUCTOR,,aplicacion_pagos.updated_at,NO,
22362,17290,000-001-01-00032251,"HOSPITAL ESCUELA",0.00,0,,,,0.00,231545.60,0,0.00,58,"Daniela Torres",36,"Angel Villela",,,0,B_OTRO_REDUCTOR,,aplicacion_pagos.updated_at,NO,
24264,18270,000-001-01-00033217,"INVERSIONES FERNANDO",0.00,0,,,,0.00,855600.00,0,0.00,30,"Kelyn Barahona",4,"Roy Zelaya",,,0,B_OTRO_REDUCTOR,,aplicacion_pagos.updated_at,NO,
27336,21450,000-001-01-00036386,"MINISTERIO PUBLICO",0.00,0,,,,0.00,51313.46,0,0.00,58,"Daniela Torres",13,"Belinda Lopez",,,0,B_OTRO_REDUCTOR,,aplicacion_pagos.updated_at,NO,
28863,22809,000-001-01-00037737,"BANCO FINANCIERA COMERCIAL HONDUREÑA, S.A.",0.00,0,,,,0.00,44049.60,0,0.00,58,"Daniela Torres",36,"Angel Villela",,,0,B_OTRO_REDUCTOR,,aplicacion_pagos.updated_at,NO,
28688,22830,000-001-01-00037758,"PAPELERIA HONDURAS",0.00,0,,,,0.00,733700.00,0,0.00,30,"Kelyn Barahona",24,OFICINA,,,0,B_OTRO_REDUCTOR,,aplicacion_pagos.updated_at,NO,
28689,22837,000-001-01-00037765,"PAPELERIA HONDURAS",0.00,0,,,,0.00,920000.00,0,0.00,30,"Kelyn Barahona",24,OFICINA,,,0,B_OTRO_REDUCTOR,,aplicacion_pagos.updated_at,NO,
30639,24331,000-001-01-00039259,"CREDITO EMPLEADOS",0.00,0,,,,0.00,622.94,0,0.00,64,"Kevin Nuñez",24,OFICINA,,,0,B_OTRO_REDUCTOR,,aplicacion_pagos.updated_at,NO,
30724,24412,000-001-01-00039338,"DISTRIBUCIONES M & K S. DE R,L.",0.00,0,,,,0.00,341550.00,0,0.00,57,"Josue Cerritos",24,OFICINA,,,0,B_OTRO_REDUCTOR,,aplicacion_pagos.updated_at,NO,
32982,25989,000-001-01-00040905,"BANCO ATLANTIDA",0.00,0,,,,0.00,33150.36,0,0.00,89,"Jonathan Lopez",36,"Angel Villela",,,0,B_OTRO_REDUCTOR,,aplicacion_pagos.updated_at,NO,
33437,26378,000-001-01-00041294,"TECNO SB SOLUCIONES",0.00,0,,,,0.00,1639.44,0,0.00,64,"Kevin Nuñez",115,"Erling Peralta",,,0,B_OTRO_REDUCTOR,,aplicacion_pagos.updated_at,NO,
10578,10309,000-001-01-00025630,"SECRETARIA DE SALUD",0.00,0,,0024-07-17,"2024-08-17 10:51:14",77905.80,0.00,1,0.00,27,"Ana Pineda",24,OFICINA,,,0,A_ABONO_ACTIVO,0024-07-17,abonos_creditos.fecha_pago,SI,"2024-08-17 10:51:14"
33734,26558,000-001-01-00041474,"ABARROTERIA ENMANUEL",0.00,0,,0026-04-09,"2026-04-15 12:49:05",1426.23,0.00,0,0.00,86,"Jose Luque Vendedor",87,"Mauricio Zavala",,,0,A_ABONO_ACTIVO,0026-04-09,abonos_creditos.fecha_pago,NO,"2026-04-15 12:49:05"
9807,465,000-001-01-00019394,"DIRECCION DE CIENCIA Y TECNOLOGIA AGROPECUARIA",0.00,0,,2022-10-19,"2024-11-05 15:29:14",12601.48,0.00,1,0.00,19,"Juan Betancourth",19,"Juan Betancourth",,,0,A_ABONO_ACTIVO,2022-10-19,abonos_creditos.fecha_pago,NO,"2024-11-05 15:29:14"
16823,43,000-001-01-00000018,"HOSPITAL MILITAR",0.00,0,,2022-10-22,"2024-11-06 14:08:18",52246.52,0.00,1,0.00,12,"Williams Villalta",103,"Williams Facturador",,,0,A_ABONO_ACTIVO,2022-10-22,abonos_creditos.fecha_pago,NO,"2024-11-06 14:08:18"
3972,335,000-001-01-00019329,"MINISTERIO PUBLICO",0.00,0,,2022-11-04,"2024-11-06 14:28:45",114404.78,0.00,1,0.00,4,"Roy Zelaya",103,"Williams Facturador",,,0,A_ABONO_ACTIVO,2022-11-04,abonos_creditos.fecha_pago,NO,"2024-11-06 14:28:45"
11022,272,000-001-01-00019297,"SERVICIO AUTÓNOMO NACIONAL DE ACUEDUCTOS Y ALCANTARILLADO (SANAA)",0.00,0,,2022-11-11,"2024-10-24 16:41:00",2712.62,0.00,1,0.00,9,"Claudia Sabillon",9,"Claudia Sabillon",,,0,A_ABONO_ACTIVO,2022-11-11,abonos_creditos.fecha_pago,NO,"2024-10-24 16:41:00"
11029,778,000-001-01-00019550,"SERVICIO AUTÓNOMO NACIONAL DE ACUEDUCTOS Y ALCANTARILLADO (SANAA)",0.00,0,,2022-12-07,"2024-11-04 14:47:50",10100.65,0.00,1,0.00,8,"Francis Andino",9,"Claudia Sabillon",,,0,A_ABONO_ACTIVO,2022-12-07,abonos_creditos.fecha_pago,NO,"2024-11-04 14:47:50"
11032,795,000-001-01-00019558,"SERVICIO AUTÓNOMO NACIONAL DE ACUEDUCTOS Y ALCANTARILLADO (SANAA)",0.00,0,,2022-12-07,"2024-11-04 14:45:13",3060.22,0.00,1,0.00,8,"Francis Andino",9,"Claudia Sabillon",,,0,A_ABONO_ACTIVO,2022-12-07,abonos_creditos.fecha_pago,NO,"2024-11-04 14:45:15"
8034,1108,000-001-01-00019715,"INSTITUTO NACIONAL DE FORMACION PROFESIONAL",0.00,0,,2022-12-10,"2024-11-06 14:11:39",32500.00,0.00,1,0.00,27,"Ana Pineda",103,"Williams Facturador",,,0,A_ABONO_ACTIVO,2022-12-10,abonos_creditos.fecha_pago,SI,"2024-11-06 14:11:39"
8035,1113,000-001-01-00019717,"INSTITUTO NACIONAL DE FORMACION PROFESIONAL",0.00,0,,2022-12-13,"2024-11-06 14:10:42",198910.00,0.00,1,0.00,27,"Ana Pineda",103,"Williams Facturador",,,0,A_ABONO_ACTIVO,2022-12-13,abonos_creditos.fecha_pago,SI,"2024-11-06 14:10:42"
11036,1660,000-001-01-00019991,"SERVICIO AUTÓNOMO NACIONAL DE ACUEDUCTOS Y ALCANTARILLADO (SANAA)",0.00,0,,2022-12-14,"2024-11-11 15:15:45",11113.95,0.00,1,0.00,8,"Francis Andino",9,"Claudia Sabillon",,,0,A_ABONO_ACTIVO,2022-12-14,abonos_creditos.fecha_pago,NO,"2024-11-11 15:15:45"
8036,1503,000-001-01-00019912,"INSTITUTO NACIONAL DE FORMACION PROFESIONAL",0.00,0,,2022-12-15,"2024-11-06 14:12:38",2375.00,0.00,1,0.00,27,"Ana Pineda",103,"Williams Facturador",,,0,A_ABONO_ACTIVO,2022-12-15,abonos_creditos.fecha_pago,SI,"2024-11-06 14:12:38"
11033,1324,000-001-01-00019823,"SERVICIO AUTÓNOMO NACIONAL DE ACUEDUCTOS Y ALCANTARILLADO (SANAA)",0.00,0,,2022-12-20,"2024-11-04 14:49:07",4673.26,0.00,1,0.00,8,"Francis Andino",9,"Claudia Sabillon",,,0,A_ABONO_ACTIVO,2022-12-20,abonos_creditos.fecha_pago,NO,"2024-11-04 14:49:07"
5747,1651,000-001-01-00019986,"SECRETARIA DE EDUCACION",0.00,0,,2022-12-29,"2024-11-12 11:24:28",13487.00,0.00,1,0.00,27,"Ana Pineda",103,"Williams Facturador",,,0,A_ABONO_ACTIVO,2022-12-29,abonos_creditos.fecha_pago,SI,"2024-11-12 11:24:28"
5748,1652,000-001-01-00019987,"SECRETARIA DE EDUCACION",0.00,0,,2022-12-29,"2024-11-12 11:23:36",693.32,0.00,1,0.00,27,"Ana Pineda",103,"Williams Facturador",,,0,A_ABONO_ACTIVO,2022-12-29,abonos_creditos.fecha_pago,SI,"2024-11-12 11:23:36"
3982,1744,000-001-01-00020030,"MINISTERIO PUBLICO",0.00,0,,2023-01-25,"2024-11-12 11:19:56",216248.02,0.00,1,0.00,27,"Ana Pineda",103,"Williams Facturador",,,0,A_ABONO_ACTIVO,2023-01-25,abonos_creditos.fecha_pago,SI,"2024-11-12 11:19:56"
3983,1756,000-001-01-00020036,"MINISTERIO PUBLICO",0.00,0,,2023-02-01,"2024-11-12 11:20:50",73062.80,0.00,1,0.00,27,"Ana Pineda",103,"Williams Facturador",,,0,A_ABONO_ACTIVO,2023-02-01,abonos_creditos.fecha_pago,SI,"2024-11-12 11:20:50"
11699,5938,000-001-01-00022176,"IMPORTADORA LA VICTORIA S DE R.L",0.00,0,,2023-02-06,"2024-11-15 18:33:46",88388.29,0.00,0,1000.00,27,"Ana Pineda",115,"Erling Peralta",,,0,A_ABONO_ACTIVO,2023-02-06,abonos_creditos.fecha_pago,SI,"2024-11-15 18:34:19"
18022,2302,000-001-01-00020309,"PULPERIA LOS PINOS",0.00,0,,2023-02-18,"2024-11-11 16:34:16",9748.47,0.00,0,9702.55,27,"Ana Pineda",14,"Sulay Pineda",,,0,A_ABONO_ACTIVO,2023-02-18,abonos_creditos.fecha_pago,SI,"2024-11-11 16:37:37"
5309,1663,000-001-01-00019992,"PAPELERIA ELYON",0.00,0,,2023-02-20,"2024-05-14 15:11:22",24050.21,0.00,0,9504.00,27,"Ana Pineda",14,"Sulay Pineda",,,0,A_ABONO_ACTIVO,2023-02-20,abonos_creditos.fecha_pago,SI,"2024-05-14 15:11:44"
17613,1757,000-001-01-00020037,"SECRETARIA DE SEGURIDAD",0.00,0,,2023-03-08,"2024-11-12 11:27:16",67519.82,0.00,1,0.00,27,"Ana Pineda",103,"Williams Facturador",,,0,A_ABONO_ACTIVO,2023-03-08,abonos_creditos.fecha_pago,SI,"2024-11-12 11:27:16"
10650,2255,000-001-01-00020286,"UNIDAD MUNICIPAL DE AGUA POTABLE Y SANEAMIENTO DEL DISTRITO CENTRAL(UMAPS)",0.00,0,,2023-03-11,"2024-11-12 11:32:00",33282.00,0.00,1,0.00,30,"Kelyn Barahona",103,"Williams Facturador",,,0,A_ABONO_ACTIVO,2023-03-11,abonos_creditos.fecha_pago,NO,"2024-11-12 11:32:00"
17614,1851,000-001-01-00020084,"SECRETARIA DE SEGURIDAD",0.00,0,,2023-04-14,"2024-11-12 11:28:02",7513.20,0.00,1,0.00,30,"Kelyn Barahona",103,"Williams Facturador",,,0,A_ABONO_ACTIVO,2023-04-14,abonos_creditos.fecha_pago,NO,"2024-11-12 11:28:02"
17615,2164,000-001-01-00020240,"SECRETARIA DE SEGURIDAD",0.00,0,,2023-04-14,"2024-11-12 11:28:59",11898.83,0.00,1,0.00,30,"Kelyn Barahona",103,"Williams Facturador",,,0,A_ABONO_ACTIVO,2023-04-14,abonos_creditos.fecha_pago,NO,"2024-11-12 11:28:59"
9770,3003,000-001-01-00020725,"DIRECCION DEPARTAMENTAL DE EDUCACION DE FRANCISCO MORAZAN",0.00,0,,2023-04-18,"2024-10-29 14:28:56",65707.80,0.00,1,0.00,4,"Roy Zelaya",24,OFICINA,,,0,A_ABONO_ACTIVO,2023-04-18,abonos_creditos.fecha_pago,NO,"2024-10-29 14:28:56"
9771,3021,000-001-01-00020734,"DIRECCION DEPARTAMENTAL DE EDUCACION DE FRANCISCO MORAZAN",0.00,0,,2023-04-18,"2024-10-29 14:30:09",22199.76,0.00,1,0.00,32,"Soary Arleth",24,OFICINA,,,0,A_ABONO_ACTIVO,2023-04-18,abonos_creditos.fecha_pago,NO,"2024-10-29 14:30:09"
17616,3623,000-001-01-00021032,"SECRETARIA DE SEGURIDAD",0.00,0,,2023-05-08,"2024-11-23 10:53:09",43466.50,0.00,1,0.00,30,"Kelyn Barahona",13,"Belinda Lopez",,,0,A_ABONO_ACTIVO,2023-05-08,abonos_creditos.fecha_pago,NO,"2024-11-23 10:53:09"
13223,3786,000-001-01-00021122,"PROGRAMA NACIONAL PARA LA REDUCCION DE PERDIDAS/PRNP",0.00,0,,2023-05-31,"2024-11-26 11:49:02",213979.44,0.00,1,0.00,30,"Kelyn Barahona",103,"Williams Facturador",,,0,A_ABONO_ACTIVO,2023-05-31,abonos_creditos.fecha_pago,NO,"2024-11-26 11:49:02"
17617,3640,000-001-01-00021037,"SECRETARIA DE SEGURIDAD",0.00,0,,2023-06-02,"2024-11-23 10:57:46",123420.00,0.00,1,0.00,30,"Kelyn Barahona",103,"Williams Facturador",,,0,A_ABONO_ACTIVO,2023-06-02,abonos_creditos.fecha_pago,NO,"2024-11-23 10:57:46"
5868,3775,000-001-01-00021116,"SECRETARIA DE TRABAJO Y SEGURIDAD SOCIAL",0.00,0,,2023-06-19,"2024-11-26 16:50:38",99552.00,0.00,1,0.00,30,"Kelyn Barahona",103,"Williams Facturador",,,0,A_ABONO_ACTIVO,2023-06-19,abonos_creditos.fecha_pago,NO,"2024-11-26 16:50:38"
8348,4360,000-001-01-00021396,"AGENCIA REGULACION SANITARIA",0.00,0,,2023-06-22,"2024-10-14 16:33:03",30913.56,0.00,1,0.00,30,"Kelyn Barahona",103,"Williams Facturador",,,0,A_ABONO_ACTIVO,2023-06-22,abonos_creditos.fecha_pago,NO,"2024-10-14 16:33:03"
5215,4511,000-001-01-00021469,"LIBRERIA Y PAPELERIA  C Y M",0.00,0,,2023-07-05,"2024-10-25 14:32:48",1690.50,563.50,0,0.00,30,"Kelyn Barahona",13,"Belinda Lopez",,,0,A_ABONO_ACTIVO,2023-07-05,abonos_creditos.fecha_pago,NO,"2024-10-25 14:32:48"
10570,4021,000-001-01-00021219,"SECRETARIA DE ESTADO EN EL DESPACHO DE DERECHOS HUMANOS",0.00,0,,2023-07-18,"2024-11-26 17:01:36",25464.00,0.00,1,0.00,30,"Kelyn Barahona",13,"Belinda Lopez",,,0,A_ABONO_ACTIVO,2023-07-18,abonos_creditos.fecha_pago,NO,"2024-11-26 17:01:36"
5812,4065,000-001-01-00021246,"SECRETARIA DE ESTADO EN LOS  DESPACHO DE LA PRESIDENCIA",0.00,0,,2023-07-18,"2024-11-26 17:03:20",158204.00,0.00,1,0.00,30,"Kelyn Barahona",103,"Williams Facturador",,,0,A_ABONO_ACTIVO,2023-07-18,abonos_creditos.fecha_pago,NO,"2024-11-26 17:03:20"
9772,4488,000-001-01-00021452,"DIRECCION DEPARTAMENTAL DE EDUCACION DE FRANCISCO MORAZAN",0.00,0,,2023-07-18,"2024-10-17 14:47:38",143116.80,0.00,1,0.00,8,"Francis Andino",4,"Roy Zelaya",,,0,A_ABONO_ACTIVO,2023-07-18,abonos_creditos.fecha_pago,NO,"2024-10-17 14:47:38"
1717,4375,000-001-01-00021417,"DISTRIBUCIONES Y REPRESENTACIONES GENERALES S. DE R.L. DE C.V. DIRGEN",0.00,0,,2023-07-20,"2024-10-17 15:29:35",3990.50,17880.66,0,0.00,27,"Ana Pineda",115,"Erling Peralta",,,0,A_ABONO_ACTIVO,2023-07-20,abonos_creditos.fecha_pago,SI,"2024-10-17 15:29:35"
16405,4839,000-001-01-00021643,"AGENCIA HONDUREÑA DE AERONAUTICA CIVIL",0.00,0,,2023-07-20,"2024-10-07 16:31:44",177536.92,0.00,1,0.00,30,"Kelyn Barahona",13,"Belinda Lopez",,,0,A_ABONO_ACTIVO,2023-07-20,abonos_creditos.fecha_pago,NO,"2024-10-07 16:31:48"
3985,3859,000-001-01-00021152,"MINISTERIO PUBLICO",0.00,0,,2023-07-24,"2024-11-22 11:35:41",33298.00,0.00,1,0.00,30,"Kelyn Barahona",103,"Williams Facturador",,,0,A_ABONO_ACTIVO,2023-07-24,abonos_creditos.fecha_pago,NO,"2024-11-22 11:35:41"
3986,3906,000-001-01-00021173,"MINISTERIO PUBLICO",0.00,0,,2023-07-24,"2024-11-22 12:03:36",63827.00,0.00,1,0.00,30,"Kelyn Barahona",103,"Williams Facturador",,,0,A_ABONO_ACTIVO,2023-07-24,abonos_creditos.fecha_pago,NO,"2024-11-22 12:03:36"
3987,3962,000-001-01-00021194,"MINISTERIO PUBLICO",0.00,0,,2023-07-26,"2024-11-22 13:10:29",221620.80,0.00,1,0.00,30,"Kelyn Barahona",103,"Williams Facturador",,,0,A_ABONO_ACTIVO,2023-07-26,abonos_creditos.fecha_pago,NO,"2024-11-22 13:10:29"
6969,4403,000-001-01-00021418,"COMISION NACIONAL DE BANCOS Y SEGUROS",0.00,0,,2023-07-27,"2024-10-15 13:36:07",132595.34,0.00,1,0.00,27,"Ana Pineda",37,"Olga Oseguera",,,0,A_ABONO_ACTIVO,2023-07-27,abonos_creditos.fecha_pago,SI,"2024-10-15 13:36:07"
16406,4854,000-001-01-00021653,"AGENCIA HONDUREÑA DE AERONAUTICA CIVIL",0.00,0,,2023-08-16,"2024-10-07 16:33:07",85548.15,0.00,1,0.00,30,"Kelyn Barahona",13,"Belinda Lopez",,,0,A_ABONO_ACTIVO,2023-08-16,abonos_creditos.fecha_pago,NO,"2024-10-07 16:33:07"
17618,4034,000-001-01-00021230,"SECRETARIA DE SEGURIDAD",0.00,0,,2023-08-17,"2024-11-23 10:59:48",204674.64,0.00,1,0.00,30,"Kelyn Barahona",103,"Williams Facturador",,,0,A_ABONO_ACTIVO,2023-08-17,abonos_creditos.fecha_pago,NO,"2024-11-23 10:59:48"
12972,4483,000-001-01-00021474,"CASA QUAN",0.00,0,,2023-08-24,"2024-10-15 09:50:17",1872.33,524.40,0,0.00,27,"Ana Pineda",22,"Wendy Munguia",,,0,A_ABONO_ACTIVO,2023-08-24,abonos_creditos.fecha_pago,SI,"2024-10-15 09:50:17"
3989,5387,000-001-01-00021921,"MINISTERIO PUBLICO",0.00,0,,2023-09-08,"2024-11-01 15:01:08",228480.00,0.00,1,0.00,30,"Kelyn Barahona",103,"Williams Facturador",,,0,A_ABONO_ACTIVO,2023-09-08,abonos_creditos.fecha_pago,NO,"2024-11-01 15:01:08"
5319,5230,000-001-01-00021833,"PAPELERIA ELYON",0.00,0,,2023-09-13,"2024-05-14 15:21:01",16972.58,0.00,0,341.55,27,"Ana Pineda",14,"Sulay Pineda",,,0,A_ABONO_ACTIVO,2023-09-13,abonos_creditos.fecha_pago,SI,"2024-05-14 15:21:27"
2923,5767,000-001-01-00022110,"COPIAS Y MAS  ZABDI",0.00,0,,2023-09-13,"2024-08-21 11:55:39",1759.86,1184.04,0,0.00,27,"Ana Pineda",115,"Erling Peralta",,,0,A_ABONO_ACTIVO,2023-09-13,abonos_creditos.fecha_pago,SI,"2024-08-21 11:55:39"
6184,5213,000-001-01-00021827,"PROCURADURIA GENERAL DE LA REPUBLICA",0.00,0,,2023-09-19,"2024-11-01 10:58:24",26500.72,0.00,1,0.00,30,"Kelyn Barahona",103,"Williams Facturador",,,0,A_ABONO_ACTIVO,2023-09-19,abonos_creditos.fecha_pago,NO,"2024-11-01 10:58:24"
9089,6148,000-001-01-00022287,"ALCALDIA MUNICIPAL DE PUERTO CORTES",0.00,0,,2023-10-14,"2024-08-22 13:36:11",17105.10,0.00,1,0.00,57,"Josue Cerritos",24,OFICINA,,,0,A_ABONO_ACTIVO,2023-10-14,abonos_creditos.fecha_pago,NO,"2024-08-22 13:36:11"
3990,5702,000-001-01-00022066,"MINISTERIO PUBLICO",0.00,0,,2023-10-17,"2024-08-29 11:18:32",4944.00,0.00,1,0.00,30,"Kelyn Barahona",103,"Williams Facturador",,,0,A_ABONO_ACTIVO,2023-10-17,abonos_creditos.fecha_pago,NO,"2024-08-29 11:18:32"
9752,6133,000-001-01-00022278,"SECRETARIA DE ESTADO EN EL DESPACHO DE ENERGIA",0.00,0,,2023-10-17,"2025-04-23 13:41:01",1758.76,0.00,1,0.00,57,"Josue Cerritos",24,OFICINA,,,0,A_ABONO_ACTIVO,2023-10-17,abonos_creditos.fecha_pago,NO,"2025-04-23 13:41:01"
10710,6446,000-001-01-00022451,"HELADOS  Y MAS",0.00,0,,2023-10-28,"2024-08-28 16:01:46",13311.00,0.00,0,0.91,58,"Daniela Torres",14,"Sulay Pineda",,,0,A_ABONO_ACTIVO,2023-10-28,abonos_creditos.fecha_pago,NO,"2024-11-01 14:50:45"
3991,6135,000-001-01-00022280,"MINISTERIO PUBLICO",0.00,0,,2023-11-07,"2024-08-26 16:08:04",5241.00,0.00,1,0.00,27,"Ana Pineda",24,OFICINA,,,0,A_ABONO_ACTIVO,2023-11-07,abonos_creditos.fecha_pago,SI,"2024-08-26 16:08:04"
3992,6136,000-001-01-00022281,"MINISTERIO PUBLICO",0.00,0,,2023-11-07,"2024-08-26 16:06:36",5585.00,0.00,1,0.00,27,"Ana Pineda",24,OFICINA,,,0,A_ABONO_ACTIVO,2023-11-07,abonos_creditos.fecha_pago,SI,"2024-08-26 16:06:36"
9090,6659,000-001-01-00022547,"ALCALDIA MUNICIPAL DE PUERTO CORTES",0.00,0,,2023-11-08,"2024-08-22 13:38:44",22871.00,0.00,1,0.00,8,"Francis Andino",24,OFICINA,,,0,A_ABONO_ACTIVO,2023-11-08,abonos_creditos.fecha_pago,NO,"2024-08-22 13:38:44"
4599,4155,000-001-01-00021303,"DISTRIBUIDORA VENECIA",0.00,0,,2023-11-13,"2024-04-29 16:51:56",313901.00,0.00,0,17920.00,27,"Ana Pineda",24,OFICINA,,,0,A_ABONO_ACTIVO,2023-11-13,abonos_creditos.fecha_pago,SI,"2024-04-29 16:52:32"
9714,6398,000-001-01-00022420,"SECRETARIA DE INFRAESTRUCTURA Y TRANSPORTE",0.00,0,,2023-11-16,"2024-08-27 14:03:12",20724.00,0.00,1,0.00,8,"Francis Andino",24,OFICINA,,,0,A_ABONO_ACTIVO,2023-11-16,abonos_creditos.fecha_pago,NO,"2024-08-27 14:03:12"
8519,6469,000-001-01-00022464,"TRIBUNAL SUPERIOR DE CUENTAS",0.00,0,,2023-11-16,"2024-08-27 16:39:51",39474.40,0.00,1,0.00,27,"Ana Pineda",24,OFICINA,,,0,A_ABONO_ACTIVO,2023-11-16,abonos_creditos.fecha_pago,SI,"2024-08-27 16:39:51"
9697,6535,000-001-01-00022491,"SECRETARIA DE ESTADO EN LOS DESPACHOS DE NIÑEZ, ADOLESCENCIA Y FAMILIA",0.00,0,,2023-11-16,"2024-08-27 13:41:52",6376.00,0.00,1,0.00,27,"Ana Pineda",24,OFICINA,,,0,A_ABONO_ACTIVO,2023-11-16,abonos_creditos.fecha_pago,SI,"2024-08-27 13:41:52"
9699,6539,000-001-01-00022494,"SECRETARIA DE ESTADO EN LOS DESPACHOS DE NIÑEZ, ADOLESCENCIA Y FAMILIA",0.00,0,,2023-11-16,"2024-08-27 13:39:48",12972.00,0.00,1,0.00,27,"Ana Pineda",24,OFICINA,,,0,A_ABONO_ACTIVO,2023-11-16,abonos_creditos.fecha_pago,SI,"2024-08-27 13:39:49"
9700,6541,000-001-01-00022496,"SECRETARIA DE ESTADO EN LOS DESPACHOS DE NIÑEZ, ADOLESCENCIA Y FAMILIA",0.00,0,,2023-11-16,"2024-08-27 13:35:14",7466.40,0.00,1,0.00,27,"Ana Pineda",24,OFICINA,,,0,A_ABONO_ACTIVO,2023-11-16,abonos_creditos.fecha_pago,SI,"2024-08-27 13:35:14"
9701,6545,000-001-01-00022500,"SECRETARIA DE ESTADO EN LOS DESPACHOS DE NIÑEZ, ADOLESCENCIA Y FAMILIA",0.00,0,,2023-11-16,"2024-08-27 13:31:39",26036.48,0.00,1,0.00,27,"Ana Pineda",24,OFICINA,,,0,A_ABONO_ACTIVO,2023-11-16,abonos_creditos.fecha_pago,SI,"2024-08-27 13:31:39"
9702,6567,000-001-01-00022508,"SECRETARIA DE ESTADO EN LOS DESPACHOS DE NIÑEZ, ADOLESCENCIA Y FAMILIA",0.00,0,,2023-11-16,"2024-08-27 13:29:54",20892.80,0.00,1,0.00,8,"Francis Andino",24,OFICINA,,,0,A_ABONO_ACTIVO,2023-11-16,abonos_creditos.fecha_pago,NO,"2024-08-27 13:29:54"
5849,6643,000-001-01-00022535,"SERVICIO DE ADMINISTRACION DE RENTAS",0.00,0,,2023-11-16,"2024-08-27 16:10:18",9566.40,0.00,1,0.00,8,"Francis Andino",24,OFICINA,,,0,A_ABONO_ACTIVO,2023-11-16,abonos_creditos.fecha_pago,NO,"2024-08-27 16:10:18"
3994,6424,000-001-01-00022436,"MINISTERIO PUBLICO",0.00,0,,2023-11-28,"2024-08-26 16:12:50",37020.00,0.00,1,0.00,8,"Francis Andino",24,OFICINA,,,0,A_ABONO_ACTIVO,2023-11-28,abonos_creditos.fecha_pago,NO,"2024-08-26 16:12:50"
3995,6425,000-001-01-00022437,"MINISTERIO PUBLICO",0.00,0,,2023-11-28,"2024-08-26 16:11:49",16888.00,0.00,1,0.00,8,"Francis Andino",24,OFICINA,,,0,A_ABONO_ACTIVO,2023-11-28,abonos_creditos.fecha_pago,NO,"2024-08-26 16:11:49"
3996,6426,000-001-01-00022438,"MINISTERIO PUBLICO",0.00,0,,2023-11-28,"2024-08-26 16:10:50",10116.00,0.00,1,0.00,8,"Francis Andino",24,OFICINA,,,0,A_ABONO_ACTIVO,2023-11-28,abonos_creditos.fecha_pago,NO,"2024-08-26 16:10:50"
3997,6445,000-001-01-00022450,"MINISTERIO PUBLICO",0.00,0,,2023-11-28,"2024-08-26 16:13:50",2069.00,0.00,1,0.00,27,"Ana Pineda",24,OFICINA,,,0,A_ABONO_ACTIVO,2023-11-28,abonos_creditos.fecha_pago,SI,"2024-08-26 16:13:50"
5877,6429,000-001-01-00022441,"BANCO NACIONAL DE DESARROLLO AGRICOLA",0.00,0,,2023-11-30,"2024-08-22 16:36:57",7222.00,0.00,1,0.00,27,"Ana Pineda",24,OFICINA,,,0,A_ABONO_ACTIVO,2023-11-30,abonos_creditos.fecha_pago,SI,"2024-08-22 16:36:57"
5878,6432,000-001-01-00022443,"BANCO NACIONAL DE DESARROLLO AGRICOLA",0.00,0,,2023-11-30,"2024-08-22 16:38:03",41888.00,0.00,1,0.00,27,"Ana Pineda",24,OFICINA,,,0,A_ABONO_ACTIVO,2023-11-30,abonos_creditos.fecha_pago,SI,"2024-08-22 16:38:03"
7998,6441,000-001-01-00022448,"INSTITUTO NACIONAL CARDIOPULMONAR TÓRAX",0.00,0,,2023-12-01,"2024-08-26 11:36:43",4937.60,0.00,1,0.00,27,"Ana Pineda",24,OFICINA,,,0,A_ABONO_ACTIVO,2023-12-01,abonos_creditos.fecha_pago,SI,"2024-08-26 11:36:43"
7999,6459,000-001-01-00022460,"INSTITUTO NACIONAL CARDIOPULMONAR TÓRAX",0.00,0,,2023-12-01,"2024-08-26 11:37:48",25165.20,0.00,1,0.00,27,"Ana Pineda",24,OFICINA,,,0,A_ABONO_ACTIVO,2023-12-01,abonos_creditos.fecha_pago,SI,"2024-08-26 11:37:48"
5690,6754,000-001-01-00022613,"SECRETARIA DE SALUD",0.00,0,,2023-12-01,"2024-08-27 14:56:21",7019.52,0.00,1,0.00,27,"Ana Pineda",24,OFICINA,,,0,A_ABONO_ACTIVO,2023-12-01,abonos_creditos.fecha_pago,SI,"2024-08-27 14:56:21"
5706,7414,000-001-01-00023094,"SECRETARIA DE SALUD",0.00,0,,2023-12-06,"2024-08-27 15:19:32",6744.00,0.00,1,0.00,8,"Francis Andino",24,OFICINA,,,0,A_ABONO_ACTIVO,2023-12-06,abonos_creditos.fecha_pago,NO,"2024-08-27 15:19:32"
8042,6476,000-001-01-00022469,"INSTITUTO NACIONAL DE FORMACION PROFESIONAL",0.00,0,,2023-12-12,"2024-08-26 11:56:56",4468.00,0.00,1,0.00,27,"Ana Pineda",24,OFICINA,,,0,A_ABONO_ACTIVO,2023-12-12,abonos_creditos.fecha_pago,SI,"2024-08-26 11:56:57"
5691,6836,000-001-01-00022654,"SECRETARIA DE SALUD",0.00,0,,2023-12-13,"2024-08-27 15:03:10",260758.05,0.00,1,0.00,8,"Francis Andino",24,OFICINA,,,0,A_ABONO_ACTIVO,2023-12-13,abonos_creditos.fecha_pago,NO,"2024-08-27 15:03:10"
9703,6939,000-001-01-00022719,"SECRETARIA DE ESTADO EN LOS DESPACHOS DE NIÑEZ, ADOLESCENCIA Y FAMILIA",0.00,0,,2023-12-13,"2024-08-27 13:42:51",6713.00,0.00,1,0.00,27,"Ana Pineda",24,OFICINA,,,0,A_ABONO_ACTIVO,2023-12-13,abonos_creditos.fecha_pago,SI,"2024-08-27 13:42:51"
2975,6986,000-001-01-00022747,"ALCALDIA MUNICIPAL DEL DISTRITO CENTRAL",0.00,0,,2023-12-13,"2024-08-22 13:55:43",10765.50,0.00,1,0.00,8,"Francis Andino",24,OFICINA,,,0,A_ABONO_ACTIVO,2023-12-13,abonos_creditos.fecha_pago,NO,"2024-08-22 13:55:43"
9666,6988,000-001-01-00022748,"SECRETARIA DE ESTADO DE LAS CULTURAS,LAS ARTES /SECAPP",0.00,0,,2023-12-13,"2024-08-27 13:08:06",1286.40,0.00,1,0.00,8,"Francis Andino",24,OFICINA,,,0,A_ABONO_ACTIVO,2023-12-13,abonos_creditos.fecha_pago,NO,"2024-08-27 13:08:06"
9774,7067,000-001-01-00022814,"DIRECCION DEPARTAMENTAL DE EDUCACION DE FRANCISCO MORAZAN",0.00,0,,2023-12-13,"2024-08-24 09:20:13",21662.36,0.00,1,0.00,8,"Francis Andino",24,OFICINA,,,0,A_ABONO_ACTIVO,2023-12-13,abonos_creditos.fecha_pago,NO,"2024-08-24 09:20:13"
9753,7138,000-001-01-00022869,"SECRETARIA DE ESTADO EN EL DESPACHO DE ENERGIA",0.00,0,,2023-12-13,"2024-08-27 13:20:25",577.80,0.00,1,0.00,8,"Francis Andino",24,OFICINA,,,0,A_ABONO_ACTIVO,2023-12-13,abonos_creditos.fecha_pago,NO,"2024-08-27 13:20:25"
9754,7255,000-001-01-00022962,"SECRETARIA DE ESTADO EN EL DESPACHO DE ENERGIA",0.00,0,,2023-12-13,"2024-08-27 13:21:35",676.02,0.00,1,0.00,8,"Francis Andino",24,OFICINA,,,0,A_ABONO_ACTIVO,2023-12-13,abonos_creditos.fecha_pago,NO,"2024-08-27 13:21:35"
10010,7507,000-001-01-00023187,"INSTITUTO HONDUREÑO DE CIENCIA, TECNOLOGÍA E INNOVACIÓN",0.00,0,,2023-12-15,"2024-08-26 10:51:56",28344.00,0.00,1,0.00,27,"Ana Pineda",24,OFICINA,,,0,A_ABONO_ACTIVO,2023-12-15,abonos_creditos.fecha_pago,SI,"2024-08-26 10:51:56"
4000,6994,000-001-01-00022753,"MINISTERIO PUBLICO",0.00,0,,2023-12-19,"2024-08-26 16:16:23",5585.00,0.00,1,0.00,27,"Ana Pineda",24,OFICINA,,,0,A_ABONO_ACTIVO,2023-12-19,abonos_creditos.fecha_pago,SI,"2024-08-26 16:16:23"
9755,7398,000-001-01-00023084,"SECRETARIA DE ESTADO EN EL DESPACHO DE ENERGIA",0.00,0,,2023-12-21,"2024-08-27 13:17:15",1375.80,0.00,1,0.00,8,"Francis Andino",24,OFICINA,,,0,A_ABONO_ACTIVO,2023-12-21,abonos_creditos.fecha_pago,NO,"2024-08-27 13:17:15"
536,7300,000-001-01-00023005,"SECRETARIA DE DESARROLLO COMUNITARIO, AGUA Y SANEAMIENTO FHIS",0.00,0,,2023-12-22,"2024-08-27 11:28:45",1646.84,0.00,1,0.00,8,"Francis Andino",24,OFICINA,,,0,A_ABONO_ACTIVO,2023-12-22,abonos_creditos.fecha_pago,NO,"2024-08-27 11:28:45"
11037,7328,000-001-01-00023025,"SERVICIO AUTÓNOMO NACIONAL DE ACUEDUCTOS Y ALCANTARILLADO (SANAA)",0.00,0,,2023-12-22,"2024-08-27 16:06:53",1429.76,0.00,1,0.00,27,"Ana Pineda",24,OFICINA,,,0,A_ABONO_ACTIVO,2023-12-22,abonos_creditos.fecha_pago,SI,"2024-08-27 16:06:53"
11038,7342,000-001-01-00023039,"SERVICIO AUTÓNOMO NACIONAL DE ACUEDUCTOS Y ALCANTARILLADO (SANAA)",0.00,0,,2023-12-27,"2024-08-27 16:05:26",114787.84,0.00,1,0.00,27,"Ana Pineda",24,OFICINA,,,0,A_ABONO_ACTIVO,2023-12-27,abonos_creditos.fecha_pago,SI,"2024-08-27 16:05:26"
2974,6805,000-001-01-00022639,"ALCALDIA MUNICIPAL DEL DISTRITO CENTRAL",0.00,0,,2024-02-01,"2024-08-22 13:54:14",20232.00,0.00,1,0.00,8,"Francis Andino",24,OFICINA,,,0,A_ABONO_ACTIVO,2024-02-01,abonos_creditos.fecha_pago,NO,"2024-08-22 13:54:14"
5813,6667,000-001-01-00022552,"SECRETARIA DE ESTADO EN LOS  DESPACHO DE LA PRESIDENCIA",0.00,0,,2024-02-11,"2024-08-27 13:25:02",2373.12,0.00,1,0.00,8,"Francis Andino",24,OFICINA,,,0,A_ABONO_ACTIVO,2024-02-11,abonos_creditos.fecha_pago,NO,"2024-08-27 13:25:02"
12103,5823,000-001-01-00022135,"DISTRIBUIDORA MUÑOZ",0.00,0,,2024-02-26,"2024-07-10 11:36:40",121028.17,0.00,0,52223.93,27,"Ana Pineda",47,"Daniel Dominguez",,,0,A_ABONO_ACTIVO,2024-02-26,abonos_creditos.fecha_pago,SI,"2024-07-10 11:38:17"
16155,8629,000-001-01-00024167,"SISTEMA DE CENTROS DE INNOVACIÓN TECNOLOGÍA Y AGRÍCOLA",0.00,0,,2024-02-28,"2024-09-25 15:52:42",536.16,0.00,1,0.00,27,"Ana Pineda",24,OFICINA,,,0,A_ABONO_ACTIVO,2024-02-28,abonos_creditos.fecha_pago,SI,"2024-09-25 15:52:42"
5879,8395,000-001-01-00023975,"BANCO NACIONAL DE DESARROLLO AGRICOLA",0.00,0,,2024-02-29,"2024-09-30 11:03:19",6065.54,0.00,1,0.00,27,"Ana Pineda",24,OFICINA,,,0,A_ABONO_ACTIVO,2024-02-29,abonos_creditos.fecha_pago,SI,"2024-09-30 11:03:20"
348,8439,000-001-01-00024016,"LAPICES Y MAS",0.00,0,,2024-02-29,"2024-11-15 17:43:05",8257.40,2798.00,0,0.00,58,"Daniela Torres",115,"Erling Peralta",,,0,A_ABONO_ACTIVO,2024-02-29,abonos_creditos.fecha_pago,NO,"2024-11-15 17:43:05"
7792,8153,000-001-01-00023766,"INNOVACIONES 360",0.00,0,,2024-03-05,"2024-09-27 08:39:52",31615.11,0.00,0,204.93,57,"Josue Cerritos",14,"Sulay Pineda",,,0,A_ABONO_ACTIVO,2024-03-05,abonos_creditos.fecha_pago,NO,"2024-11-13 13:24:42"
10008,7503,000-001-01-00023183,"INSTITUTO HONDUREÑO DE CIENCIA, TECNOLOGÍA E INNOVACIÓN",0.00,0,,2024-03-06,"2024-08-26 10:58:26",6572.00,0.00,1,0.00,27,"Ana Pineda",24,OFICINA,,,0,A_ABONO_ACTIVO,2024-03-06,abonos_creditos.fecha_pago,SI,"2024-08-26 10:58:26"
4067,8671,000-001-01-00024208,"INSTITUTO NACIONAL DE PREVISION DEL MAGISTERIO",0.00,0,,2024-03-06,"2024-09-24 14:07:39",5166.00,0.00,1,0.00,27,"Ana Pineda",24,OFICINA,,,0,A_ABONO_ACTIVO,2024-03-06,abonos_creditos.fecha_pago,SI,"2024-09-24 14:07:39"
11574,7322,000-001-01-00023019,"SECRETARIA DE ESTADO PARA EL DESARR. Y SEGUIMIENTO / SEDESPA",0.00,0,,2024-03-08,"2024-08-27 13:46:02",4669.92,0.00,1,0.00,27,"Ana Pineda",24,OFICINA,,,0,A_ABONO_ACTIVO,2024-03-08,abonos_creditos.fecha_pago,SI,"2024-08-27 13:46:04"
4066,8670,000-001-01-00024207,"INSTITUTO NACIONAL DE PREVISION DEL MAGISTERIO",0.00,0,,2024-03-11,"2024-09-24 14:08:51",8377.60,0.00,1,0.00,27,"Ana Pineda",24,OFICINA,,,0,A_ABONO_ACTIVO,2024-03-11,abonos_creditos.fecha_pago,SI,"2024-09-24 14:08:51"
5697,7044,000-001-01-00022792,"SECRETARIA DE SALUD",0.00,0,,2024-03-12,"2024-08-27 15:10:13",1342.00,0.00,1,0.00,8,"Francis Andino",24,OFICINA,,,0,A_ABONO_ACTIVO,2024-03-12,abonos_creditos.fecha_pago,NO,"2024-08-27 15:10:13"
5698,7057,000-001-01-00022805,"SECRETARIA DE SALUD",0.00,0,,2024-03-12,"2024-08-27 15:08:36",1104.16,0.00,1,0.00,8,"Francis Andino",24,OFICINA,,,0,A_ABONO_ACTIVO,2024-03-12,abonos_creditos.fecha_pago,NO,"2024-08-27 15:08:36"
5701,7077,000-001-01-00022824,"SECRETARIA DE SALUD",0.00,0,,2024-03-12,"2024-08-27 15:13:05",566.40,0.00,1,0.00,27,"Ana Pineda",24,OFICINA,,,0,A_ABONO_ACTIVO,2024-03-12,abonos_creditos.fecha_pago,SI,"2024-08-27 15:13:05"
5704,7145,000-001-01-00022875,"SECRETARIA DE SALUD",0.00,0,,2024-03-12,"2024-08-27 15:17:22",869470.68,0.00,1,0.00,8,"Francis Andino",24,OFICINA,,,0,A_ABONO_ACTIVO,2024-03-12,abonos_creditos.fecha_pago,NO,"2024-08-27 15:17:22"
9669,7431,000-001-01-00023111,"SECRETARIA DE ESTADO DE LAS CULTURAS,LAS ARTES /SECAPP",0.00,0,,2024-03-15,"2024-08-27 13:09:52",94288.14,0.00,1,0.00,27,"Ana Pineda",24,OFICINA,,,0,A_ABONO_ACTIVO,2024-03-15,abonos_creditos.fecha_pago,SI,"2024-08-27 13:09:52"
5723,8767,000-001-01-00024297,"SECRETARIA DE SALUD",0.00,0,,2024-03-15,"2024-09-25 10:16:18",12348.96,0.00,1,0.00,27,"Ana Pineda",24,OFICINA,,,0,A_ABONO_ACTIVO,2024-03-15,abonos_creditos.fecha_pago,SI,"2024-09-25 10:16:18"
5841,8825,000-001-01-00024346,"SECRETARIA DE AGRICULTURA Y GANADERIA (SAG)",0.00,0,,2024-03-15,"2024-09-25 08:38:45",9513.00,0.00,1,0.00,27,"Ana Pineda",24,OFICINA,,,0,A_ABONO_ACTIVO,2024-03-15,abonos_creditos.fecha_pago,SI,"2024-09-25 08:38:45"
15971,8842,000-001-01-00024359,"DIRECCION DE ASUNTOS DISCIPLINARIOS POLICIALES",0.00,0,,2024-03-15,"2024-09-23 08:05:30",1182.16,0.00,1,0.00,30,"Kelyn Barahona",24,OFICINA,,,0,A_ABONO_ACTIVO,2024-03-15,abonos_creditos.fecha_pago,NO,"2024-09-23 08:05:30"
15972,8849,000-001-01-00024365,"DIRECCION DE ASUNTOS DISCIPLINARIOS POLICIALES",0.00,0,,2024-03-15,"2024-09-23 08:04:17",12208.32,0.00,1,0.00,30,"Kelyn Barahona",24,OFICINA,,,0,A_ABONO_ACTIVO,2024-03-15,abonos_creditos.fecha_pago,NO,"2024-09-23 08:04:17"
9663,8851,000-001-01-00024367,"SECRETARIA DE ESTADO EN EL DESPA. PLANIFICACION  ESTRATEGICA",0.00,0,,2024-03-15,"2024-09-25 09:14:05",4837.60,0.00,1,0.00,27,"Ana Pineda",24,OFICINA,,,0,A_ABONO_ACTIVO,2024-03-15,abonos_creditos.fecha_pago,SI,"2024-09-25 09:14:05"
10647,8219,000-001-01-00023820,HONDUTEL,0.00,0,,2024-03-16,"2024-10-02 10:29:29",755.20,0.00,1,0.00,27,"Ana Pineda",24,OFICINA,,,0,A_ABONO_ACTIVO,2024-03-16,abonos_creditos.fecha_pago,SI,"2024-10-02 10:29:29"
9698,6536,000-001-01-00022492,"SECRETARIA DE ESTADO EN LOS DESPACHOS DE NIÑEZ, ADOLESCENCIA Y FAMILIA",0.00,0,,2024-03-19,"2024-08-27 13:40:53",272.20,0.00,1,0.00,27,"Ana Pineda",24,OFICINA,,,0,A_ABONO_ACTIVO,2024-03-19,abonos_creditos.fecha_pago,SI,"2024-08-27 13:40:53"
13838,7304,000-001-01-00023009,"PROGRAMA NACIONAL DE DESARROLLO RURAL Y URBANO SOSTENIBLE",0.00,0,,2024-03-20,"2024-08-27 10:36:27",27773.84,0.00,1,0.00,8,"Francis Andino",24,OFICINA,,,0,A_ABONO_ACTIVO,2024-03-20,abonos_creditos.fecha_pago,NO,"2024-08-27 10:36:28"
14378,7390,000-001-01-00023076,"INSTITUTO NACIONAL DE MIGRACION",0.00,0,,2024-03-20,"2024-08-26 11:59:47",79491.20,0.00,1,0.00,27,"Ana Pineda",24,OFICINA,,,0,A_ABONO_ACTIVO,2024-03-20,abonos_creditos.fecha_pago,SI,"2024-08-26 11:59:47"
13839,7415,000-001-01-00023095,"PROGRAMA NACIONAL DE DESARROLLO RURAL Y URBANO SOSTENIBLE",0.00,0,,2024-03-20,"2024-08-27 10:39:38",2470.26,0.00,1,0.00,27,"Ana Pineda",24,OFICINA,,,0,A_ABONO_ACTIVO,2024-03-20,abonos_creditos.fecha_pago,SI,"2024-08-27 10:39:38"
9876,8856,000-001-01-00024372,"HOSPITAL ESCUELA",0.00,0,,2024-03-20,"2024-09-24 13:33:27",1594.50,0.00,1,0.00,27,"Ana Pineda",24,OFICINA,,,0,A_ABONO_ACTIVO,2024-03-20,abonos_creditos.fecha_pago,SI,"2024-11-21 08:47:05"
9718,7228,000-001-01-00022937,"SECRETARIA DE INFRAESTRUCTURA Y TRANSPORTE",0.00,0,,2024-03-21,"2024-08-27 14:15:11",63865.68,0.00,1,0.00,27,"Ana Pineda",24,OFICINA,,,0,A_ABONO_ACTIVO,2024-03-21,abonos_creditos.fecha_pago,SI,"2024-08-27 14:15:11"
9719,7232,000-001-01-00022939,"SECRETARIA DE INFRAESTRUCTURA Y TRANSPORTE",0.00,0,,2024-03-21,"2024-08-27 14:14:20",18122.00,0.00,1,0.00,27,"Ana Pineda",24,OFICINA,,,0,A_ABONO_ACTIVO,2024-03-21,abonos_creditos.fecha_pago,SI,"2024-08-27 14:14:20"
9720,7369,000-001-01-00023059,"SECRETARIA DE INFRAESTRUCTURA Y TRANSPORTE",0.00,0,,2024-03-21,"2024-08-27 14:16:17",8394.10,0.00,1,0.00,27,"Ana Pineda",24,OFICINA,,,0,A_ABONO_ACTIVO,2024-03-21,abonos_creditos.fecha_pago,SI,"2024-08-27 14:16:17"
9668,7418,000-001-01-00023098,"SECRETARIA DE ESTADO DE LAS CULTURAS,LAS ARTES /SECAPP",0.00,0,,2024-03-21,"2024-08-27 13:11:16",58355.92,0.00,1,0.00,30,"Kelyn Barahona",24,OFICINA,,,0,A_ABONO_ACTIVO,2024-03-21,abonos_creditos.fecha_pago,NO,"2024-08-27 13:11:16"
8521,8403,000-001-01-00023983,"TRIBUNAL SUPERIOR DE CUENTAS",0.00,0,,2024-03-22,"2024-10-07 10:43:55",6744.00,0.00,1,0.00,27,"Ana Pineda",24,OFICINA,,,0,A_ABONO_ACTIVO,2024-03-22,abonos_creditos.fecha_pago,SI,"2024-10-07 10:43:55"
8522,8632,000-001-01-00024170,"TRIBUNAL SUPERIOR DE CUENTAS",0.00,0,,2024-03-22,"2024-09-25 16:00:13",10116.00,0.00,1,0.00,30,"Kelyn Barahona",24,OFICINA,,,0,A_ABONO_ACTIVO,2024-03-22,abonos_creditos.fecha_pago,NO,"2024-09-25 16:00:13"
8523,8695,000-001-01-00024232,"TRIBUNAL SUPERIOR DE CUENTAS",0.00,0,,2024-03-22,"2024-09-25 16:03:16",8092.80,0.00,1,0.00,30,"Kelyn Barahona",24,OFICINA,,,0,A_ABONO_ACTIVO,2024-03-22,abonos_creditos.fecha_pago,NO,"2024-09-25 16:03:16"
6509,8270,000-001-01-00023867,"DISTRIBUIDORA DE PRODUCTOS VARIADOS ¨DIPROVA¨",0.00,0,,2024-03-25,"2024-04-30 16:16:14",143090.00,0.00,0,5000.00,58,"Daniela Torres",115,"Erling Peralta",,,0,A_ABONO_ACTIVO,2024-03-25,abonos_creditos.fecha_pago,NO,"2024-08-30 11:27:44"
305,2987,000-001-01-00020714,"LAPICES Y MAS",0.00,0,,2024-03-30,"2024-11-15 17:47:58",97701.47,0.00,0,1800.00,27,"Ana Pineda",115,"Erling Peralta",,,0,A_ABONO_ACTIVO,2024-03-30,abonos_creditos.fecha_pago,SI,"2024-11-15 18:14:57"
4009,8402,000-001-01-00023982,"MINISTERIO PUBLICO",0.00,0,,2024-04-05,"2024-04-12 13:34:39",7817.28,0.00,1,0.00,27,"Ana Pineda",24,OFICINA,,,0,A_ABONO_ACTIVO,2024-04-05,abonos_creditos.fecha_pago,SI,"2024-04-12 13:34:39"
4010,8730,000-001-01-00024263,"MINISTERIO PUBLICO",0.00,0,,2024-04-05,"2024-04-12 13:34:06",104.82,0.00,1,0.00,27,"Ana Pineda",24,OFICINA,,,0,A_ABONO_ACTIVO,2024-04-05,abonos_creditos.fecha_pago,SI,"2024-04-12 13:34:06"
4012,8738,000-001-01-00024271,"MINISTERIO PUBLICO",0.00,0,,2024-04-05,"2024-04-12 13:33:33",344.80,0.00,1,0.00,27,"Ana Pineda",24,OFICINA,,,0,A_ABONO_ACTIVO,2024-04-05,abonos_creditos.fecha_pago,SI,"2024-04-12 13:33:33"
1902,8727,000-001-01-00024260,"HECTOR S OFFICE",0.00,0,,2024-04-06,"2024-04-25 11:05:11",26135.10,1364.90,0,0.00,58,"Daniela Torres",115,"Erling Peralta",,,0,A_ABONO_ACTIVO,2024-04-06,abonos_creditos.fecha_pago,NO,"2024-04-25 11:05:11"
4068,9045,000-001-01-00024533,"INSTITUTO NACIONAL DE PREVISION DEL MAGISTERIO",0.00,0,,2024-04-08,"2024-04-12 14:00:33",20838.40,0.00,1,0.00,27,"Ana Pineda",24,OFICINA,,,0,A_ABONO_ACTIVO,2024-04-08,abonos_creditos.fecha_pago,SI,"2024-04-12 14:00:33"
1888,7652,000-001-01-00023332,"HECTOR S OFFICE",0.00,0,,2024-04-10,"2024-05-10 16:20:29",80877.20,0.00,0,772.80,58,"Daniela Torres",115,"Erling Peralta",,,0,A_ABONO_ACTIVO,2024-04-10,abonos_creditos.fecha_pago,NO,"2024-11-12 15:00:18"
4996,8818,000-001-01-00024340,"SECRETARIA DE FINANZAS",0.00,0,,2024-04-10,"2024-04-13 11:47:42",6040.80,0.00,1,0.00,27,"Ana Pineda",24,OFICINA,,,0,A_ABONO_ACTIVO,2024-04-10,abonos_creditos.fecha_pago,SI,"2024-04-13 11:47:42"
4997,8882,000-001-01-00024398,"SECRETARIA DE FINANZAS",0.00,0,,2024-04-10,"2024-04-13 11:48:18",1522.80,0.00,1,0.00,27,"Ana Pineda",24,OFICINA,,,0,A_ABONO_ACTIVO,2024-04-10,abonos_creditos.fecha_pago,SI,"2024-04-13 11:48:18"
5952,9324,000-001-01-00024781,INPREUNAH,0.00,0,,2024-04-12,"2024-04-18 11:48:37",3372.00,0.00,1,0.00,27,"Ana Pineda",24,OFICINA,,,0,A_ABONO_ACTIVO,2024-04-12,abonos_creditos.fecha_pago,SI,"2024-04-18 11:48:37"
5708,8420,000-001-01-00023999,"SECRETARIA DE SALUD",0.00,0,,2024-04-16,"2024-04-18 11:02:37",7936.25,0.00,1,0.00,27,"Ana Pineda",24,OFICINA,,,0,A_ABONO_ACTIVO,2024-04-16,abonos_creditos.fecha_pago,SI,"2024-04-18 11:02:37"
5712,8574,000-001-01-00024122,"SECRETARIA DE SALUD",0.00,0,,2024-04-16,"2024-04-18 11:06:00",115118.00,0.00,1,0.00,27,"Ana Pineda",24,OFICINA,,,0,A_ABONO_ACTIVO,2024-04-16,abonos_creditos.fecha_pago,SI,"2024-04-18 11:06:00"
5880,8617,000-001-01-00024155,"BANCO NACIONAL DE DESARROLLO AGRICOLA",0.00,0,,2024-04-16,"2024-04-18 11:29:29",611.00,0.00,1,0.00,27,"Ana Pineda",24,OFICINA,,,0,A_ABONO_ACTIVO,2024-04-16,abonos_creditos.fecha_pago,SI,"2024-04-18 11:29:29"
5714,8652,000-001-01-00024190,"SECRETARIA DE SALUD",0.00,0,,2024-04-16,"2024-04-18 11:08:24",48653.44,0.00,1,0.00,30,"Kelyn Barahona",24,OFICINA,,,0,A_ABONO_ACTIVO,2024-04-16,abonos_creditos.fecha_pago,NO,"2024-04-18 11:08:24"
5715,8653,000-001-01-00024191,"SECRETARIA DE SALUD",0.00,0,,2024-04-16,"2024-04-18 11:07:37",4333.20,0.00,1,0.00,30,"Kelyn Barahona",24,OFICINA,,,0,A_ABONO_ACTIVO,2024-04-16,abonos_creditos.fecha_pago,NO,"2024-04-18 11:07:37"
5716,8654,000-001-01-00024192,"SECRETARIA DE SALUD",0.00,0,,2024-04-16,"2024-04-18 11:06:40",14650.84,0.00,1,0.00,30,"Kelyn Barahona",24,OFICINA,,,0,A_ABONO_ACTIVO,2024-04-16,abonos_creditos.fecha_pago,NO,"2024-04-18 11:06:40"
5717,8683,000-001-01-00024220,"SECRETARIA DE SALUD",0.00,0,,2024-04-16,"2024-04-18 11:05:23",119712.60,0.00,1,0.00,27,"Ana Pineda",24,OFICINA,,,0,A_ABONO_ACTIVO,2024-04-16,abonos_creditos.fecha_pago,SI,"2024-04-18 11:05:23"
5718,8688,000-001-01-00024225,"SECRETARIA DE SALUD",0.00,0,,2024-04-16,"2024-04-18 11:08:57",62965.76,0.00,1,0.00,27,"Ana Pineda",24,OFICINA,,,0,A_ABONO_ACTIVO,2024-04-16,abonos_creditos.fecha_pago,SI,"2024-04-18 11:08:57"
5719,8689,000-001-01-00024226,"SECRETARIA DE SALUD",0.00,0,,2024-04-16,"2024-04-18 10:55:07",52094.07,0.00,1,0.00,27,"Ana Pineda",24,OFICINA,,,0,A_ABONO_ACTIVO,2024-04-16,abonos_creditos.fecha_pago,SI,"2024-04-18 10:55:07"
5721,8749,000-001-01-00024281,"SECRETARIA DE SALUD",0.00,0,,2024-04-16,"2024-04-18 10:52:54",18652.86,0.00,1,0.00,27,"Ana Pineda",24,OFICINA,,,0,A_ABONO_ACTIVO,2024-04-16,abonos_creditos.fecha_pago,SI,"2024-04-18 10:52:54"
5817,8844,000-001-01-00024360,"SECRETARIA DE ESTADO EN LOS  DESPACHO DE LA PRESIDENCIA",0.00,0,,2024-04-16,"2024-04-18 11:17:26",192455.00,0.00,1,0.00,30,"Kelyn Barahona",24,OFICINA,,,0,A_ABONO_ACTIVO,2024-04-16,abonos_creditos.fecha_pago,NO,"2024-04-18 11:17:26"
5818,8847,000-001-01-00024363,"SECRETARIA DE ESTADO EN LOS  DESPACHO DE LA PRESIDENCIA",0.00,0,,2024-04-16,"2024-04-18 11:15:34",17256.00,0.00,1,0.00,30,"Kelyn Barahona",24,OFICINA,,,0,A_ABONO_ACTIVO,2024-04-16,abonos_creditos.fecha_pago,NO,"2024-04-18 11:15:34"
5881,8913,000-001-01-00024428,"BANCO NACIONAL DE DESARROLLO AGRICOLA",0.00,0,,2024-04-16,"2024-04-18 11:28:27",62832.00,0.00,1,0.00,27,"Ana Pineda",24,OFICINA,,,0,A_ABONO_ACTIVO,2024-04-16,abonos_creditos.fecha_pago,SI,"2024-04-18 11:28:27"
5725,8919,000-001-01-00024433,"SECRETARIA DE SALUD",0.00,0,,2024-04-16,"2024-04-18 10:52:09",6981.38,0.00,1,0.00,27,"Ana Pineda",24,OFICINA,,,0,A_ABONO_ACTIVO,2024-04-16,abonos_creditos.fecha_pago,SI,"2024-04-18 10:52:09"
5729,8948,000-001-01-00024457,"SECRETARIA DE SALUD",0.00,0,,2024-04-16,"2024-04-18 10:57:13",6495.88,0.00,1,0.00,27,"Ana Pineda",24,OFICINA,,,0,A_ABONO_ACTIVO,2024-04-16,abonos_creditos.fecha_pago,SI,"2024-04-18 10:57:13"
5731,8952,000-001-01-00024460,"SECRETARIA DE SALUD",0.00,0,,2024-04-16,"2024-04-18 10:53:36",191975.00,0.00,1,0.00,27,"Ana Pineda",24,OFICINA,,,0,A_ABONO_ACTIVO,2024-04-16,abonos_creditos.fecha_pago,SI,"2024-04-18 10:53:36"
5806,9032,000-001-01-00024520,INAMI,0.00,0,,2024-04-16,"2024-04-18 11:14:41",1753.84,0.00,1,0.00,27,"Ana Pineda",24,OFICINA,,,0,A_ABONO_ACTIVO,2024-04-16,abonos_creditos.fecha_pago,SI,"2024-04-18 11:14:41"
5803,9038,000-001-01-00024526,"DIRECCION DEPARTAMENTAL DE EDUCACION DE VALLE",0.00,0,,2024-04-16,"2024-04-18 11:12:20",3722.94,0.00,1,0.00,27,"Ana Pineda",24,OFICINA,,,0,A_ABONO_ACTIVO,2024-04-16,abonos_creditos.fecha_pago,SI,"2024-04-18 11:12:20"
5804,9039,000-001-01-00024527,"DIRECCION DEPARTAMENTAL DE  EDUCACION DE CHOLUTECA",0.00,0,,2024-04-16,"2024-04-18 11:13:05",1444.50,0.00,1,0.00,27,"Ana Pineda",24,OFICINA,,,0,A_ABONO_ACTIVO,2024-04-16,abonos_creditos.fecha_pago,SI,"2024-04-18 11:13:05"
5733,9043,000-001-01-00024531,"SECRETARIA DE SALUD",0.00,0,,2024-04-16,"2024-04-18 10:56:07",5406.40,0.00,1,0.00,27,"Ana Pineda",24,OFICINA,,,0,A_ABONO_ACTIVO,2024-04-16,abonos_creditos.fecha_pago,SI,"2024-04-18 10:56:07"
5858,9044,000-001-01-00024532,"DIRECCION NACIONAL DE PARQUES Y RECREACION",0.00,0,,2024-04-16,"2024-04-18 11:25:27",967.00,0.00,1,0.00,27,"Ana Pineda",24,OFICINA,,,0,A_ABONO_ACTIVO,2024-04-16,abonos_creditos.fecha_pago,SI,"2024-04-18 11:25:27"
5807,9077,000-001-01-00024558,INAMI,0.00,0,,2024-04-16,"2024-04-18 11:13:56",259.44,0.00,1,0.00,27,"Ana Pineda",24,OFICINA,,,0,A_ABONO_ACTIVO,2024-04-16,abonos_creditos.fecha_pago,SI,"2024-04-18 11:13:56"
5870,9085,000-001-01-00024566,"SECRETARIA DE TRABAJO Y SEGURIDAD SOCIAL",0.00,0,,2024-04-16,"2024-04-18 11:26:32",44320.00,0.00,1,0.00,27,"Ana Pineda",24,OFICINA,,,0,A_ABONO_ACTIVO,2024-04-16,abonos_creditos.fecha_pago,SI,"2024-04-18 11:26:32"
5778,9127,000-001-01-00024603,"SECRETARIA DE EDUCACION",0.00,0,,2024-04-16,"2024-04-18 11:10:22",41730.54,0.00,1,0.00,30,"Kelyn Barahona",24,OFICINA,,,0,A_ABONO_ACTIVO,2024-04-16,abonos_creditos.fecha_pago,NO,"2024-04-18 11:10:22"
5828,9149,000-001-01-00024625,"DIRECCION GENERAL DE CINEMATOGRAFIA",0.00,0,,2024-04-16,"2024-04-18 11:19:02",2477.65,0.00,1,0.00,27,"Ana Pineda",24,OFICINA,,,0,A_ABONO_ACTIVO,2024-04-16,abonos_creditos.fecha_pago,SI,"2024-04-18 11:19:02"
5830,9155,000-001-01-00024631,"COMISION NACIONAL DE VIVIENDA Y ASENTAMIENTOS  HUMANOS",0.00,0,,2024-04-16,"2024-04-18 11:20:35",1140.50,0.00,1,0.00,27,"Ana Pineda",24,OFICINA,,,0,A_ABONO_ACTIVO,2024-04-16,abonos_creditos.fecha_pago,SI,"2024-04-18 11:20:35"
5809,9156,000-001-01-00024632,INAMI,0.00,0,,2024-04-16,"2024-04-18 11:30:51",91659.12,0.00,1,0.00,27,"Ana Pineda",24,OFICINA,,,0,A_ABONO_ACTIVO,2024-04-16,abonos_creditos.fecha_pago,SI,"2024-04-18 11:30:51"
5871,9163,000-001-01-00024639,"SECRETARIA DE TRABAJO Y SEGURIDAD SOCIAL",0.00,0,,2024-04-16,"2024-04-18 11:27:26",7466.40,0.00,1,0.00,30,"Kelyn Barahona",24,OFICINA,,,0,A_ABONO_ACTIVO,2024-04-16,abonos_creditos.fecha_pago,NO,"2024-04-18 11:27:26"
5851,9184,000-001-01-00024657,"SERVICIO DE ADMINISTRACION DE RENTAS",0.00,0,,2024-04-16,"2024-04-18 11:23:11",123.44,0.00,1,0.00,27,"Ana Pineda",24,OFICINA,,,0,A_ABONO_ACTIVO,2024-04-16,abonos_creditos.fecha_pago,SI,"2024-04-18 11:23:11"
5842,9224,000-001-01-00024696,"SECRETARIA DE AGRICULTURA Y GANADERIA (SAG)",0.00,0,,2024-04-16,"2024-04-18 11:22:24",12360.44,0.00,1,0.00,27,"Ana Pineda",24,OFICINA,,,0,A_ABONO_ACTIVO,2024-04-16,abonos_creditos.fecha_pago,SI,"2024-04-18 11:22:24"
5831,9366,000-001-01-00024819,"COMISION NACIONAL DE VIVIENDA Y ASENTAMIENTOS  HUMANOS",0.00,0,,2024-04-16,"2024-04-18 11:24:32",4112.08,0.00,1,0.00,27,"Ana Pineda",24,OFICINA,,,0,A_ABONO_ACTIVO,2024-04-16,abonos_creditos.fecha_pago,SI,"2024-04-18 11:24:32"
5832,9373,000-001-01-00024824,"COMISION NACIONAL DE VIVIENDA Y ASENTAMIENTOS  HUMANOS",0.00,0,,2024-04-16,"2024-05-07 14:25:34",8179.72,0.00,1,0.00,27,"Ana Pineda",24,OFICINA,,,0,A_ABONO_ACTIVO,2024-04-16,abonos_creditos.fecha_pago,SI,"2024-05-07 14:25:34"
5739,8399,000-001-01-00023979,"EMPRESA DE CORREOS DE HONDURAS",0.00,0,,2024-04-17,"2024-04-18 11:09:35",6572.00,0.00,1,0.00,27,"Ana Pineda",24,OFICINA,,,0,A_ABONO_ACTIVO,2024-04-17,abonos_creditos.fecha_pago,SI,"2024-04-18 11:09:35"
7679,9608,000-001-01-00025030,"EMPRESA DE CORREOS DE HONDURAS",0.00,0,,2024-04-17,"2024-04-26 10:02:16",944.00,0.00,1,0.00,27,"Ana Pineda",24,OFICINA,,,0,A_ABONO_ACTIVO,2024-04-17,abonos_creditos.fecha_pago,SI,"2024-04-26 10:02:16"
7680,9610,000-001-01-00025032,"EMPRESA DE CORREOS DE HONDURAS",0.00,0,,2024-04-17,"2024-04-26 10:03:04",8166.00,0.00,1,0.00,27,"Ana Pineda",24,OFICINA,,,0,A_ABONO_ACTIVO,2024-04-17,abonos_creditos.fecha_pago,SI,"2024-04-26 10:03:04"
9203,9699,000-001-01-00025106,"EMPRESA DE CORREOS DE HONDURAS",0.00,0,,2024-04-17,"2024-05-20 13:24:04",1761.00,0.00,1,0.00,27,"Ana Pineda",24,OFICINA,,,0,A_ABONO_ACTIVO,2024-04-17,abonos_creditos.fecha_pago,SI,"2024-05-20 13:24:04"
11588,10425,000-001-01-00025732,"SECRETARIA DE SALUD",0.00,0,,2024-04-17,"2024-08-14 13:11:49",31623.44,0.00,1,0.00,30,"Kelyn Barahona",24,OFICINA,,,0,A_ABONO_ACTIVO,2024-04-17,abonos_creditos.fecha_pago,NO,"2024-08-14 13:11:49"
5953,9464,000-001-01-00024904,INPREUNAH,0.00,0,,2024-04-18,"2024-04-26 10:06:07",2280.88,0.00,1,0.00,27,"Ana Pineda",24,OFICINA,,,0,A_ABONO_ACTIVO,2024-04-18,abonos_creditos.fecha_pago,SI,"2024-04-26 10:06:07"
6190,8884,000-001-01-00024399,"PROCURADURIA GENERAL DE LA REPUBLICA",0.00,0,,2024-04-19,"2024-04-23 13:28:35",37092.00,0.00,1,0.00,27,"Ana Pineda",24,OFICINA,,,0,A_ABONO_ACTIVO,2024-04-19,abonos_creditos.fecha_pago,SI,"2024-04-23 13:28:35"
1904,8996,000-001-01-00024487,"HECTOR S OFFICE",0.00,0,,2024-04-20,"2024-04-25 11:06:19",31268.94,530.00,0,0.00,58,"Daniela Torres",115,"Erling Peralta",,,0,A_ABONO_ACTIVO,2024-04-20,abonos_creditos.fecha_pago,NO,"2024-04-25 11:06:19"
6799,9500,000-001-01-00024660,"FARMACIA SAN JUAN",0.00,0,,2024-04-20,"2024-04-24 16:29:31",1912.00,0.00,0,53.89,57,"Josue Cerritos",14,"Sulay Pineda",,,0,A_ABONO_ACTIVO,2024-04-20,abonos_creditos.fecha_pago,NO,"2024-05-08 16:44:22"
7333,8299,000-001-01-00023889,"COMERCIAL PLAZA",0.00,0,,2024-04-23,"2024-04-25 14:03:13",31535.57,8694.00,0,40693.61,30,"Kelyn Barahona",14,"Sulay Pineda",,,0,A_ABONO_ACTIVO,2024-04-23,abonos_creditos.fecha_pago,NO,"2024-04-25 14:07:06"
4013,8894,000-001-01-00024409,"MINISTERIO PUBLICO",0.00,0,,2024-04-24,"2024-04-26 10:08:01",16024.20,0.00,1,0.00,27,"Ana Pineda",24,OFICINA,,,0,A_ABONO_ACTIVO,2024-04-24,abonos_creditos.fecha_pago,SI,"2024-04-26 10:08:01"
4014,9000,000-001-01-00024491,"MINISTERIO PUBLICO",0.00,0,,2024-04-24,"2024-04-26 10:07:30",13944.00,0.00,1,0.00,27,"Ana Pineda",24,OFICINA,,,0,A_ABONO_ACTIVO,2024-04-24,abonos_creditos.fecha_pago,SI,"2024-04-26 10:07:30"
4015,9002,000-001-01-00024493,"MINISTERIO PUBLICO",0.00,0,,2024-04-24,"2024-04-26 10:08:42",1348.80,0.00,1,0.00,27,"Ana Pineda",24,OFICINA,,,0,A_ABONO_ACTIVO,2024-04-24,abonos_creditos.fecha_pago,SI,"2024-04-26 10:08:42"
6972,9147,000-001-01-00024623,"COMISION NACIONAL DE BANCOS Y SEGUROS",0.00,0,,2024-04-24,"2024-04-25 13:17:57",4540.80,0.00,1,0.00,27,"Ana Pineda",24,OFICINA,,,0,A_ABONO_ACTIVO,2024-04-24,abonos_creditos.fecha_pago,SI,"2024-04-25 13:17:57"
13638,9392,000-001-01-00024841,"MISION BUENAS  NUEVAS HONDURAS",0.00,0,,2024-04-24,"2024-09-26 14:04:42",15000.00,0.00,0,10000.00,30,"Kelyn Barahona",24,OFICINA,,,0,A_ABONO_ACTIVO,2024-04-24,abonos_creditos.fecha_pago,NO,"2025-06-12 12:30:40"
8337,9139,000-001-01-00024615,"SEDENA ,ESTADO MAYOR CONJUNTO C-2",0.00,0,,2024-04-25,"2024-05-06 11:08:45",55819.20,0.00,1,0.00,27,"Ana Pineda",24,OFICINA,,,0,A_ABONO_ACTIVO,2024-04-25,abonos_creditos.fecha_pago,SI,"2024-05-06 11:08:45"
8357,9463,000-001-01-00024903,"AGENCIA REGULACION SANITARIA",0.00,0,,2024-04-25,"2024-05-06 11:14:56",944.00,0.00,1,0.00,30,"Kelyn Barahona",24,OFICINA,,,0,A_ABONO_ACTIVO,2024-04-25,abonos_creditos.fecha_pago,NO,"2024-05-06 11:14:56"
5720,8715,000-001-01-00024248,"SECRETARIA DE SALUD",0.00,0,,2024-04-26,"2024-04-29 14:08:22",1392.93,0.00,1,0.00,27,"Ana Pineda",24,OFICINA,,,0,A_ABONO_ACTIVO,2024-04-26,abonos_creditos.fecha_pago,SI,"2024-04-29 14:08:22"
5722,8751,000-001-01-00024282,"SECRETARIA DE SALUD",0.00,0,,2024-04-26,"2024-04-29 14:08:52",274841.08,0.00,1,0.00,27,"Ana Pineda",24,OFICINA,,,0,A_ABONO_ACTIVO,2024-04-26,abonos_creditos.fecha_pago,SI,"2024-04-29 14:08:52"
8000,8821,000-001-01-00024343,"INSTITUTO NACIONAL CARDIOPULMONAR TÓRAX",0.00,0,,2024-04-26,"2024-04-29 14:00:15",16294.08,0.00,1,0.00,27,"Ana Pineda",24,OFICINA,,,0,A_ABONO_ACTIVO,2024-04-26,abonos_creditos.fecha_pago,SI,"2024-04-29 14:00:15"
8001,8823,000-001-01-00024344,"INSTITUTO NACIONAL CARDIOPULMONAR TÓRAX",0.00,0,,2024-04-26,"2024-04-29 14:07:30",12634.00,0.00,1,0.00,27,"Ana Pineda",24,OFICINA,,,0,A_ABONO_ACTIVO,2024-04-26,abonos_creditos.fecha_pago,SI,"2024-04-29 14:07:30"
5331,8974,000-001-01-00024476,"PAPELERIA ELYON",0.00,0,,2024-04-26,"2024-04-29 13:34:11",4981.47,389.44,0,0.00,57,"Josue Cerritos",14,"Sulay Pineda",,,0,A_ABONO_ACTIVO,2024-04-26,abonos_creditos.fecha_pago,NO,"2024-04-29 13:34:11"
8016,9516,000-001-01-00024945,"HOSPITAL PSIQUIATRICO SANTA ROSITA",0.00,0,,2024-04-26,"2024-04-29 14:10:32",7240.80,0.00,1,0.00,27,"Ana Pineda",24,OFICINA,,,0,A_ABONO_ACTIVO,2024-04-26,abonos_creditos.fecha_pago,SI,"2024-04-29 14:10:32"
8044,9061,000-001-01-00024547,"INSTITUTO NACIONAL DE FORMACION PROFESIONAL",0.00,0,,2024-04-27,"2024-04-30 13:44:56",12344.00,0.00,1,0.00,27,"Ana Pineda",24,OFICINA,,,0,A_ABONO_ACTIVO,2024-04-27,abonos_creditos.fecha_pago,SI,"2024-04-30 13:44:56"
8152,9621,000-001-01-00024991,"INVERSIONES ALE Y NIC",0.00,0,,2024-04-27,"2024-04-30 14:19:22",3101.00,0.00,0,834.87,58,"Daniela Torres",4,"Roy Zelaya",,,0,A_ABONO_ACTIVO,2024-04-27,abonos_creditos.fecha_pago,NO,"2024-05-08 16:45:50"
8671,8544,000-001-01-00024097,CONTEMPORANEO,0.00,0,,2024-05-02,"2024-05-07 15:14:50",23977.50,1266.15,0,0.00,57,"Josue Cerritos",14,"Sulay Pineda",,,0,A_ABONO_ACTIVO,2024-05-02,abonos_creditos.fecha_pago,NO,"2024-05-07 15:14:50"
8524,8997,000-001-01-00024488,"TRIBUNAL SUPERIOR DE CUENTAS",0.00,0,,2024-05-02,"2024-05-07 09:35:38",2023.20,0.00,1,0.00,27,"Ana Pineda",24,OFICINA,,,0,A_ABONO_ACTIVO,2024-05-02,abonos_creditos.fecha_pago,SI,"2024-05-07 09:35:38"
5852,9278,000-001-01-00024737,"SERVICIO DE ADMINISTRACION DE RENTAS",0.00,0,,2024-05-02,"2024-05-07 14:34:24",14814.72,0.00,1,0.00,27,"Ana Pineda",24,OFICINA,,,0,A_ABONO_ACTIVO,2024-05-02,abonos_creditos.fecha_pago,SI,"2024-05-07 14:34:24"
8518,9623,000-001-01-00025043,"LAPICES Y MAS",0.00,0,,2024-05-02,"2024-05-07 09:40:27",55971.65,3559.25,0,0.00,58,"Daniela Torres",115,"Erling Peralta",,,0,A_ABONO_ACTIVO,2024-05-02,abonos_creditos.fecha_pago,NO,"2024-05-07 09:40:27"
2981,8589,000-001-01-00024133,"ALCALDIA MUNICIPAL DEL DISTRITO CENTRAL",0.00,0,,2024-05-07,"2024-05-09 11:11:35",70233.58,0.00,1,0.00,27,"Ana Pineda",24,OFICINA,,,0,A_ABONO_ACTIVO,2024-05-07,abonos_creditos.fecha_pago,SI,"2024-05-09 11:11:35"
6577,8929,000-001-01-00024443,"LIBRERÍA UNIVERSAL",0.00,0,,2024-05-07,"2024-05-07 15:48:01",16004.86,0.00,0,1673.00,58,"Daniela Torres",4,"Roy Zelaya",,,0,A_ABONO_ACTIVO,2024-05-07,abonos_creditos.fecha_pago,NO,"2024-05-24 14:46:27"
5853,9282,000-001-01-00024741,"SERVICIO DE ADMINISTRACION DE RENTAS",0.00,0,,2024-05-07,"2024-05-07 14:32:03",102279.24,0.00,1,0.00,27,"Ana Pineda",24,OFICINA,,,0,A_ABONO_ACTIVO,2024-05-07,abonos_creditos.fecha_pago,SI,"2024-11-26 14:19:32"
8757,9169,000-001-01-00024645,"SECRETARIA DE DEFENSA NACIONAL",0.00,0,,2024-05-08,"2024-05-09 11:03:35",80960.00,0.00,1,0.00,27,"Ana Pineda",24,OFICINA,,,0,A_ABONO_ACTIVO,2024-05-08,abonos_creditos.fecha_pago,SI,"2024-05-09 11:03:37"
9877,9465,000-001-01-00024905,"HOSPITAL ESCUELA",0.00,0,,2024-05-09,"2024-05-21 11:51:54",74664.00,0.00,1,0.00,27,"Ana Pineda",24,OFICINA,,,0,A_ABONO_ACTIVO,2024-05-09,abonos_creditos.fecha_pago,SI,"2024-05-21 11:51:54"
9093,9815,000-001-01-00025210,"ALCALDIA MUNICIPAL DE PUERTO CORTES",0.00,0,,2024-05-09,"2024-05-13 11:22:37",73206.98,0.00,1,0.00,27,"Ana Pineda",24,OFICINA,,,0,A_ABONO_ACTIVO,2024-05-09,abonos_creditos.fecha_pago,SI,"2024-05-13 11:22:37"
9237,8964,000-001-01-00024469,"COMERCIAL CASA BUESO S.A. DE C. V.",0.00,0,,2024-05-14,"2024-05-14 16:15:18",4988.24,0.00,0,4554.00,57,"Josue Cerritos",14,"Sulay Pineda",,,0,A_ABONO_ACTIVO,2024-05-14,abonos_creditos.fecha_pago,NO,"2024-05-14 16:15:57"
9810,9493,000-001-01-00024926,"SECRETARIA DE FINANZAS",0.00,0,,2024-05-15,"2024-05-20 09:51:57",23495.50,0.00,1,0.00,27,"Ana Pineda",24,OFICINA,,,0,A_ABONO_ACTIVO,2024-05-15,abonos_creditos.fecha_pago,SI,"2024-05-20 09:51:57"
9329,8428,000-001-01-00024007,"EMPRESA NACIONAL DE ARTES GRAFICAS",0.00,0,,2024-05-16,"2024-05-17 14:29:19",9098.31,0.00,1,0.00,30,"Kelyn Barahona",24,OFICINA,,,0,A_ABONO_ACTIVO,2024-05-16,abonos_creditos.fecha_pago,NO,"2024-05-17 14:29:19"
9330,8504,000-001-01-00024064,"EMPRESA NACIONAL DE ARTES GRAFICAS",0.00,0,,2024-05-16,"2024-05-17 10:59:43",8610.60,0.00,1,0.00,30,"Kelyn Barahona",24,OFICINA,,,0,A_ABONO_ACTIVO,2024-05-16,abonos_creditos.fecha_pago,NO,"2024-05-17 10:59:43"
9331,8916,000-001-01-00024430,"EMPRESA NACIONAL DE ARTES GRAFICAS",0.00,0,,2024-05-16,"2024-05-17 14:31:28",2281.92,0.00,1,0.00,30,"Kelyn Barahona",24,OFICINA,,,0,A_ABONO_ACTIVO,2024-05-16,abonos_creditos.fecha_pago,NO,"2024-05-17 14:31:28"
7685,9447,000-001-01-00024887,"MINISTERIO PUBLICO",0.00,0,,2024-05-16,"2024-05-21 11:50:13",202320.00,0.00,1,0.00,27,"Ana Pineda",24,OFICINA,,,0,A_ABONO_ACTIVO,2024-05-16,abonos_creditos.fecha_pago,SI,"2024-05-21 11:50:13"
9882,9734,000-001-01-00025139,"BANCO CENTRAL DE HONDURAS",0.00,0,,2024-05-16,"2024-05-21 13:51:19",746.64,0.00,1,0.00,57,"Josue Cerritos",36,"Angel Villela",,,0,A_ABONO_ACTIVO,2024-05-16,abonos_creditos.fecha_pago,NO,"2024-05-21 13:51:19"
9883,9754,000-001-01-00025156,"BANCO CENTRAL DE HONDURAS",0.00,0,,2024-05-16,"2024-05-21 13:50:50",10193.28,0.00,1,0.00,57,"Josue Cerritos",36,"Angel Villela",,,0,A_ABONO_ACTIVO,2024-05-16,abonos_creditos.fecha_pago,NO,"2024-05-21 13:50:50"
9339,9856,000-001-01-00025223,"ABARROTERIA ENMANUEL",0.00,0,,2024-05-16,"2024-05-17 13:19:33",575.00,0.00,0,575.00,58,"Daniela Torres",115,"Erling Peralta",,,0,A_ABONO_ACTIVO,2024-05-16,abonos_creditos.fecha_pago,NO,"2024-05-29 14:21:07"
9975,10005,000-001-01-00025372,INPREUNAH,0.00,0,,2024-05-16,"2024-06-04 14:19:22",3491.60,0.00,1,0.00,27,"Ana Pineda",24,OFICINA,,,0,A_ABONO_ACTIVO,2024-05-16,abonos_creditos.fecha_pago,SI,"2024-06-04 14:19:22"
5819,9042,000-001-01-00024530,"SECRETARIA DE ESTADO EN LOS  DESPACHO DE LA PRESIDENCIA",0.00,0,,2024-05-17,"2024-05-20 09:47:08",42220.00,0.00,1,0.00,30,"Kelyn Barahona",24,OFICINA,,,0,A_ABONO_ACTIVO,2024-05-17,abonos_creditos.fecha_pago,NO,"2024-05-20 09:47:08"
5777,9084,000-001-01-00024565,"SECRETARIA DE EDUCACION",0.00,0,,2024-05-17,"2024-05-20 09:40:10",1994.44,0.00,1,0.00,27,"Ana Pineda",24,OFICINA,,,0,A_ABONO_ACTIVO,2024-05-17,abonos_creditos.fecha_pago,SI,"2024-05-20 09:40:10"
539,9089,000-001-01-00024570,"SECRETARIA DE DESARROLLO COMUNITARIO, AGUA Y SANEAMIENTO FHIS",0.00,0,,2024-05-17,"2024-05-20 09:50:24",111.70,0.00,1,0.00,57,"Josue Cerritos",36,"Angel Villela",,,0,A_ABONO_ACTIVO,2024-05-17,abonos_creditos.fecha_pago,NO,"2024-05-20 09:50:24"
5808,9148,000-001-01-00024624,INAMI,0.00,0,,2024-05-17,"2024-05-20 09:44:01",362.26,0.00,1,0.00,27,"Ana Pineda",24,OFICINA,,,0,A_ABONO_ACTIVO,2024-05-17,abonos_creditos.fecha_pago,SI,"2024-05-20 09:44:01"
5820,9208,000-001-01-00024680,"SECRETARIA DE ESTADO EN LOS  DESPACHO DE LA PRESIDENCIA",0.00,0,,2024-05-17,"2024-05-20 09:47:37",3579.20,0.00,1,0.00,30,"Kelyn Barahona",24,OFICINA,,,0,A_ABONO_ACTIVO,2024-05-17,abonos_creditos.fecha_pago,NO,"2024-05-20 09:47:37"
5859,9222,000-001-01-00024694,"DIRECCION NACIONAL DE PARQUES Y RECREACION",0.00,0,,2024-05-17,"2024-05-20 09:32:15",2078.74,0.00,1,0.00,27,"Ana Pineda",24,OFICINA,,,0,A_ABONO_ACTIVO,2024-05-17,abonos_creditos.fecha_pago,SI,"2024-05-20 09:32:15"
9722,9223,000-001-01-00024695,"SECRETARIA DE INFRAESTRUCTURA Y TRANSPORTE",0.00,0,,2024-05-17,"2024-05-20 09:23:59",6702.08,0.00,1,0.00,27,"Ana Pineda",24,OFICINA,,,0,A_ABONO_ACTIVO,2024-05-17,abonos_creditos.fecha_pago,SI,"2024-05-20 09:23:59"
9763,9251,000-001-01-00024714,"PROGRAMA DE LA RED SOLIDARIA",0.00,0,,2024-05-17,"2024-05-20 09:38:45",292.32,0.00,1,0.00,27,"Ana Pineda",24,OFICINA,,,0,A_ABONO_ACTIVO,2024-05-17,abonos_creditos.fecha_pago,SI,"2024-05-20 09:38:45"
9756,9355,000-001-01-00024810,"SECRETARIA DE ESTADO EN EL DESPACHO DE ENERGIA",0.00,0,,2024-05-17,"2024-05-20 09:31:24",2935.26,0.00,1,0.00,27,"Ana Pineda",24,OFICINA,,,0,A_ABONO_ACTIVO,2024-05-17,abonos_creditos.fecha_pago,SI,"2024-05-20 09:31:24"
9737,9356,000-001-01-00024811,"SECRETARIA DE RELACIONES EXTERIORES Y COOPERACION INTERNACIONAL",0.00,0,,2024-05-17,"2024-05-20 09:30:16",28720.00,0.00,1,0.00,27,"Ana Pineda",24,OFICINA,,,0,A_ABONO_ACTIVO,2024-05-17,abonos_creditos.fecha_pago,SI,"2024-05-20 09:30:16"
5843,9460,000-001-01-00024900,"SECRETARIA DE AGRICULTURA Y GANADERIA (SAG)",0.00,0,,2024-05-17,"2024-05-20 09:27:03",8215.68,0.00,1,0.00,30,"Kelyn Barahona",24,OFICINA,,,0,A_ABONO_ACTIVO,2024-05-17,abonos_creditos.fecha_pago,NO,"2024-05-20 09:27:03"
9798,9462,000-001-01-00024902,"INSTITUTO NACIONAL DE CONSERVACION Y DESARROLLO F.",0.00,0,,2024-05-17,"2024-05-20 09:49:50",5528.10,0.00,1,0.00,30,"Kelyn Barahona",24,OFICINA,,,0,A_ABONO_ACTIVO,2024-05-17,abonos_creditos.fecha_pago,NO,"2024-05-20 09:49:50"
5821,9491,000-001-01-00024924,"SECRETARIA DE ESTADO EN LOS  DESPACHO DE LA PRESIDENCIA",0.00,0,,2024-05-17,"2024-05-20 09:48:03",1269.00,0.00,1,0.00,27,"Ana Pineda",24,OFICINA,,,0,A_ABONO_ACTIVO,2024-05-17,abonos_creditos.fecha_pago,SI,"2024-05-20 09:48:03"
9704,9494,000-001-01-00024927,"SECRETARIA DE ESTADO EN LOS DESPACHOS DE NIÑEZ, ADOLESCENCIA Y FAMILIA",0.00,0,,2024-05-17,"2024-05-20 09:23:11",7329.50,0.00,1,0.00,57,"Josue Cerritos",36,"Angel Villela",,,0,A_ABONO_ACTIVO,2024-05-17,abonos_creditos.fecha_pago,NO,"2024-05-20 09:23:11"
8015,9514,000-001-01-00024943,"HOSPITAL PSIQUIATRICO SANTA ROSITA",0.00,0,,2024-05-17,"2024-05-20 09:11:11",10398.80,0.00,1,0.00,27,"Ana Pineda",24,OFICINA,,,0,A_ABONO_ACTIVO,2024-05-17,abonos_creditos.fecha_pago,SI,"2024-05-20 09:11:11"
9765,9532,000-001-01-00024955,"CENTRO NACIONAL DE EDUCACION PARA EL TRABAJO (CENET)",0.00,0,,2024-05-17,"2024-05-20 09:39:32",7712.00,0.00,1,0.00,27,"Ana Pineda",24,OFICINA,,,0,A_ABONO_ACTIVO,2024-05-17,abonos_creditos.fecha_pago,SI,"2024-05-20 09:39:32"
9766,9547,000-001-01-00024970,"SECRETARIA DE EDUCACION",0.00,0,,2024-05-17,"2024-05-20 09:42:24",7446.25,0.00,1,0.00,27,"Ana Pineda",24,OFICINA,,,0,A_ABONO_ACTIVO,2024-05-17,abonos_creditos.fecha_pago,SI,"2024-05-20 09:42:24"
9767,9552,000-001-01-00024975,"DIRECCION DEPARTAMENTAL DE EDUCACION DE LA PAZ",0.00,0,,2024-05-17,"2024-05-20 09:41:38",7192.98,0.00,1,0.00,27,"Ana Pineda",24,OFICINA,,,0,A_ABONO_ACTIVO,2024-05-17,abonos_creditos.fecha_pago,SI,"2024-05-20 09:41:38"
9783,9570,000-001-01-00024992,INAMI,0.00,0,,2024-05-17,"2024-05-20 09:45:07",493.76,0.00,1,0.00,27,"Ana Pineda",24,OFICINA,,,0,A_ABONO_ACTIVO,2024-05-17,abonos_creditos.fecha_pago,SI,"2024-05-20 09:45:07"
9776,9575,000-001-01-00024997,"DIRECCION DEPARTAMENTAL DE EDUCACION DE FRANCISCO MORAZAN",0.00,0,,2024-05-17,"2024-05-20 09:43:21",11911.56,0.00,1,0.00,27,"Ana Pineda",24,OFICINA,,,0,A_ABONO_ACTIVO,2024-05-17,abonos_creditos.fecha_pago,SI,"2024-05-20 09:43:21"
9695,9579,000-001-01-00025001,"SECRETARIA DE TRABAJO Y SEGURIDAD SOCIAL",0.00,0,,2024-05-17,"2024-05-20 09:20:33",3811.00,0.00,1,0.00,27,"Ana Pineda",24,OFICINA,,,0,A_ABONO_ACTIVO,2024-05-17,abonos_creditos.fecha_pago,SI,"2024-05-20 09:20:33"
9784,9583,000-001-01-00025005,"INSTITUTO NACIONAL PENITENCIARIO",0.00,0,,2024-05-17,"2024-05-20 09:45:53",16052.50,0.00,1,0.00,57,"Josue Cerritos",36,"Angel Villela",,,0,A_ABONO_ACTIVO,2024-05-17,abonos_creditos.fecha_pago,NO,"2024-05-20 09:45:53"
8010,9601,000-001-01-00025023,"SECRETARIA DE SALUD",0.00,0,,2024-05-17,"2024-05-20 09:11:40",1244.40,0.00,1,0.00,30,"Kelyn Barahona",24,OFICINA,,,0,A_ABONO_ACTIVO,2024-05-17,abonos_creditos.fecha_pago,NO,"2024-05-20 09:11:40"
9692,9615,000-001-01-00025037,"SECRETARIA DE TRANSPARENCIA Y LUCHA CONTRA LA CORRUPCIÓN",0.00,0,,2024-05-17,"2024-05-20 09:17:25",27944.00,0.00,1,0.00,27,"Ana Pineda",24,OFICINA,,,0,A_ABONO_ACTIVO,2024-05-17,abonos_creditos.fecha_pago,SI,"2024-05-20 09:17:25"
8758,9676,000-001-01-00025083,"SECRETARIA DE DEFENSA NACIONAL",0.00,0,,2024-05-17,"2024-05-20 09:27:34",1117.00,0.00,1,0.00,27,"Ana Pineda",24,OFICINA,,,0,A_ABONO_ACTIVO,2024-05-17,abonos_creditos.fecha_pago,SI,"2024-05-20 09:27:34"
9785,9680,000-001-01-00025087,"INSTITUTO NACIONAL PENITENCIARIO",0.00,0,,2024-05-17,"2024-05-20 09:46:25",2100.00,0.00,1,0.00,57,"Josue Cerritos",36,"Angel Villela",,,0,A_ABONO_ACTIVO,2024-05-17,abonos_creditos.fecha_pago,NO,"2024-05-20 09:46:25"
9693,9686,000-001-01-00025093,"SECRETARIA DE TRANSPARENCIA Y LUCHA CONTRA LA CORRUPCIÓN",0.00,0,,2024-05-17,"2024-05-20 09:16:55",20107.00,0.00,1,0.00,27,"Ana Pineda",24,OFICINA,,,0,A_ABONO_ACTIVO,2024-05-17,abonos_creditos.fecha_pago,SI,"2024-11-26 14:02:54"
9751,9692,000-001-01-00025099,"SECRETARIA DE RECURSO NATURALES Y AMBIENTE",0.00,0,,2024-05-17,"2024-05-20 09:30:49",507.60,0.00,1,0.00,27,"Ana Pineda",24,OFICINA,,,0,A_ABONO_ACTIVO,2024-05-17,abonos_creditos.fecha_pago,SI,"2024-05-20 09:30:49"
9726,9721,000-001-01-00025126,"SECRETARIA DE AGRICULTURA Y GANADERIA (SAG)",0.00,0,,2024-05-17,"2024-05-20 09:24:44",7296.39,0.00,1,0.00,27,"Ana Pineda",24,OFICINA,,,0,A_ABONO_ACTIVO,2024-05-17,abonos_creditos.fecha_pago,SI,"2024-05-20 09:24:44"
9671,9729,000-001-01-00025134,"SECRETARIA DE ESTADO DE LAS CULTURAS,LAS ARTES /SECAPP",0.00,0,,2024-05-17,"2024-05-20 09:07:41",10472.00,0.00,1,0.00,27,"Ana Pineda",24,OFICINA,,,0,A_ABONO_ACTIVO,2024-05-17,abonos_creditos.fecha_pago,SI,"2024-05-20 09:07:41"
9791,9731,000-001-01-00025136,"SECRETARIA DE ESTADO EN LOS  DESPACHO DE LA PRESIDENCIA",0.00,0,,2024-05-17,"2024-05-20 09:48:28",1696.40,0.00,1,0.00,27,"Ana Pineda",24,OFICINA,,,0,A_ABONO_ACTIVO,2024-05-17,abonos_creditos.fecha_pago,SI,"2024-05-20 09:48:28"
9664,9741,000-001-01-00025144,"SECRETARIA DE ESTADO EN EL DESPA. PLANIFICACION  ESTRATEGICA",0.00,0,,2024-05-17,"2024-05-20 09:05:57",956.64,0.00,1,0.00,27,"Ana Pineda",24,OFICINA,,,0,A_ABONO_ACTIVO,2024-05-17,abonos_creditos.fecha_pago,SI,"2024-05-20 09:05:57"
9727,9864,000-001-01-00025252,"SECRETARIA DE AGRICULTURA Y GANADERIA (SAG)",0.00,0,,2024-05-17,"2024-05-20 09:25:20",919.08,0.00,1,0.00,30,"Kelyn Barahona",24,OFICINA,,,0,A_ABONO_ACTIVO,2024-05-17,abonos_creditos.fecha_pago,NO,"2024-05-20 09:25:20"
9808,9939,000-001-01-00025318,"DIRECCION DE CIENCIA Y TECNOLOGIA AGROPECUARIA",0.00,0,,2024-05-17,"2024-05-20 09:51:02",1363.40,0.00,1,0.00,27,"Ana Pineda",24,OFICINA,,,0,A_ABONO_ACTIVO,2024-05-17,abonos_creditos.fecha_pago,SI,"2024-05-20 09:51:02"
9665,9990,000-001-01-00025358,"SECRETARIA DE ESTADO EN EL DESPA. PLANIFICACION  ESTRATEGICA",0.00,0,,2024-05-17,"2024-05-20 09:07:04",3733.20,0.00,1,0.00,27,"Ana Pineda",24,OFICINA,,,0,A_ABONO_ACTIVO,2024-05-17,abonos_creditos.fecha_pago,SI,"2024-05-20 09:07:04"
10471,10189,000-001-01-00025526,"CENTRO NACIONAL DE EDUCACION PARA EL TRABAJO (CENET)",0.00,0,,2024-05-17,"2024-05-31 14:28:46",4576.65,0.00,1,0.00,27,"Ana Pineda",24,OFICINA,,,0,A_ABONO_ACTIVO,2024-05-17,abonos_creditos.fecha_pago,SI,"2024-05-31 14:28:46"
13166,10346,000-001-01-00025659,"SECRETARIA DE EDUCACION",0.00,0,,2024-05-17,"2024-08-14 10:55:31",3556.00,0.00,1,0.00,27,"Ana Pineda",24,OFICINA,,,0,A_ABONO_ACTIVO,2024-05-17,abonos_creditos.fecha_pago,SI,"2024-08-14 10:55:31"
13168,10350,000-001-01-00025662,"SECRETARIA DE EDUCACION",0.00,0,,2024-05-17,"2024-09-25 08:49:50",51579.05,0.00,1,0.00,27,"Ana Pineda",24,OFICINA,,,0,A_ABONO_ACTIVO,2024-05-17,abonos_creditos.fecha_pago,SI,"2024-09-25 08:49:50"
9884,9879,000-001-01-00025263,"BANCO CENTRAL DE HONDURAS",0.00,0,,2024-05-20,"2024-05-28 11:36:06",478.32,0.00,1,0.00,57,"Josue Cerritos",36,"Angel Villela",,,0,A_ABONO_ACTIVO,2024-05-20,abonos_creditos.fecha_pago,NO,"2024-05-28 11:36:06"
10337,10076,000-001-01-00025390,"INVERSIONES RAMIREZ",0.00,0,,2024-05-20,"2024-05-28 14:02:24",1145.98,0.00,0,534.75,58,"Daniela Torres",115,"Erling Peralta",,,0,A_ABONO_ACTIVO,2024-05-20,abonos_creditos.fecha_pago,NO,"2024-07-10 13:14:00"
8043,8848,000-001-01-00024364,"INSTITUTO NACIONAL DE FORMACION PROFESIONAL",0.00,0,,2024-05-22,"2024-05-23 11:03:24",49232.00,0.00,1,0.00,27,"Ana Pineda",24,OFICINA,,,0,A_ABONO_ACTIVO,2024-05-22,abonos_creditos.fecha_pago,SI,"2024-05-23 11:03:24"
8649,9737,000-001-01-00025141,"SERVICIO DE ADMINISTRACION DE RENTAS",0.00,0,,2024-05-22,"2024-05-24 15:28:18",331224.00,0.00,1,0.00,27,"Ana Pineda",24,OFICINA,,,0,A_ABONO_ACTIVO,2024-05-22,abonos_creditos.fecha_pago,SI,"2024-05-24 15:28:18"
14300,10129,000-001-01-00025476,"CONSEJO NACIONAL SUPERVISOR DE COOPERATIVAS",0.00,0,,2024-05-22,"2024-09-14 11:46:40",8132.77,0.00,1,0.00,27,"Ana Pineda",24,OFICINA,,,0,A_ABONO_ACTIVO,2024-05-22,abonos_creditos.fecha_pago,SI,"2024-09-14 11:46:40"
13639,9892,000-001-01-00025275,"MISION BUENAS  NUEVAS HONDURAS",0.00,0,,2024-05-23,"2024-09-24 16:11:13",15000.00,0.00,0,10000.00,30,"Kelyn Barahona",24,OFICINA,,,0,A_ABONO_ACTIVO,2024-05-23,abonos_creditos.fecha_pago,NO,"2025-06-12 12:32:35"
4295,9009,000-001-01-00024342,"DORIAN DISTRIBUIDORA S DE R.L DE C.V",0.00,0,,2024-05-25,"2024-06-05 11:20:10",285174.05,0.00,0,14795.40,58,"Daniela Torres",47,"Daniel Dominguez",,,0,A_ABONO_ACTIVO,2024-05-25,abonos_creditos.fecha_pago,NO,"2024-07-10 11:30:29"
10382,10173,000-001-01-00025403,"PAPELERIA EMANUEL",0.00,0,,2024-05-27,"2024-05-28 15:31:44",3138.16,0.00,0,640.04,57,"Josue Cerritos",14,"Sulay Pineda",,,0,A_ABONO_ACTIVO,2024-05-27,abonos_creditos.fecha_pago,NO,"2024-07-10 11:42:09"
9885,10002,000-001-01-00025370,"BANCO CENTRAL DE HONDURAS",0.00,0,,2024-05-28,"2024-06-04 11:24:11",2094.40,0.00,1,0.00,57,"Josue Cerritos",36,"Angel Villela",,,0,A_ABONO_ACTIVO,2024-05-28,abonos_creditos.fecha_pago,NO,"2024-06-04 11:24:11"
9886,10003,000-001-01-00025371,"BANCO CENTRAL DE HONDURAS",0.00,0,,2024-05-28,"2024-06-04 11:24:47",3111.00,0.00,1,0.00,57,"Josue Cerritos",36,"Angel Villela",,,0,A_ABONO_ACTIVO,2024-05-28,abonos_creditos.fecha_pago,NO,"2024-06-04 11:24:47"
9980,9701,000-001-01-00025108,"PROCURADURIA GENERAL DE LA REPUBLICA",0.00,0,,2024-05-29,"2024-05-31 16:09:03",44033.12,0.00,1,0.00,27,"Ana Pineda",24,OFICINA,,,0,A_ABONO_ACTIVO,2024-05-29,abonos_creditos.fecha_pago,SI,"2024-05-31 16:09:03"
10670,9613,000-001-01-00025035,"INSTITUTO HONDUREÑO DEL TRANSPORTE TERRESTRE",0.00,0,,2024-05-30,"2024-06-04 13:22:40",16446.00,0.00,1,0.00,27,"Ana Pineda",24,OFICINA,,,0,A_ABONO_ACTIVO,2024-05-30,abonos_creditos.fecha_pago,SI,"2024-06-04 13:22:40"
10661,10264,000-001-01-00025587,"INSTITUTO HONDUREÑO DE MERCADEO AGRICOLA (IHMA)",0.00,0,,2024-05-30,"2024-06-04 13:17:18",732.96,0.00,1,0.00,27,"Ana Pineda",24,OFICINA,,,0,A_ABONO_ACTIVO,2024-05-30,abonos_creditos.fecha_pago,SI,"2024-06-04 13:17:18"
8339,9456,000-001-01-00024896,"SEDENA ,ESTADO MAYOR CONJUNTO C-2",0.00,0,,2024-05-31,"2024-06-04 13:21:58",9418.88,0.00,1,0.00,30,"Kelyn Barahona",24,OFICINA,,,0,A_ABONO_ACTIVO,2024-05-31,abonos_creditos.fecha_pago,NO,"2024-06-04 13:21:58"
8340,9461,000-001-01-00024901,"SEDENA ,ESTADO MAYOR CONJUNTO C-2",0.00,0,,2024-05-31,"2024-06-04 13:19:51",3323.48,0.00,1,0.00,30,"Kelyn Barahona",24,OFICINA,,,0,A_ABONO_ACTIVO,2024-05-31,abonos_creditos.fecha_pago,NO,"2024-06-04 13:19:51"
10652,9595,000-001-01-00025017,"UNIDAD MUNICIPAL DE AGUA POTABLE Y SANEAMIENTO DEL DISTRITO CENTRAL(UMAPS)",0.00,0,,2024-06-01,"2024-06-03 15:38:53",13326.40,0.00,1,0.00,27,"Ana Pineda",24,OFICINA,,,0,A_ABONO_ACTIVO,2024-06-01,abonos_creditos.fecha_pago,SI,"2024-06-03 15:38:53"
10653,9700,000-001-01-00025107,"UNIDAD MUNICIPAL DE AGUA POTABLE Y SANEAMIENTO DEL DISTRITO CENTRAL(UMAPS)",0.00,0,,2024-06-01,"2024-06-03 15:39:30",15343.92,0.00,1,0.00,27,"Ana Pineda",24,OFICINA,,,0,A_ABONO_ACTIVO,2024-06-01,abonos_creditos.fecha_pago,SI,"2024-06-03 15:39:30"
10648,9726,000-001-01-00025131,HONDUTEL,0.00,0,,2024-06-01,"2024-06-03 15:34:29",12444.00,0.00,1,0.00,27,"Ana Pineda",24,OFICINA,,,0,A_ABONO_ACTIVO,2024-06-01,abonos_creditos.fecha_pago,SI,"2024-06-03 15:34:29"
11053,10246,000-001-01-00025569,"SERVICIO DE ADMINISTRACION DE RENTAS",0.00,0,,2024-06-04,"2024-06-12 15:00:29",2234.00,0.00,1,0.00,27,"Ana Pineda",24,OFICINA,,,0,A_ABONO_ACTIVO,2024-06-04,abonos_creditos.fecha_pago,SI,"2024-06-12 15:00:29"
2156,6522,000-001-01-00022486,"DISTRIBUIDORA UNIVERSAL",0.00,0,,2024-06-05,"2024-06-06 10:32:59",395945.00,0.00,0,15180.00,8,"Francis Andino",24,OFICINA,,,0,A_ABONO_ACTIVO,2024-06-05,abonos_creditos.fecha_pago,NO,"2024-06-06 15:00:50"
9858,9895,000-001-01-00025278,"MINISTERIO PUBLICO",0.00,0,,2024-06-05,"2024-06-12 15:01:42",83776.00,0.00,1,0.00,27,"Ana Pineda",24,OFICINA,,,0,A_ABONO_ACTIVO,2024-06-05,abonos_creditos.fecha_pago,SI,"2024-06-12 15:01:42"
9860,9898,000-001-01-00025281,"MINISTERIO PUBLICO",0.00,0,,2024-06-05,"2024-06-12 15:02:14",6744.00,0.00,1,0.00,27,"Ana Pineda",24,OFICINA,,,0,A_ABONO_ACTIVO,2024-06-05,abonos_creditos.fecha_pago,SI,"2024-06-12 15:02:14"
9861,9921,000-001-01-00025304,"MINISTERIO PUBLICO",0.00,0,,2024-06-05,"2024-06-12 15:02:46",21519.92,0.00,1,0.00,27,"Ana Pineda",24,OFICINA,,,0,A_ABONO_ACTIVO,2024-06-05,abonos_creditos.fecha_pago,SI,"2024-06-12 15:02:46"
8338,9212,000-001-01-00024684,"SEDENA ,ESTADO MAYOR CONJUNTO C-2",0.00,0,,2024-06-07,"2024-06-12 14:56:32",3429.66,0.00,1,0.00,27,"Ana Pineda",24,OFICINA,,,0,A_ABONO_ACTIVO,2024-06-07,abonos_creditos.fecha_pago,SI,"2024-06-12 14:56:32"
11018,10151,000-001-01-00025496,"INSTITUTO NACIONAL DE ESTADISTICA",0.00,0,,2024-06-07,"2024-06-12 14:57:10",10350.96,0.00,1,0.00,27,"Ana Pineda",24,OFICINA,,,0,A_ABONO_ACTIVO,2024-06-07,abonos_creditos.fecha_pago,SI,"2024-06-12 14:57:10"
11039,10286,000-001-01-00025608,"SERVICIO AUTÓNOMO NACIONAL DE ACUEDUCTOS Y ALCANTARILLADO (SANAA)",0.00,0,,2024-06-07,"2024-06-12 14:59:46",10467.48,0.00,1,0.00,27,"Ana Pineda",24,OFICINA,,,0,A_ABONO_ACTIVO,2024-06-07,abonos_creditos.fecha_pago,SI,"2024-06-12 14:59:46"
10947,10458,000-001-01-00025760,"ALCALDIA MUNICIPAL DE PUERTO CORTES",0.00,0,,2024-06-08,"2024-06-11 15:17:17",3701.62,0.00,1,0.00,27,"Ana Pineda",24,OFICINA,,,0,A_ABONO_ACTIVO,2024-06-08,abonos_creditos.fecha_pago,SI,"2024-06-11 15:17:17"
10669,9490,000-001-01-00024923,"INSTITUTO HONDUREÑO DEL TRANSPORTE TERRESTRE",0.00,0,,2024-06-10,"2024-06-12 14:59:03",13972.00,0.00,1,0.00,27,"Ana Pineda",24,OFICINA,,,0,A_ABONO_ACTIVO,2024-06-10,abonos_creditos.fecha_pago,SI,"2024-06-12 14:59:03"
10671,9683,000-001-01-00025090,"INSTITUTO HONDUREÑO DEL TRANSPORTE TERRESTRE",0.00,0,,2024-06-10,"2024-06-12 14:58:25",10472.00,0.00,1,0.00,27,"Ana Pineda",24,OFICINA,,,0,A_ABONO_ACTIVO,2024-06-10,abonos_creditos.fecha_pago,SI,"2024-06-12 14:58:25"
9859,9897,000-001-01-00025280,"MINISTERIO PUBLICO",0.00,0,,2024-06-13,"2024-06-25 16:49:58",11924.40,0.00,1,0.00,27,"Ana Pineda",24,OFICINA,,,0,A_ABONO_ACTIVO,2024-06-13,abonos_creditos.fecha_pago,SI,"2024-06-25 16:49:58"
9862,9925,000-001-01-00025308,"MINISTERIO PUBLICO",0.00,0,,2024-06-13,"2024-06-25 16:24:14",69650.48,0.00,1,0.00,27,"Ana Pineda",24,OFICINA,,,0,A_ABONO_ACTIVO,2024-06-13,abonos_creditos.fecha_pago,SI,"2024-06-25 16:24:14"
534,7240,000-001-01-00022947,"SECRETARIA DE DESARROLLO COMUNITARIO, AGUA Y SANEAMIENTO FHIS",0.00,0,,2024-06-17,"2024-06-26 13:06:40",322.20,0.00,1,0.00,27,"Ana Pineda",24,OFICINA,,,0,A_ABONO_ACTIVO,2024-06-17,abonos_creditos.fecha_pago,SI,"2024-06-26 13:06:40"
535,7296,000-001-01-00023001,"SECRETARIA DE DESARROLLO COMUNITARIO, AGUA Y SANEAMIENTO FHIS",0.00,0,,2024-06-17,"2024-06-26 13:05:39",7152.46,0.00,1,0.00,8,"Francis Andino",24,OFICINA,,,0,A_ABONO_ACTIVO,2024-06-17,abonos_creditos.fecha_pago,NO,"2024-06-26 13:05:39"
5726,8936,000-001-01-00024450,"SECRETARIA DE SALUD",0.00,0,,2024-06-17,"2024-06-26 16:28:05",179887.50,0.00,1,0.00,27,"Ana Pineda",24,OFICINA,,,0,A_ABONO_ACTIVO,2024-06-17,abonos_creditos.fecha_pago,SI,"2024-06-26 16:28:05"
5727,8941,000-001-01-00024453,"SECRETARIA DE SALUD",0.00,0,,2024-06-17,"2024-06-26 16:28:35",19358.00,0.00,1,0.00,27,"Ana Pineda",24,OFICINA,,,0,A_ABONO_ACTIVO,2024-06-17,abonos_creditos.fecha_pago,SI,"2024-06-26 16:28:35"
9721,9074,000-001-01-00024556,"SECRETARIA DE INFRAESTRUCTURA Y TRANSPORTE",0.00,0,,2024-06-17,"2024-06-26 15:24:26",89606.60,0.00,1,0.00,27,"Ana Pineda",24,OFICINA,,,0,A_ABONO_ACTIVO,2024-06-17,abonos_creditos.fecha_pago,SI,"2024-06-26 15:24:26"
5737,9452,000-001-01-00024892,"SECRETARIA DE SALUD",0.00,0,,2024-06-17,"2024-06-26 16:26:43",780.84,0.00,1,0.00,27,"Ana Pineda",24,OFICINA,,,0,A_ABONO_ACTIVO,2024-06-17,abonos_creditos.fecha_pago,SI,"2024-06-26 16:26:43"
8017,9535,000-001-01-00024958,"HOSPITAL PSIQUIATRICO SANTA ROSITA",0.00,0,,2024-06-17,"2024-06-26 16:05:18",1606.96,0.00,1,0.00,27,"Ana Pineda",24,OFICINA,,,0,A_ABONO_ACTIVO,2024-06-17,abonos_creditos.fecha_pago,SI,"2024-06-26 16:05:18"
8009,9596,000-001-01-00025018,"SECRETARIA DE SALUD",0.00,0,,2024-06-17,"2024-06-26 16:26:16",17357.76,0.00,1,0.00,27,"Ana Pineda",24,OFICINA,,,0,A_ABONO_ACTIVO,2024-06-17,abonos_creditos.fecha_pago,SI,"2024-06-26 16:26:16"
9706,9606,000-001-01-00025028,"SECRETARIA DE ESTADO EN LOS DESPACHOS DE NIÑEZ, ADOLESCENCIA Y FAMILIA",0.00,0,,2024-06-17,"2024-06-26 15:19:56",23764.64,0.00,1,0.00,57,"Josue Cerritos",36,"Angel Villela",,,0,A_ABONO_ACTIVO,2024-06-17,abonos_creditos.fecha_pago,NO,"2024-06-26 15:19:56"
9738,9611,000-001-01-00025033,"SECRETARIA DE RELACIONES EXTERIORES Y COOPERACION INTERNACIONAL",0.00,0,,2024-06-17,"2024-06-26 14:56:00",11332.00,0.00,1,0.00,27,"Ana Pineda",24,OFICINA,,,0,A_ABONO_ACTIVO,2024-06-17,abonos_creditos.fecha_pago,SI,"2024-06-26 14:56:00"
8011,9672,000-001-01-00025079,"SECRETARIA DE SALUD",0.00,0,,2024-06-17,"2024-06-26 16:25:24",172.40,0.00,1,0.00,27,"Ana Pineda",24,OFICINA,,,0,A_ABONO_ACTIVO,2024-06-17,abonos_creditos.fecha_pago,SI,"2024-06-26 16:25:24"
8012,9679,000-001-01-00025086,"SECRETARIA DE SALUD",0.00,0,,2024-06-17,"2024-06-26 16:23:23",4650.19,0.00,1,0.00,30,"Kelyn Barahona",24,OFICINA,,,0,A_ABONO_ACTIVO,2024-06-17,abonos_creditos.fecha_pago,NO,"2024-06-26 16:23:23"
9673,9706,000-001-01-00025113,"SECRETARIA DE SALUD",0.00,0,,2024-06-17,"2024-06-26 16:22:51",35697.60,0.00,1,0.00,27,"Ana Pineda",24,OFICINA,,,0,A_ABONO_ACTIVO,2024-06-17,abonos_creditos.fecha_pago,SI,"2024-06-26 16:22:51"
9801,9812,000-001-01-00025207,"INSTITUTO NACIONAL DE CONSERVACION Y DESARROLLO F.",0.00,0,,2024-06-17,"2024-06-26 16:39:30",2910.31,0.00,1,0.00,27,"Ana Pineda",24,OFICINA,,,0,A_ABONO_ACTIVO,2024-06-17,abonos_creditos.fecha_pago,SI,"2024-06-26 16:39:30"
9674,9832,000-001-01-00025226,"SECRETARIA DE SALUD",0.00,0,,2024-06-17,"2024-06-26 16:22:11",1913.28,0.00,1,0.00,27,"Ana Pineda",24,OFICINA,,,0,A_ABONO_ACTIVO,2024-06-17,abonos_creditos.fecha_pago,SI,"2024-06-26 16:22:11"
9675,9834,000-001-01-00025227,"SECRETARIA DE SALUD",0.00,0,,2024-06-17,"2024-06-26 16:21:34",174157.60,0.00,1,0.00,27,"Ana Pineda",24,OFICINA,,,0,A_ABONO_ACTIVO,2024-06-17,abonos_creditos.fecha_pago,SI,"2024-06-26 16:21:34"
9676,9836,000-001-01-00025229,"SECRETARIA DE SALUD",0.00,0,,2024-06-17,"2024-06-26 16:20:18",3556.50,0.00,1,0.00,27,"Ana Pineda",24,OFICINA,,,0,A_ABONO_ACTIVO,2024-06-17,abonos_creditos.fecha_pago,SI,"2024-06-26 16:20:18"
9677,9837,000-001-01-00025230,"SECRETARIA DE SALUD",0.00,0,,2024-06-17,"2024-06-26 16:20:56",19283.94,0.00,1,0.00,27,"Ana Pineda",24,OFICINA,,,0,A_ABONO_ACTIVO,2024-06-17,abonos_creditos.fecha_pago,SI,"2024-06-26 16:20:56"
9678,9843,000-001-01-00025235,"SECRETARIA DE SALUD",0.00,0,,2024-06-17,"2024-06-26 16:19:42",15428.60,0.00,1,0.00,27,"Ana Pineda",24,OFICINA,,,0,A_ABONO_ACTIVO,2024-06-17,abonos_creditos.fecha_pago,SI,"2024-06-26 16:19:42"
9786,9853,000-001-01-00025245,"INSTITUTO NACIONAL PENITENCIARIO",0.00,0,,2024-06-17,"2024-06-26 14:49:52",203555.44,0.00,1,0.00,57,"Josue Cerritos",36,"Angel Villela",,,0,A_ABONO_ACTIVO,2024-06-17,abonos_creditos.fecha_pago,NO,"2024-06-26 14:49:52"
9679,9919,000-001-01-00025302,"SECRETARIA DE SALUD",0.00,0,,2024-06-17,"2024-06-26 16:10:17",10556.50,0.00,1,0.00,30,"Kelyn Barahona",24,OFICINA,,,0,A_ABONO_ACTIVO,2024-06-17,abonos_creditos.fecha_pago,NO,"2024-06-26 16:10:17"
9680,9941,000-001-01-00025319,"SECRETARIA DE SALUD",0.00,0,,2024-06-17,"2024-06-26 16:09:02",22361.60,0.00,1,0.00,27,"Ana Pineda",24,OFICINA,,,0,A_ABONO_ACTIVO,2024-06-17,abonos_creditos.fecha_pago,SI,"2024-06-26 16:09:02"
10574,9943,000-001-01-00025321,"SECRETARIA DE ESTADO EN EL DESPACHO DE DERECHOS HUMANOS",0.00,0,,2024-06-17,"2024-06-26 15:14:23",349.52,0.00,1,0.00,30,"Kelyn Barahona",24,OFICINA,,,0,A_ABONO_ACTIVO,2024-06-17,abonos_creditos.fecha_pago,NO,"2024-06-26 15:14:23"
11585,9959,000-001-01-00025334,"COMISION NACIONAL SUPERVISORA DE SERVICIOS PUBLICOS (CNSSP)",0.00,0,,2024-06-17,"2024-06-26 15:26:55",552.48,0.00,1,0.00,30,"Kelyn Barahona",24,OFICINA,,,0,A_ABONO_ACTIVO,2024-06-17,abonos_creditos.fecha_pago,NO,"2024-06-26 15:26:57"
11586,9961,000-001-01-00025336,"COMISION NACIONAL SUPERVISORA DE SERVICIOS PUBLICOS (CNSSP)",0.00,0,,2024-06-17,"2024-06-26 15:27:37",8606.28,0.00,1,0.00,30,"Kelyn Barahona",24,OFICINA,,,0,A_ABONO_ACTIVO,2024-06-17,abonos_creditos.fecha_pago,NO,"2024-06-26 15:27:37"
9787,10018,000-001-01-00025385,"INSTITUTO NACIONAL PENITENCIARIO",0.00,0,,2024-06-17,"2024-06-26 14:49:07",2697.60,0.00,1,0.00,57,"Josue Cerritos",36,"Angel Villela",,,0,A_ABONO_ACTIVO,2024-06-17,abonos_creditos.fecha_pago,NO,"2024-06-26 14:49:07"
9681,10021,000-001-01-00025388,"SECRETARIA DE SALUD",0.00,0,,2024-06-17,"2024-06-26 16:01:55",179887.50,0.00,1,0.00,27,"Ana Pineda",24,OFICINA,,,0,A_ABONO_ACTIVO,2024-06-17,abonos_creditos.fecha_pago,SI,"2024-06-26 16:01:55"
9682,10026,000-001-01-00025392,"SECRETARIA DE SALUD",0.00,0,,2024-06-17,"2024-06-26 16:08:12",41938.08,0.00,1,0.00,30,"Kelyn Barahona",24,OFICINA,,,0,A_ABONO_ACTIVO,2024-06-17,abonos_creditos.fecha_pago,NO,"2024-06-26 16:08:12"
9683,10028,000-001-01-00025394,"SECRETARIA DE SALUD",0.00,0,,2024-06-17,"2024-06-26 16:04:08",2970.81,0.00,1,0.00,30,"Kelyn Barahona",24,OFICINA,,,0,A_ABONO_ACTIVO,2024-06-17,abonos_creditos.fecha_pago,NO,"2024-06-26 16:04:08"
9728,10043,000-001-01-00025406,"SECRETARIA DE AGRICULTURA Y GANADERIA (SAG)",0.00,0,,2024-06-17,"2024-06-26 15:17:48",8055.40,0.00,1,0.00,27,"Ana Pineda",24,OFICINA,,,0,A_ABONO_ACTIVO,2024-06-17,abonos_creditos.fecha_pago,SI,"2024-06-26 15:17:48"
9729,10045,000-001-01-00025408,"SECRETARIA DE DEFENSA NACIONAL",0.00,0,,2024-06-17,"2024-06-26 15:15:47",17475.85,0.00,1,0.00,27,"Ana Pineda",24,OFICINA,,,0,A_ABONO_ACTIVO,2024-06-17,abonos_creditos.fecha_pago,SI,"2024-06-26 15:15:47"
9777,10049,000-001-01-00025412,"DIRECCION DEPARTAMENTAL DE EDUCACION DE FRANCISCO MORAZAN",0.00,0,,2024-06-17,"2024-06-26 14:52:52",4720.00,0.00,1,0.00,27,"Ana Pineda",24,OFICINA,,,0,A_ABONO_ACTIVO,2024-06-17,abonos_creditos.fecha_pago,SI,"2024-06-26 14:52:52"
9694,10052,000-001-01-00025415,"SECRETARIA DE TRANSPARENCIA Y LUCHA CONTRA LA CORRUPCIÓN",0.00,0,,2024-06-17,"2024-06-26 15:21:45",20232.00,0.00,1,0.00,27,"Ana Pineda",24,OFICINA,,,0,A_ABONO_ACTIVO,2024-06-17,abonos_creditos.fecha_pago,SI,"2024-06-26 15:21:45"
9967,10092,000-001-01-00025443,"SECRETARIA DE SALUD",0.00,0,,2024-06-17,"2024-06-26 16:03:06",8166.00,0.00,1,0.00,27,"Ana Pineda",24,OFICINA,,,0,A_ABONO_ACTIVO,2024-06-17,abonos_creditos.fecha_pago,SI,"2024-06-26 16:03:06"
9968,10093,000-001-01-00025444,"SECRETARIA DE SALUD",0.00,0,,2024-06-17,"2024-06-26 16:03:36",6597.30,0.00,1,0.00,27,"Ana Pineda",24,OFICINA,,,0,A_ABONO_ACTIVO,2024-06-17,abonos_creditos.fecha_pago,SI,"2024-06-26 16:03:36"
11575,10104,000-001-01-00025455,"SECRETARIA DE ESTADO PARA EL DESARR. Y SEGUIMIENTO / SEDESPA",0.00,0,,2024-06-17,"2024-06-26 14:59:46",1377.60,0.00,1,0.00,27,"Ana Pineda",24,OFICINA,,,0,A_ABONO_ACTIVO,2024-06-17,abonos_creditos.fecha_pago,SI,"2024-06-26 14:59:46"
11576,10114,000-001-01-00025465,"SECRETARIA DE ESTADO PARA EL DESARR. Y SEGUIMIENTO / SEDESPA",0.00,0,,2024-06-17,"2024-06-26 15:28:27",5357.36,0.00,1,0.00,27,"Ana Pineda",24,OFICINA,,,0,A_ABONO_ACTIVO,2024-06-17,abonos_creditos.fecha_pago,SI,"2024-06-26 15:28:27"
9985,10126,000-001-01-00025473,"SECRETARIA DE ESTADO DE LAS CULTURAS,LAS ARTES /SECAPP",0.00,0,,2024-06-17,"2024-06-26 15:22:22",47208.00,0.00,1,0.00,27,"Ana Pineda",24,OFICINA,,,0,A_ABONO_ACTIVO,2024-06-17,abonos_creditos.fecha_pago,SI,"2024-06-26 15:22:22"
11530,10142,000-001-01-00025488,"SECRETARIA DE GOBERNACION,JUSTICIA Y DESCENTRALIZA",0.00,0,,2024-06-17,"2024-06-26 14:47:41",797.20,0.00,1,0.00,27,"Ana Pineda",24,OFICINA,,,0,A_ABONO_ACTIVO,2024-06-17,abonos_creditos.fecha_pago,SI,"2024-06-26 14:47:41"
9974,10143,000-001-01-00025489,"SECRETARIA DE INFRAESTRUCTURA Y TRANSPORTE",0.00,0,,2024-06-17,"2024-06-26 15:23:45",16172.00,0.00,1,0.00,27,"Ana Pineda",24,OFICINA,,,0,A_ABONO_ACTIVO,2024-06-17,abonos_creditos.fecha_pago,SI,"2024-06-26 15:23:45"
11430,10145,000-001-01-00025491,"ADMINISTRACION NACIONAL DE SERVICIO CIVIL (ANSEC)",0.00,0,,2024-06-17,"2024-06-26 15:25:27",12289.88,0.00,1,0.00,27,"Ana Pineda",24,OFICINA,,,0,A_ABONO_ACTIVO,2024-06-17,abonos_creditos.fecha_pago,SI,"2024-06-26 15:25:27"
11531,10150,000-001-01-00025495,"SECRETARIA DE GOBERNACION,JUSTICIA Y DESCENTRALIZA",0.00,0,,2024-06-17,"2024-06-26 14:48:14",4247.20,0.00,1,0.00,27,"Ana Pineda",24,OFICINA,,,0,A_ABONO_ACTIVO,2024-06-17,abonos_creditos.fecha_pago,SI,"2024-06-26 14:48:14"
10454,10252,000-001-01-00025575,"SECRETARIA DE SALUD",0.00,0,,2024-06-17,"2024-06-26 16:37:46",4432.96,0.00,1,0.00,27,"Ana Pineda",24,OFICINA,,,0,A_ABONO_ACTIVO,2024-06-17,abonos_creditos.fecha_pago,SI,"2024-06-26 16:37:46"
10582,10295,000-001-01-00025616,"SECRETARIA DE ESTADO EN LOS  DESPACHO DE LA PRESIDENCIA",0.00,0,,2024-06-17,"2024-06-26 14:45:11",37213.20,0.00,1,0.00,30,"Kelyn Barahona",24,OFICINA,,,0,A_ABONO_ACTIVO,2024-06-17,abonos_creditos.fecha_pago,NO,"2024-06-26 14:45:11"
10457,10297,000-001-01-00025618,"SECRETARIA DE SALUD",0.00,0,,2024-06-17,"2024-06-26 16:38:28",6572.00,0.00,1,0.00,27,"Ana Pineda",24,OFICINA,,,0,A_ABONO_ACTIVO,2024-06-17,abonos_creditos.fecha_pago,SI,"2024-06-26 16:38:28"
10458,10298,000-001-01-00025619,"SECRETARIA DE SALUD",0.00,0,,2024-06-17,"2024-06-26 16:38:54",24878.24,0.00,1,0.00,27,"Ana Pineda",24,OFICINA,,,0,A_ABONO_ACTIVO,2024-06-17,abonos_creditos.fecha_pago,SI,"2024-06-26 16:38:54"
10583,10328,000-001-01-00025646,"SECRETARIA DE AGRICULTURA Y GANADERIA (SAG)",0.00,0,,2024-06-17,"2024-06-26 15:16:51",13687.20,0.00,1,0.00,27,"Ana Pineda",24,OFICINA,,,0,A_ABONO_ACTIVO,2024-06-17,abonos_creditos.fecha_pago,SI,"2024-06-26 15:16:51"
9705,9495,000-001-01-00024928,"SECRETARIA DE ESTADO EN LOS DESPACHOS DE NIÑEZ, ADOLESCENCIA Y FAMILIA",0.00,0,,2024-06-18,"2024-06-26 15:18:55",13144.00,0.00,1,0.00,57,"Josue Cerritos",36,"Angel Villela",,,0,A_ABONO_ACTIVO,2024-06-18,abonos_creditos.fecha_pago,NO,"2024-06-26 15:18:55"
4007,7282,000-001-01-00022988,"MINISTERIO PUBLICO",0.00,0,,2024-06-20,"2024-08-26 16:28:46",123626.00,0.00,1,0.00,8,"Francis Andino",24,OFICINA,,,0,A_ABONO_ACTIVO,2024-06-20,abonos_creditos.fecha_pago,NO,"2024-08-26 16:28:46"
9999,10048,000-001-01-00025411,"INSTITUTO HONDUREÑO DE TURISMO",0.00,0,,2024-06-20,"2024-06-25 16:22:04",10404.20,0.00,1,0.00,27,"Ana Pineda",24,OFICINA,,,0,A_ABONO_ACTIVO,2024-06-20,abonos_creditos.fecha_pago,SI,"2024-06-25 16:22:04"
11429,10336,000-001-01-00025651,"ADMINISTRACION ADUANERA DE HONDURAS",0.00,0,,2024-06-20,"2024-06-25 16:19:57",189206.80,0.00,1,0.00,30,"Kelyn Barahona",24,OFICINA,,,0,A_ABONO_ACTIVO,2024-06-20,abonos_creditos.fecha_pago,NO,"2024-06-25 16:19:57"
9981,9838,000-001-01-00025231,"PROCURADURIA GENERAL DE LA REPUBLICA",0.00,0,,2024-06-22,"2024-06-25 11:52:09",12236.70,0.00,1,0.00,27,"Ana Pineda",24,OFICINA,,,0,A_ABONO_ACTIVO,2024-06-22,abonos_creditos.fecha_pago,SI,"2024-06-25 11:52:09"
9982,10006,000-001-01-00025373,"PROCURADURIA GENERAL DE LA REPUBLICA",0.00,0,,2024-06-22,"2024-06-25 11:51:04",10116.00,0.00,1,0.00,27,"Ana Pineda",24,OFICINA,,,0,A_ABONO_ACTIVO,2024-06-22,abonos_creditos.fecha_pago,SI,"2024-06-25 11:51:05"
9834,10068,000-001-01-00025423,"HECTOR S OFFICE",0.00,0,,2024-06-23,"2024-07-05 11:03:27",38511.38,269.10,0,0.00,58,"Daniela Torres",115,"Erling Peralta",,,0,A_ABONO_ACTIVO,2024-06-23,abonos_creditos.fecha_pago,NO,"2024-07-05 11:03:27"
8525,9719,000-001-01-00025124,"TRIBUNAL SUPERIOR DE CUENTAS",0.00,0,,2024-06-25,"2024-06-27 08:59:29",22626.00,0.00,1,0.00,27,"Ana Pineda",24,OFICINA,,,0,A_ABONO_ACTIVO,2024-06-25,abonos_creditos.fecha_pago,SI,"2024-06-27 08:59:29"
11431,10678,000-001-01-00025955,"ADMINISTRACION NACIONAL DE SERVICIO CIVIL (ANSEC)",0.00,0,,2024-06-25,"2024-06-25 16:21:06",5297.12,0.00,1,0.00,27,"Ana Pineda",24,OFICINA,,,0,A_ABONO_ACTIVO,2024-06-25,abonos_creditos.fecha_pago,SI,"2024-06-25 16:21:06"
9998,9873,000-001-01-00025258,"INSTITUTO HONDUREÑO DE TURISMO",0.00,0,,2024-06-26,"2024-06-27 09:32:40",10629.58,0.00,1,0.00,30,"Kelyn Barahona",24,OFICINA,,,0,A_ABONO_ACTIVO,2024-06-26,abonos_creditos.fecha_pago,NO,"2024-06-27 09:32:40"
10576,10285,000-001-01-00025607,"MINISTERIO PUBLICO",0.00,0,,2024-06-26,"2024-07-05 16:18:04",7681.40,0.00,1,0.00,27,"Ana Pineda",24,OFICINA,,,0,A_ABONO_ACTIVO,2024-06-26,abonos_creditos.fecha_pago,SI,"2024-07-05 16:18:04"
13640,10539,000-001-01-00025825,"MISION BUENAS  NUEVAS HONDURAS",0.00,0,,2024-06-27,"2024-08-15 16:18:34",15000.00,0.00,0,10000.00,30,"Kelyn Barahona",24,OFICINA,,,0,A_ABONO_ACTIVO,2024-06-27,abonos_creditos.fecha_pago,NO,"2025-06-12 12:35:26"
12006,10870,000-001-01-00026120,"ALCALDIA MUNICIPAL DE PUERTO CORTES",0.00,0,,2024-06-29,"2024-07-05 13:05:00",5875.00,0.00,1,0.00,27,"Ana Pineda",24,OFICINA,,,0,A_ABONO_ACTIVO,2024-06-29,abonos_creditos.fecha_pago,SI,"2024-07-05 13:05:00"
9084,9889,000-001-01-00025272,"LIBRERÍA UNIVERSAL",0.00,0,,2024-07-02,"2024-07-02 14:05:47",12664.21,1923.95,0,0.00,58,"Daniela Torres",4,"Roy Zelaya",,,0,A_ABONO_ACTIVO,2024-07-02,abonos_creditos.fecha_pago,NO,"2024-07-02 14:05:47"
11528,10694,000-001-01-00025971,"INSTITUTO NACIONAL DE CONSERVACION Y DESARROLLO F.",0.00,0,,2024-07-02,"2024-07-09 13:11:59",9706.67,0.00,1,0.00,27,"Ana Pineda",24,OFICINA,,,0,A_ABONO_ACTIVO,2024-07-02,abonos_creditos.fecha_pago,SI,"2024-07-09 13:11:59"
11943,10237,000-001-01-00025562,"BANCO NACIONAL DE DESARROLLO AGRICOLA",0.00,0,,2024-07-04,"2024-07-05 09:39:40",1501.50,0.00,1,0.00,27,"Ana Pineda",24,OFICINA,,,0,A_ABONO_ACTIVO,2024-07-04,abonos_creditos.fecha_pago,SI,"2024-07-05 09:39:40"
10548,10324,000-001-01-00025643,"SEDENA,INDUSTRIA MILITAR DE LAS FUERZAS ARMADAS",0.00,0,,2024-07-04,"2024-07-05 09:36:26",19250.00,0.00,1,0.00,27,"Ana Pineda",24,OFICINA,,,0,A_ABONO_ACTIVO,2024-07-04,abonos_creditos.fecha_pago,SI,"2024-07-05 09:36:26"
10549,10325,000-001-01-00025644,"SEDENA,INDUSTRIA MILITAR DE LAS FUERZAS ARMADAS",0.00,0,,2024-07-04,"2024-07-05 09:37:14",270.02,0.00,1,0.00,27,"Ana Pineda",24,OFICINA,,,0,A_ABONO_ACTIVO,2024-07-04,abonos_creditos.fecha_pago,SI,"2024-07-05 09:37:14"
7710,9487,000-001-01-00024658,"DESARROLLOS INDUSTRIALES MULTIPLES S. DE R.L. DE C.V",0.00,0,,2024-07-05,"2024-07-08 14:04:19",98664.25,0.00,0,12471.75,57,"Josue Cerritos",36,"Angel Villela",,,0,A_ABONO_ACTIVO,2024-07-05,abonos_creditos.fecha_pago,NO,"2024-07-10 13:24:05"
12359,10607,000-001-01-00025891,"INSTITUTO NACIONAL DE PREVISION DEL MAGISTERIO",0.00,0,,2024-07-10,"2024-07-16 16:24:40",77440.00,0.00,1,0.00,27,"Ana Pineda",24,OFICINA,,,0,A_ABONO_ACTIVO,2024-07-10,abonos_creditos.fecha_pago,SI,"2024-07-16 16:24:40"
12194,11100,000-001-01-00026326,"ALCALDIA MUNICIPAL DE EL NEGRITO YORO",0.00,0,,2024-07-11,"2024-07-12 11:35:39",23075.76,0.00,1,0.00,27,"Ana Pineda",24,OFICINA,,,0,A_ABONO_ACTIVO,2024-07-11,abonos_creditos.fecha_pago,SI,"2024-07-12 11:35:39"
12247,10644,000-001-01-00025921,COPECO,0.00,0,,2024-07-12,"2024-08-15 13:25:23",3897.60,0.00,1,0.00,27,"Ana Pineda",24,OFICINA,,,0,A_ABONO_ACTIVO,2024-07-12,abonos_creditos.fecha_pago,SI,"2024-08-15 13:25:23"
12259,10704,000-001-01-00025979,"INSTITUTO NACIONAL DE FORMACION PROFESIONAL",0.00,0,,2024-07-12,"2024-07-16 11:22:03",1397.20,0.00,1,0.00,27,"Ana Pineda",24,OFICINA,,,0,A_ABONO_ACTIVO,2024-07-12,abonos_creditos.fecha_pago,SI,"2024-07-16 11:22:03"
12260,10707,000-001-01-00025982,"INSTITUTO NACIONAL DE FORMACION PROFESIONAL",0.00,0,,2024-07-12,"2024-07-16 11:21:15",3998.88,0.00,1,0.00,27,"Ana Pineda",24,OFICINA,,,0,A_ABONO_ACTIVO,2024-07-12,abonos_creditos.fecha_pago,SI,"2024-07-16 11:21:15"
12844,11327,000-001-01-00026522,"SECRETARIA DE SALUD",0.00,0,,2024-07-12,"2024-08-06 13:50:33",5958.00,0.00,1,0.00,27,"Ana Pineda",24,OFICINA,,,0,A_ABONO_ACTIVO,2024-07-12,abonos_creditos.fecha_pago,SI,"2024-08-06 13:50:33"
12845,11329,000-001-01-00026523,"SECRETARIA DE SALUD",0.00,0,,2024-07-12,"2024-08-06 13:51:29",612.64,0.00,1,0.00,27,"Ana Pineda",24,OFICINA,,,0,A_ABONO_ACTIVO,2024-07-12,abonos_creditos.fecha_pago,SI,"2024-08-06 13:51:29"
12846,11330,000-001-01-00026524,"SECRETARIA DE SALUD",0.00,0,,2024-07-12,"2024-08-06 13:52:45",3793.88,0.00,1,0.00,27,"Ana Pineda",24,OFICINA,,,0,A_ABONO_ACTIVO,2024-07-12,abonos_creditos.fecha_pago,SI,"2024-08-06 13:52:45"
12358,11112,000-001-01-00026338,INPREUNAH,0.00,0,,2024-07-15,"2024-07-16 16:21:27",474.40,0.00,1,0.00,30,"Kelyn Barahona",24,OFICINA,,,0,A_ABONO_ACTIVO,2024-07-15,abonos_creditos.fecha_pago,NO,"2024-07-16 16:21:27"
8008,9533,000-001-01-00024956,"SECRETARIA DE SALUD",0.00,0,,2024-07-17,"2024-08-17 11:00:56",80727.57,0.00,1,0.00,27,"Ana Pineda",24,OFICINA,,,0,A_ABONO_ACTIVO,2024-07-17,abonos_creditos.fecha_pago,SI,"2024-08-17 11:00:56"
9707,9916,000-001-01-00025299,"SECRETARIA DE ESTADO EN LOS DESPACHOS DE NIÑEZ, ADOLESCENCIA Y FAMILIA",0.00,0,,2024-07-17,"2024-08-17 09:23:46",1901.60,0.00,1,0.00,57,"Josue Cerritos",36,"Angel Villela",,,0,A_ABONO_ACTIVO,2024-07-17,abonos_creditos.fecha_pago,NO,"2024-08-17 09:23:46"
9708,9918,000-001-01-00025301,"SECRETARIA DE ESTADO EN LOS DESPACHOS DE NIÑEZ, ADOLESCENCIA Y FAMILIA",0.00,0,,2024-07-17,"2024-08-17 09:47:40",6572.00,0.00,1,0.00,57,"Josue Cerritos",36,"Angel Villela",,,0,A_ABONO_ACTIVO,2024-07-17,abonos_creditos.fecha_pago,NO,"2024-08-17 09:47:40"
9983,10101,000-001-01-00025452,"SECRETARIA DE ESTADO DE LAS CULTURAS,LAS ARTES /SECAPP",0.00,0,,2024-07-17,"2024-08-17 10:55:26",2722.00,0.00,1,0.00,27,"Ana Pineda",24,OFICINA,,,0,A_ABONO_ACTIVO,2024-07-17,abonos_creditos.fecha_pago,SI,"2024-08-17 10:55:26"
9984,10103,000-001-01-00025454,"SECRETARIA DE ESTADO DE LAS CULTURAS,LAS ARTES /SECAPP",0.00,0,,2024-07-17,"2024-08-17 11:05:05",6744.00,0.00,1,0.00,27,"Ana Pineda",24,OFICINA,,,0,A_ABONO_ACTIVO,2024-07-17,abonos_creditos.fecha_pago,SI,"2024-08-17 11:05:05"
10451,10178,000-001-01-00025517,"SECRETARIA DE SALUD",0.00,0,,2024-07-17,"2024-08-17 10:54:06",58997.55,0.00,1,0.00,27,"Ana Pineda",24,OFICINA,,,0,A_ABONO_ACTIVO,2024-07-17,abonos_creditos.fecha_pago,SI,"2024-08-17 10:54:06"
10453,10186,000-001-01-00025525,"SECRETARIA DE SALUD",0.00,0,,2024-07-17,"2024-08-17 11:02:20",5071.50,0.00,1,0.00,27,"Ana Pineda",24,OFICINA,,,0,A_ABONO_ACTIVO,2024-07-17,abonos_creditos.fecha_pago,SI,"2024-08-17 11:02:20"
10455,10283,000-001-01-00025605,"SECRETARIA DE SALUD",0.00,0,,2024-07-17,"2024-08-17 09:11:48",15405.97,0.00,1,0.00,27,"Ana Pineda",24,OFICINA,,,0,A_ABONO_ACTIVO,2024-07-17,abonos_creditos.fecha_pago,SI,"2024-08-17 09:11:48"
10456,10284,000-001-01-00025606,"SECRETARIA DE SALUD",0.00,0,,2024-07-17,"2024-08-17 09:12:51",1028.72,0.00,1,0.00,27,"Ana Pineda",24,OFICINA,,,0,A_ABONO_ACTIVO,2024-07-17,abonos_creditos.fecha_pago,SI,"2024-08-17 09:12:51"
10579,10314,000-001-01-00025634,"SECRETARIA DE SALUD",0.00,0,,2024-07-17,"2024-08-17 10:49:42",13633.00,0.00,1,0.00,27,"Ana Pineda",24,OFICINA,,,0,A_ABONO_ACTIVO,2024-07-17,abonos_creditos.fecha_pago,SI,"2024-08-17 10:49:42"
13182,10364,000-001-01-00025673,"SECRETARIA DE RECURSO NATURALES Y AMBIENTE",0.00,0,,2024-07-17,"2024-08-14 11:12:58",1797.00,0.00,1,0.00,27,"Ana Pineda",24,OFICINA,,,0,A_ABONO_ACTIVO,2024-07-17,abonos_creditos.fecha_pago,SI,"2024-08-14 11:12:58"
11582,10368,000-001-01-00025676,"SECRETARIA DE TRANSPARENCIA Y LUCHA CONTRA LA CORRUPCIÓN",0.00,0,,2024-07-17,"2024-08-14 11:09:24",6199.20,0.00,1,0.00,27,"Ana Pineda",24,OFICINA,,,0,A_ABONO_ACTIVO,2024-07-17,abonos_creditos.fecha_pago,SI,"2024-08-14 11:09:24"
13183,10369,000-001-01-00025677,"SECRETARIA DE RECURSO NATURALES Y AMBIENTE",0.00,0,,2024-07-17,"2024-08-14 11:07:00",7960.40,0.00,1,0.00,27,"Ana Pineda",24,OFICINA,,,0,A_ABONO_ACTIVO,2024-07-17,abonos_creditos.fecha_pago,SI,"2024-08-14 11:07:00"
10580,10376,000-001-01-00025684,"SECRETARIA DE SALUD",0.00,0,,2024-07-17,"2024-08-14 11:42:31",54872.34,0.00,1,0.00,30,"Kelyn Barahona",24,OFICINA,,,0,A_ABONO_ACTIVO,2024-07-17,abonos_creditos.fecha_pago,NO,"2024-08-14 11:42:31"
11589,10481,000-001-01-00025776,"SECRETARIA DE SALUD",0.00,0,,2024-07-17,"2024-08-14 14:38:34",1207.28,0.00,1,0.00,27,"Ana Pineda",24,OFICINA,,,0,A_ABONO_ACTIVO,2024-07-17,abonos_creditos.fecha_pago,SI,"2024-08-14 14:38:34"
11590,10532,000-001-01-00025818,"SECRETARIA DE SALUD",0.00,0,,2024-07-17,"2024-08-16 08:32:35",61837.04,0.00,1,0.00,27,"Ana Pineda",24,OFICINA,,,0,A_ABONO_ACTIVO,2024-07-17,abonos_creditos.fecha_pago,SI,"2024-08-16 08:32:35"
13184,10541,000-001-01-00025827,"SECRETARIA DE RECURSO NATURALES Y AMBIENTE",0.00,0,,2024-07-17,"2024-08-16 08:24:54",1675.52,0.00,1,0.00,27,"Ana Pineda",24,OFICINA,,,0,A_ABONO_ACTIVO,2024-07-17,abonos_creditos.fecha_pago,SI,"2024-08-16 08:24:54"
11578,10642,000-001-01-00025919,"SECRETARIA DE ESTADO EN EL DESPACHO DE DERECHOS HUMANOS",0.00,0,,2024-07-17,"2024-08-16 08:15:17",16746.64,0.00,1,0.00,27,"Ana Pineda",24,OFICINA,,,0,A_ABONO_ACTIVO,2024-07-17,abonos_creditos.fecha_pago,SI,"2024-08-16 08:15:17"
13680,10646,000-001-01-00025923,"PROGRAMA DE LA RED SOLIDARIA",0.00,0,,2024-07-17,"2024-08-15 16:27:24",5004.80,0.00,1,0.00,27,"Ana Pineda",24,OFICINA,,,0,A_ABONO_ACTIVO,2024-07-17,abonos_creditos.fecha_pago,SI,"2024-08-15 16:27:24"
11573,10747,000-001-01-00026010,"DIRECCION DEPARTAMENTAL DE EDUCACION DE FRANCISCO MORAZAN",0.00,0,,2024-07-17,"2024-08-15 14:23:15",23232.00,0.00,1,0.00,27,"Ana Pineda",24,OFICINA,,,0,A_ABONO_ACTIVO,2024-07-17,abonos_creditos.fecha_pago,SI,"2024-08-15 14:23:15"
13685,10750,000-001-01-00026011,"PROGRAMA PRESIDENCIAL CIUDAD MUJER",0.00,0,,2024-07-17,"2024-08-17 09:37:36",5313.28,0.00,1,0.00,27,"Ana Pineda",24,OFICINA,,,0,A_ABONO_ACTIVO,2024-07-17,abonos_creditos.fecha_pago,SI,"2024-08-17 09:37:36"
11532,10779,000-001-01-00026036,"SECRETARIA DE GOBERNACION,JUSTICIA Y DESCENTRALIZA",0.00,0,,2024-07-17,"2024-08-17 09:58:43",318.88,0.00,1,0.00,27,"Ana Pineda",24,OFICINA,,,0,A_ABONO_ACTIVO,2024-07-17,abonos_creditos.fecha_pago,SI,"2024-08-17 09:58:43"
13185,10797,000-001-01-00026054,"SECRETARIA DE RECURSO NATURALES Y AMBIENTE",0.00,0,,2024-07-17,"2024-08-16 08:26:35",3699.92,0.00,1,0.00,27,"Ana Pineda",24,OFICINA,,,0,A_ABONO_ACTIVO,2024-07-17,abonos_creditos.fecha_pago,SI,"2024-08-16 08:26:35"
13509,10808,000-001-01-00026065,"DIRECCION DEPARTAMENTAL DE EDUCACION DE LA PAZ",0.00,0,,2024-07-17,"2024-08-15 14:26:08",32597.91,0.00,1,0.00,27,"Ana Pineda",24,OFICINA,,,0,A_ABONO_ACTIVO,2024-07-17,abonos_creditos.fecha_pago,SI,"2024-08-15 14:26:08"
13510,10819,000-001-01-00026075,"DIRECCION DEPARTAMENTAL DE EDUCACION DE VALLE",0.00,0,,2024-07-17,"2024-08-15 14:36:21",6321.64,0.00,1,0.00,27,"Ana Pineda",24,OFICINA,,,0,A_ABONO_ACTIVO,2024-07-17,abonos_creditos.fecha_pago,SI,"2024-11-21 08:19:56"
13186,10880,000-001-01-00026129,"SECRETARIA DE RECURSO NATURALES Y AMBIENTE",0.00,0,,2024-07-17,"2024-08-16 08:29:19",8916.00,0.00,1,0.00,27,"Ana Pineda",24,OFICINA,,,0,A_ABONO_ACTIVO,2024-07-17,abonos_creditos.fecha_pago,SI,"2024-08-16 08:29:19"
13170,10889,000-001-01-00026137,"SECRETARIA DE EDUCACION",0.00,0,,2024-07-17,"2024-08-15 16:46:01",43536.78,0.00,1,0.00,27,"Ana Pineda",24,OFICINA,,,0,A_ABONO_ACTIVO,2024-07-17,abonos_creditos.fecha_pago,SI,"2024-08-15 16:46:01"
13505,10894,000-001-01-00026140,"DIRECCION DEPARTAMENTAL DE EDUCACION DE COPAN",0.00,0,,2024-07-17,"2024-08-15 14:18:20",21018.10,0.00,1,0.00,30,"Kelyn Barahona",24,OFICINA,,,0,A_ABONO_ACTIVO,2024-07-17,abonos_creditos.fecha_pago,NO,"2024-08-15 14:18:20"
13506,10895,000-001-01-00026141,"DIRECCION DEPARTAMENTAL DE EDUCACION DE COPAN",0.00,0,,2024-07-17,"2024-08-15 14:16:47",116410.70,0.00,1,0.00,27,"Ana Pineda",24,OFICINA,,,0,A_ABONO_ACTIVO,2024-07-17,abonos_creditos.fecha_pago,SI,"2024-08-15 14:16:47"
13507,10907,000-001-01-00026150,"DIRECCION DEPARTAMENTAL DE EDUCACION DE COPAN",0.00,0,,2024-07-17,"2024-08-15 14:19:46",58806.95,0.00,1,0.00,30,"Kelyn Barahona",24,OFICINA,,,0,A_ABONO_ACTIVO,2024-07-17,abonos_creditos.fecha_pago,NO,"2024-08-15 14:19:46"
13511,10931,000-001-01-00026172,"DIRECCION GENERAL DE CINEMATOGRAFIA",0.00,0,,2024-07-17,"2024-08-15 14:39:31",7884.22,0.00,1,0.00,27,"Ana Pineda",24,OFICINA,,,0,A_ABONO_ACTIVO,2024-07-17,abonos_creditos.fecha_pago,SI,"2024-08-15 14:39:31"
13542,10960,000-001-01-00026200,"INSTITUTO DE ACCESO A LA INFORMACIÓN PUBLICA",0.00,0,,2024-07-17,"2024-08-15 15:09:42",15488.00,0.00,1,0.00,27,"Ana Pineda",24,OFICINA,,,0,A_ABONO_ACTIVO,2024-07-17,abonos_creditos.fecha_pago,SI,"2024-08-15 15:09:42"
13500,10976,000-001-01-00026215,"COMISION NACIONAL DE VIVIENDA Y ASENTAMIENTOS  HUMANOS",0.00,0,,2024-07-17,"2024-08-15 13:16:48",206.88,0.00,1,0.00,27,"Ana Pineda",24,OFICINA,,,0,A_ABONO_ACTIVO,2024-07-17,abonos_creditos.fecha_pago,SI,"2024-08-15 13:16:48"
13362,11017,000-001-01-00026252,"INSTITUTO NACIONAL PENITENCIARIO",0.00,0,,2024-07-17,"2024-08-14 15:42:29",219.44,0.00,1,0.00,57,"Josue Cerritos",36,"Angel Villela",,,0,A_ABONO_ACTIVO,2024-07-17,abonos_creditos.fecha_pago,NO,"2024-08-14 15:42:29"
13504,11030,000-001-01-00026265,"DIRECCION DE CIENCIA Y TECNOLOGIA AGROPECUARIA",0.00,0,,2024-07-17,"2024-08-15 14:12:29",2270.72,0.00,1,0.00,27,"Ana Pineda",24,OFICINA,,,0,A_ABONO_ACTIVO,2024-07-17,abonos_creditos.fecha_pago,SI,"2024-08-15 14:12:29"
13172,11425,000-001-01-00026603,"SECRETARIA DE EDUCACION",0.00,0,,2024-07-17,"2024-09-25 14:30:19",149597.38,0.00,1,0.00,27,"Ana Pineda",24,OFICINA,,,0,A_ABONO_ACTIVO,2024-07-17,abonos_creditos.fecha_pago,SI,"2024-09-25 14:53:49"
9977,10047,000-001-01-00025410,"SEDENA ,ESTADO MAYOR CONJUNTO C-2",0.00,0,,2024-07-19,"2024-08-17 09:14:37",184603.50,0.00,1,0.00,27,"Ana Pineda",24,OFICINA,,,0,A_ABONO_ACTIVO,2024-07-19,abonos_creditos.fecha_pago,SI,"2024-08-17 09:14:37"
10420,10221,000-001-01-00025551,"PLASTICOS CEIBEÑOS N.2",0.00,0,,2024-07-19,"2024-08-06 14:56:37",58613.62,0.00,0,1038.00,58,"Daniela Torres",115,"Erling Peralta",,,0,A_ABONO_ACTIVO,2024-07-19,abonos_creditos.fecha_pago,NO,"2024-08-30 11:21:53"
12360,11102,000-001-01-00026328,"INSTITUTO NACIONAL DE PREVISION DEL MAGISTERIO",0.00,0,,2024-07-19,"2024-09-18 15:16:34",799.44,0.00,1,0.00,30,"Kelyn Barahona",24,OFICINA,,,0,A_ABONO_ACTIVO,2024-07-19,abonos_creditos.fecha_pago,NO,"2024-09-18 15:16:34"
12361,11103,000-001-01-00026329,"INSTITUTO NACIONAL DE PREVISION DEL MAGISTERIO",0.00,0,,2024-07-19,"2024-08-17 10:29:10",2494.40,0.00,1,0.00,30,"Kelyn Barahona",24,OFICINA,,,0,A_ABONO_ACTIVO,2024-07-19,abonos_creditos.fecha_pago,NO,"2024-08-17 10:29:10"
13842,11134,000-001-01-00026357,"AGENCIA REGULACION SANITARIA",0.00,0,,2024-07-19,"2024-08-17 10:36:36",799.44,0.00,1,0.00,30,"Kelyn Barahona",24,OFICINA,,,0,A_ABONO_ACTIVO,2024-07-19,abonos_creditos.fecha_pago,NO,"2024-08-17 10:36:36"
13219,11663,000-001-01-00026809,"SECRETARIA DE SALUD",0.00,0,,2024-07-19,"2024-09-12 15:47:10",6891.00,0.00,1,0.00,27,"Ana Pineda",24,OFICINA,,,0,A_ABONO_ACTIVO,2024-07-19,abonos_creditos.fecha_pago,SI,"2024-09-12 15:47:10"
14490,12003,000-001-01-00027086,"SECRETARIA DE SALUD",0.00,0,,2024-07-19,"2024-09-21 11:36:03",637.42,0.00,1,0.00,30,"Kelyn Barahona",24,OFICINA,,,0,A_ABONO_ACTIVO,2024-07-19,abonos_creditos.fecha_pago,NO,"2024-09-21 11:36:03"
11014,10447,000-001-01-00025752,"SEDENA ,ESTADO MAYOR CONJUNTO C-2",0.00,0,,2024-07-22,"2024-08-06 14:51:03",43032.65,0.00,1,0.00,27,"Ana Pineda",24,OFICINA,,,0,A_ABONO_ACTIVO,2024-07-22,abonos_creditos.fecha_pago,SI,"2024-08-06 14:51:03"
11203,10534,000-001-01-00025820,"LIBRERÍA UNIVERSAL",0.00,0,,2024-07-23,"2024-08-07 14:41:19",26534.23,0.00,0,1044.94,58,"Daniela Torres",4,"Roy Zelaya",,,0,A_ABONO_ACTIVO,2024-07-23,abonos_creditos.fecha_pago,NO,"2025-01-07 16:05:16"
11940,10652,000-001-01-00025929,"SEDENA,INDUSTRIA MILITAR DE LAS FUERZAS ARMADAS",0.00,0,,2024-07-23,"2024-08-14 15:22:54",10500.00,0.00,1,0.00,27,"Ana Pineda",24,OFICINA,,,0,A_ABONO_ACTIVO,2024-07-23,abonos_creditos.fecha_pago,SI,"2024-08-14 15:22:54"
13231,11172,000-001-01-00026395,"INSTITUTO NACIONAL DE ESTADISTICA",0.00,0,,2024-07-23,"2024-08-14 11:49:01",7886.40,0.00,1,0.00,27,"Ana Pineda",24,OFICINA,,,0,A_ABONO_ACTIVO,2024-07-23,abonos_creditos.fecha_pago,SI,"2024-08-14 11:49:01"
10924,6146,000-001-01-00022300,"LA CARPA",0.00,0,,2024-07-29,"2024-08-29 09:00:58",80000.00,0.00,0,61492.00,27,"Ana Pineda",14,"Sulay Pineda",,,0,A_ABONO_ACTIVO,2024-07-29,abonos_creditos.fecha_pago,SI,"2024-10-09 14:39:09"
13225,10587,000-001-01-00025872,"PROGRAMA NACIONAL PARA LA REDUCCION DE PERDIDAS/PRNP",0.00,0,,2024-07-29,"2024-08-14 11:44:32",75183.68,0.00,1,0.00,27,"Ana Pineda",24,OFICINA,,,0,A_ABONO_ACTIVO,2024-07-29,abonos_creditos.fecha_pago,SI,"2024-08-14 11:44:32"
11527,10608,000-001-01-00025892,"INSTITUTO NACIONAL DE CONSERVACION Y DESARROLLO F.",0.00,0,,2024-07-30,"2024-08-15 15:18:51",14985.00,0.00,1,0.00,27,"Ana Pineda",24,OFICINA,,,0,A_ABONO_ACTIVO,2024-07-30,abonos_creditos.fecha_pago,SI,"2024-11-23 10:40:32"
8371,9602,000-001-01-00025024,"ALCALDIA MUNICIPAL DEL DISTRITO CENTRAL",0.00,0,,2024-07-31,"2024-08-06 12:54:49",87326.00,0.00,1,0.00,57,"Josue Cerritos",36,"Angel Villela",,,0,A_ABONO_ACTIVO,2024-07-31,abonos_creditos.fecha_pago,NO,"2024-08-06 12:54:49"
11598,10801,000-001-01-00026058,"TRIBUNAL SUPERIOR DE CUENTAS",0.00,0,,2024-07-31,"2024-08-06 12:51:58",19332.00,0.00,1,0.00,27,"Ana Pineda",24,OFICINA,,,0,A_ABONO_ACTIVO,2024-07-31,abonos_creditos.fecha_pago,SI,"2024-08-06 12:51:59"
11599,10802,000-001-01-00026059,"TRIBUNAL SUPERIOR DE CUENTAS",0.00,0,,2024-07-31,"2024-08-06 12:47:39",32857.20,0.00,1,0.00,27,"Ana Pineda",24,OFICINA,,,0,A_ABONO_ACTIVO,2024-07-31,abonos_creditos.fecha_pago,SI,"2024-08-06 12:47:39"
13543,10915,000-001-01-00026158,"INSTITUTO HONDUREÑO DE TURISMO",0.00,0,,2024-07-31,"2024-08-15 15:15:12",7962.82,0.00,1,0.00,27,"Ana Pineda",24,OFICINA,,,0,A_ABONO_ACTIVO,2024-07-31,abonos_creditos.fecha_pago,SI,"2024-08-15 15:15:12"
13544,10918,000-001-01-00026161,"INSTITUTO HONDUREÑO DE TURISMO",0.00,0,,2024-07-31,"2024-08-15 15:13:41",1397.20,0.00,1,0.00,27,"Ana Pineda",24,OFICINA,,,0,A_ABONO_ACTIVO,2024-07-31,abonos_creditos.fecha_pago,SI,"2024-08-15 15:13:41"
12850,11332,000-001-01-00026526,"SECRETARIA DE FINANZAS",0.00,0,,2024-07-31,"2024-08-06 13:54:57",2323.20,0.00,1,0.00,27,"Ana Pineda",24,OFICINA,,,0,A_ABONO_ACTIVO,2024-07-31,abonos_creditos.fecha_pago,SI,"2024-08-06 13:54:57"
9863,10109,000-001-01-00025460,"MINISTERIO PUBLICO",0.00,0,,2024-08-05,"2024-09-26 14:05:42",6234.76,0.00,1,0.00,27,"Ana Pineda",24,OFICINA,,,0,A_ABONO_ACTIVO,2024-08-05,abonos_creditos.fecha_pago,SI,"2024-09-26 14:05:42"
9864,10113,000-001-01-00025464,"MINISTERIO PUBLICO",0.00,0,,2024-08-05,"2024-09-26 14:07:22",12436.64,0.00,1,0.00,27,"Ana Pineda",24,OFICINA,,,0,A_ABONO_ACTIVO,2024-08-05,abonos_creditos.fecha_pago,SI,"2024-09-26 14:07:22"
10575,10251,000-001-01-00025574,"MINISTERIO PUBLICO",0.00,0,,2024-08-05,"2024-09-26 14:04:27",31133.80,0.00,1,0.00,27,"Ana Pineda",24,OFICINA,,,0,A_ABONO_ACTIVO,2024-08-05,abonos_creditos.fecha_pago,SI,"2024-09-26 14:04:28"
14374,11467,000-001-01-00026642,"INSTITUTO HONDUREÑO DE CIENCIA, TECNOLOGÍA E INNOVACIÓN",0.00,0,,2024-08-05,"2024-09-25 15:43:52",29149.92,0.00,1,0.00,30,"Kelyn Barahona",24,OFICINA,,,0,A_ABONO_ACTIVO,2024-08-05,abonos_creditos.fecha_pago,NO,"2024-09-25 15:43:52"
15874,11634,000-001-01-00026785,"CENTRO NACIONAL DE EDUCACION PARA EL TRABAJO (CENET)",0.00,0,,2024-08-05,"2024-11-18 11:30:20",4739.40,0.00,1,0.00,27,"Ana Pineda",24,OFICINA,,,0,A_ABONO_ACTIVO,2024-08-05,abonos_creditos.fecha_pago,SI,"2024-11-18 11:30:20"
11941,10667,000-001-01-00025944,"SEDENA,INDUSTRIA MILITAR DE LAS FUERZAS ARMADAS",0.00,0,,2024-08-06,"2024-08-16 08:46:17",16276.80,0.00,1,0.00,27,"Ana Pineda",24,OFICINA,,,0,A_ABONO_ACTIVO,2024-08-06,abonos_creditos.fecha_pago,SI,"2024-08-16 08:46:17"
13455,11032,000-001-01-00026267,"BANCO NACIONAL DE DESARROLLO AGRICOLA",0.00,0,,2024-08-07,"2024-09-10 11:19:33",886.26,0.00,1,0.00,27,"Ana Pineda",24,OFICINA,,,0,A_ABONO_ACTIVO,2024-08-07,abonos_creditos.fecha_pago,SI,"2024-09-10 11:19:33"
13539,11331,000-001-01-00026525,INPREUNAH,0.00,0,,2024-08-07,"2024-09-25 15:46:45",9642.20,0.00,1,0.00,27,"Ana Pineda",24,OFICINA,,,0,A_ABONO_ACTIVO,2024-08-07,abonos_creditos.fecha_pago,SI,"2024-09-25 15:46:46"
12848,11547,000-001-01-00026706,"SECRETARIA DE SALUD",0.00,0,,2024-08-07,"2024-09-25 15:49:51",1058.10,0.00,1,0.00,27,"Ana Pineda",24,OFICINA,,,0,A_ABONO_ACTIVO,2024-08-07,abonos_creditos.fecha_pago,SI,"2024-09-25 15:49:51"
11055,10482,000-001-01-00025777,"MINISTERIO PUBLICO",0.00,0,,2024-08-08,"2024-09-26 14:02:52",2788.80,0.00,1,0.00,27,"Ana Pineda",24,OFICINA,,,0,A_ABONO_ACTIVO,2024-08-08,abonos_creditos.fecha_pago,SI,"2024-09-26 14:02:52"
11057,10488,000-001-01-00025781,"MINISTERIO PUBLICO",0.00,0,,2024-08-08,"2024-09-26 13:22:37",1686.00,0.00,1,0.00,27,"Ana Pineda",24,OFICINA,,,0,A_ABONO_ACTIVO,2024-08-08,abonos_creditos.fecha_pago,SI,"2024-09-26 13:22:37"
13697,10935,000-001-01-00026175,"SECRETARIA DE DEFENSA NACIONAL",0.00,0,,2024-08-08,"2024-08-15 16:39:00",45360.40,0.00,1,0.00,27,"Ana Pineda",24,OFICINA,,,0,A_ABONO_ACTIVO,2024-08-08,abonos_creditos.fecha_pago,SI,"2024-08-15 16:39:00"
9976,10120,000-001-01-00025468,"ALCALDIA MUNICIPAL DEL DISTRITO CENTRAL",0.00,0,,2024-08-09,"2024-08-24 09:39:43",93411.80,0.00,1,0.00,57,"Josue Cerritos",36,"Angel Villela",,,0,A_ABONO_ACTIVO,2024-08-09,abonos_creditos.fecha_pago,NO,"2024-08-24 09:39:43"
10567,10363,000-001-01-00025672,"ALCALDIA MUNICIPAL DEL DISTRITO CENTRAL",0.00,0,,2024-08-09,"2024-08-14 11:15:56",17470.00,0.00,1,0.00,57,"Josue Cerritos",36,"Angel Villela",,,0,A_ABONO_ACTIVO,2024-08-09,abonos_creditos.fecha_pago,NO,"2024-08-14 11:15:56"
12325,10788,000-001-01-00026045,"SEDENA ,ESTADO MAYOR CONJUNTO C-2",0.00,0,,2024-08-09,"2024-09-25 15:30:09",8058.20,0.00,1,0.00,30,"Kelyn Barahona",24,OFICINA,,,0,A_ABONO_ACTIVO,2024-08-09,abonos_creditos.fecha_pago,NO,"2024-09-25 15:30:09"
10577,10294,000-001-01-00025615,"MINISTERIO PUBLICO",0.00,0,,2024-08-13,"2024-09-24 14:40:40",17467.12,0.00,1,0.00,27,"Ana Pineda",24,OFICINA,,,0,A_ABONO_ACTIVO,2024-08-13,abonos_creditos.fecha_pago,SI,"2024-09-24 14:40:40"
9978,10050,000-001-01-00025413,"SEDENA ,ESTADO MAYOR CONJUNTO C-2",0.00,0,,2024-08-15,"2024-09-18 15:41:52",31662.19,0.00,1,0.00,27,"Ana Pineda",24,OFICINA,,,0,A_ABONO_ACTIVO,2024-08-15,abonos_creditos.fecha_pago,SI,"2024-09-18 15:41:52"
11056,10483,000-001-01-00025778,"MINISTERIO PUBLICO",0.00,0,,2024-08-15,"2024-09-24 14:39:29",4317.60,0.00,1,0.00,27,"Ana Pineda",24,OFICINA,,,0,A_ABONO_ACTIVO,2024-08-15,abonos_creditos.fecha_pago,SI,"2024-09-24 14:39:30"
11433,10606,000-001-01-00025890,"MINISTERIO PUBLICO",0.00,0,,2024-08-15,"2024-09-24 14:38:16",2262.48,0.00,1,0.00,27,"Ana Pineda",24,OFICINA,,,0,A_ABONO_ACTIVO,2024-08-15,abonos_creditos.fecha_pago,SI,"2024-09-24 14:38:16"
13558,11623,000-001-01-00026777,"INSTITUTO NACIONAL DE PREVISION DEL MAGISTERIO",0.00,0,,2024-08-15,"2024-09-18 14:59:10",16822.56,0.00,1,0.00,30,"Kelyn Barahona",24,OFICINA,,,0,A_ABONO_ACTIVO,2024-08-15,abonos_creditos.fecha_pago,NO,"2024-09-18 14:59:10"
5724,8819,000-001-01-00024341,"SECRETARIA DE SALUD",0.00,0,,2024-08-16,"2024-09-13 09:06:19",13144.00,0.00,1,0.00,27,"Ana Pineda",24,OFICINA,,,0,A_ABONO_ACTIVO,2024-08-16,abonos_creditos.fecha_pago,SI,"2024-09-13 09:06:19"
11526,10492,000-001-01-00025785,"INSTITUTO NACIONAL DE CONSERVACION Y DESARROLLO F.",0.00,0,,2024-08-16,"2024-09-13 12:08:22",1630.82,0.00,1,0.00,27,"Ana Pineda",24,OFICINA,,,0,A_ABONO_ACTIVO,2024-08-16,abonos_creditos.fecha_pago,SI,"2024-09-13 12:08:22"
12248,10654,000-001-01-00025931,COPECO,0.00,0,,2024-08-16,"2024-09-13 11:20:19",132847.04,0.00,1,0.00,27,"Ana Pineda",24,OFICINA,,,0,A_ABONO_ACTIVO,2024-08-16,abonos_creditos.fecha_pago,SI,"2024-09-13 11:20:19"
14493,10655,000-001-01-00025932,"SECRETARIA DE TRABAJO Y SEGURIDAD SOCIAL",0.00,0,,2024-08-16,"2024-09-13 11:37:00",2804.04,0.00,1,0.00,30,"Kelyn Barahona",24,OFICINA,,,0,A_ABONO_ACTIVO,2024-08-16,abonos_creditos.fecha_pago,NO,"2024-09-13 11:37:00"
14295,10757,000-001-01-00026016,"COMISION NACIONAL DE DEPORTE, EDUCACION FISICA Y RECREACION",0.00,0,,2024-08-16,"2024-09-13 11:48:39",12751.40,0.00,1,0.00,27,"Ana Pineda",24,OFICINA,,,0,A_ABONO_ACTIVO,2024-08-16,abonos_creditos.fecha_pago,SI,"2024-09-13 11:48:39"
11487,10785,000-001-01-00026042,"SECRETARIA DE DESARROLLO COMUNITARIO, AGUA Y SANEAMIENTO FHIS",0.00,0,,2024-08-16,"2024-09-13 13:42:09",14387.28,0.00,1,0.00,57,"Josue Cerritos",36,"Angel Villela",,,0,A_ABONO_ACTIVO,2024-08-16,abonos_creditos.fecha_pago,NO,"2024-09-13 13:42:09"
11580,10803,000-001-01-00026060,"SECRETARIA DE DEFENSA NACIONAL",0.00,0,,2024-08-16,"2024-09-13 13:28:00",5343.68,0.00,1,0.00,27,"Ana Pineda",24,OFICINA,,,0,A_ABONO_ACTIVO,2024-08-16,abonos_creditos.fecha_pago,SI,"2024-09-13 13:28:00"
12329,10941,000-001-01-00026181,"SECRETARIA DE SALUD",0.00,0,,2024-08-16,"2024-09-13 09:04:25",28807.68,0.00,1,0.00,27,"Ana Pineda",24,OFICINA,,,0,A_ABONO_ACTIVO,2024-08-16,abonos_creditos.fecha_pago,SI,"2024-09-13 09:04:25"
12331,10967,000-001-01-00026207,"SECRETARIA DE SALUD",0.00,0,,2024-08-16,"2024-09-13 10:32:09",49861.10,0.00,1,0.00,27,"Ana Pineda",24,OFICINA,,,0,A_ABONO_ACTIVO,2024-08-16,abonos_creditos.fecha_pago,SI,"2024-09-13 10:32:09"
12333,10980,000-001-01-00026219,"SECRETARIA DE SALUD",0.00,0,,2024-08-16,"2024-09-13 10:25:44",13146.48,0.00,1,0.00,27,"Ana Pineda",24,OFICINA,,,0,A_ABONO_ACTIVO,2024-08-16,abonos_creditos.fecha_pago,SI,"2024-09-13 10:25:44"
12334,10982,000-001-01-00026221,"SECRETARIA DE SALUD",0.00,0,,2024-08-16,"2024-09-13 10:30:10",183448.00,0.00,1,0.00,27,"Ana Pineda",24,OFICINA,,,0,A_ABONO_ACTIVO,2024-08-16,abonos_creditos.fecha_pago,SI,"2024-09-13 10:30:10"
12335,10986,000-001-01-00026225,"SECRETARIA DE SALUD",0.00,0,,2024-08-16,"2024-09-13 10:28:39",37319.42,0.00,1,0.00,27,"Ana Pineda",24,OFICINA,,,0,A_ABONO_ACTIVO,2024-08-16,abonos_creditos.fecha_pago,SI,"2024-09-13 10:28:39"
14486,11029,000-001-01-00026264,"SECRETARIA DE INFRAESTRUCTURA Y TRANSPORTE",0.00,0,,2024-08-16,"2024-09-13 11:39:32",75100.00,0.00,1,0.00,27,"Ana Pineda",24,OFICINA,,,0,A_ABONO_ACTIVO,2024-08-16,abonos_creditos.fecha_pago,SI,"2024-09-13 11:39:32"
12337,11064,000-001-01-00026298,"SECRETARIA DE SALUD",0.00,0,,2024-08-16,"2024-09-13 10:23:22",28819.20,0.00,1,0.00,27,"Ana Pineda",24,OFICINA,,,0,A_ABONO_ACTIVO,2024-08-16,abonos_creditos.fecha_pago,SI,"2024-09-13 10:23:22"
13702,11096,000-001-01-00026322,"SECRETARIA DE DESARROLLO  SOCIAL",0.00,0,,2024-08-16,"2024-09-13 10:19:33",675928.00,0.00,1,0.00,27,"Ana Pineda",24,OFICINA,,,0,A_ABONO_ACTIVO,2024-08-16,abonos_creditos.fecha_pago,SI,"2024-09-13 10:19:33"
13681,11128,000-001-01-00026352,"PROGRAMA DE LA RED SOLIDARIA",0.00,0,,2024-08-16,"2024-09-13 11:13:09",5376.32,0.00,1,0.00,27,"Ana Pineda",24,OFICINA,,,0,A_ABONO_ACTIVO,2024-08-16,abonos_creditos.fecha_pago,SI,"2024-09-13 11:13:09"
13189,11133,000-001-01-00026356,"SECRETARIA DE TRANSPARENCIA Y LUCHA CONTRA LA CORRUPCIÓN",0.00,0,,2024-08-16,"2024-09-13 13:46:52",1780.92,0.00,1,0.00,27,"Ana Pineda",24,OFICINA,,,0,A_ABONO_ACTIVO,2024-08-16,abonos_creditos.fecha_pago,SI,"2024-09-13 13:46:52"
13190,11136,000-001-01-00026359,"SECRETARIA DE TRANSPARENCIA Y LUCHA CONTRA LA CORRUPCIÓN",0.00,0,,2024-08-16,"2024-09-13 13:44:39",13725.68,0.00,1,0.00,27,"Ana Pineda",24,OFICINA,,,0,A_ABONO_ACTIVO,2024-08-16,abonos_creditos.fecha_pago,SI,"2024-09-13 13:44:39"
12341,11146,000-001-01-00026369,"SECRETARIA DE SALUD",0.00,0,,2024-08-16,"2024-09-13 11:43:22",178684.85,0.00,1,0.00,30,"Kelyn Barahona",24,OFICINA,,,0,A_ABONO_ACTIVO,2024-08-16,abonos_creditos.fecha_pago,NO,"2024-09-13 11:43:22"
12342,11147,000-001-01-00026370,"SECRETARIA DE SALUD",0.00,0,,2024-08-16,"2024-09-13 10:07:08",135442.30,0.00,1,0.00,27,"Ana Pineda",24,OFICINA,,,0,A_ABONO_ACTIVO,2024-08-16,abonos_creditos.fecha_pago,SI,"2024-09-13 10:07:08"
13501,11185,000-001-01-00026408,"COMISION NACIONAL DE VIVIENDA Y ASENTAMIENTOS  HUMANOS",0.00,0,,2024-08-16,"2024-09-13 11:56:59",1629.84,0.00,1,0.00,27,"Ana Pineda",24,OFICINA,,,0,A_ABONO_ACTIVO,2024-08-16,abonos_creditos.fecha_pago,SI,"2024-09-13 11:57:00"
14483,11210,000-001-01-00026432,"SECRETARIA DE ESTADO EN EL DESPACHO DE ENERGIA",0.00,0,,2024-08-16,"2024-09-13 11:34:40",10979.00,0.00,1,0.00,27,"Ana Pineda",24,OFICINA,,,0,A_ABONO_ACTIVO,2024-08-16,abonos_creditos.fecha_pago,SI,"2024-09-13 11:34:40"
13187,11364,000-001-01-00026555,"SECRETARIA DE RECURSO NATURALES Y AMBIENTE",0.00,0,,2024-08-16,"2024-09-13 13:14:56",32220.00,0.00,1,0.00,27,"Ana Pineda",24,OFICINA,,,0,A_ABONO_ACTIVO,2024-08-16,abonos_creditos.fecha_pago,SI,"2024-09-13 13:14:56"
13508,11369,000-001-01-00026560,"DIRECCION DEPARTAMENTAL DE EDUCACION DE FRANCISCO MORAZAN",0.00,0,,2024-08-16,"2024-09-13 09:23:24",14791.84,0.00,1,0.00,27,"Ana Pineda",24,OFICINA,,,0,A_ABONO_ACTIVO,2024-08-16,abonos_creditos.fecha_pago,SI,"2024-09-13 09:23:24"
14487,11397,000-001-01-00026582,"SECRETARIA DE RELACIONES EXTERIORES Y COOPERACION INTERNACIONAL",0.00,0,,2024-08-16,"2024-09-13 13:26:09",39007.00,0.00,1,0.00,27,"Ana Pineda",24,OFICINA,,,0,A_ABONO_ACTIVO,2024-08-16,abonos_creditos.fecha_pago,SI,"2024-09-13 13:26:10"
13213,11400,000-001-01-00026585,"SECRETARIA DE DESARROLLO ECONOMICO",0.00,0,,2024-08-16,"2024-09-13 11:23:43",5616.76,0.00,1,0.00,27,"Ana Pineda",24,OFICINA,,,0,A_ABONO_ACTIVO,2024-08-16,abonos_creditos.fecha_pago,SI,"2024-09-13 11:23:43"
15858,11404,000-001-01-00026589,INAMI,0.00,0,,2024-08-16,"2024-09-13 12:01:44",7744.00,0.00,1,0.00,27,"Ana Pineda",24,OFICINA,,,0,A_ABONO_ACTIVO,2024-08-16,abonos_creditos.fecha_pago,SI,"2024-09-13 12:01:44"
15859,11406,000-001-01-00026591,INAMI,0.00,0,,2024-08-16,"2024-09-13 12:06:38",1676.64,0.00,1,0.00,27,"Ana Pineda",24,OFICINA,,,0,A_ABONO_ACTIVO,2024-08-16,abonos_creditos.fecha_pago,SI,"2024-09-13 12:06:38"
13849,11424,000-001-01-00026602,"SECRETARIA DE ESTADO DE LAS CULTURAS,LAS ARTES /SECAPP",0.00,0,,2024-08-16,"2024-09-13 11:30:02",748.80,0.00,1,0.00,30,"Kelyn Barahona",24,OFICINA,,,0,A_ABONO_ACTIVO,2024-08-16,abonos_creditos.fecha_pago,NO,"2024-09-13 11:30:02"
14488,11453,000-001-01-00026628,"SECRETARIA DE RELACIONES EXTERIORES Y COOPERACION INTERNACIONAL",0.00,0,,2024-08-16,"2024-09-13 13:17:49",11776.00,0.00,1,0.00,27,"Ana Pineda",24,OFICINA,,,0,A_ABONO_ACTIVO,2024-08-16,abonos_creditos.fecha_pago,SI,"2024-09-13 13:17:49"
13215,11462,000-001-01-00026637,"SECRETARIA DE DESARROLLO ECONOMICO",0.00,0,,2024-08-16,"2024-09-13 11:28:33",1744.08,0.00,1,0.00,30,"Kelyn Barahona",24,OFICINA,,,0,A_ABONO_ACTIVO,2024-08-16,abonos_creditos.fecha_pago,NO,"2024-09-13 11:28:33"
13173,11599,000-001-01-00026755,"SECRETARIA DE EDUCACION",0.00,0,,2024-08-16,"2024-09-13 09:10:37",19716.33,0.00,1,0.00,27,"Ana Pineda",24,OFICINA,,,0,A_ABONO_ACTIVO,2024-08-16,abonos_creditos.fecha_pago,SI,"2024-11-26 10:21:23"
14480,11682,000-001-01-00026828,"SECRETARIA DE AGRICULTURA Y GANADERIA (SAG)",0.00,0,,2024-08-16,"2024-09-13 11:46:04",8450.00,0.00,1,0.00,27,"Ana Pineda",24,OFICINA,,,0,A_ABONO_ACTIVO,2024-08-16,abonos_creditos.fecha_pago,SI,"2024-09-13 11:46:04"
12102,10890,000-001-01-00026030,"DORIAN DISTRIBUIDORA S DE R.L DE C.V",0.00,0,,2024-08-19,"2024-09-12 11:14:04",106079.80,0.00,0,3000.00,58,"Daniela Torres",47,"Daniel Dominguez",,,0,A_ABONO_ACTIVO,2024-08-19,abonos_creditos.fecha_pago,NO,"2025-01-23 16:24:24"
13438,11173,000-001-01-00026396,"ADMINISTRACION NACIONAL DE SERVICIO CIVIL (ANSEC)",0.00,0,,2024-08-20,"2024-09-19 13:47:58",12577.76,0.00,1,0.00,27,"Ana Pineda",24,OFICINA,,,0,A_ABONO_ACTIVO,2024-08-20,abonos_creditos.fecha_pago,SI,"2024-09-19 13:47:58"
13557,11613,000-001-01-00026768,"INSTITUTO NACIONAL DE PREVISION DEL MAGISTERIO",0.00,0,,2024-08-20,"2025-01-14 16:01:01",799.44,0.00,1,0.00,30,"Kelyn Barahona",24,OFICINA,,,0,A_ABONO_ACTIVO,2024-08-20,abonos_creditos.fecha_pago,NO,"2025-01-14 16:01:01"
13540,11785,000-001-01-00026916,INPREUNAH,0.00,0,,2024-08-20,"2024-09-19 13:42:07",2794.40,0.00,1,0.00,27,"Ana Pineda",24,OFICINA,,,0,A_ABONO_ACTIVO,2024-08-20,abonos_creditos.fecha_pago,SI,"2024-09-19 13:42:07"
12851,11556,000-001-01-00026714,"SECRETARIA DE FINANZAS",0.00,0,,2024-08-21,"2024-09-19 13:40:44",6377.60,0.00,1,0.00,30,"Kelyn Barahona",24,OFICINA,,,0,A_ABONO_ACTIVO,2024-08-21,abonos_creditos.fecha_pago,NO,"2024-09-19 13:40:44"
12011,10854,000-001-01-00026106,"MINISTERIO PUBLICO",0.00,0,,2024-08-23,"2024-09-19 13:38:43",2688.00,0.00,1,0.00,27,"Ana Pineda",24,OFICINA,,,0,A_ABONO_ACTIVO,2024-08-23,abonos_creditos.fecha_pago,SI,"2024-09-19 13:38:43"
13551,11592,000-001-01-00026749,"INSTITUTO NACIONAL DE FORMACION PROFESIONAL",0.00,0,,2024-08-23,"2024-09-24 16:37:39",449.28,0.00,1,0.00,27,"Ana Pineda",24,OFICINA,,,0,A_ABONO_ACTIVO,2024-08-23,abonos_creditos.fecha_pago,SI,"2024-09-24 16:37:39"
13552,11684,000-001-01-00026829,"INSTITUTO NACIONAL DE FORMACION PROFESIONAL",0.00,0,,2024-08-23,"2024-09-24 16:44:56",4097.20,0.00,1,0.00,27,"Ana Pineda",24,OFICINA,,,0,A_ABONO_ACTIVO,2024-08-23,abonos_creditos.fecha_pago,SI,"2024-09-24 16:44:56"
13553,11686,000-001-01-00026831,"INSTITUTO NACIONAL DE FORMACION PROFESIONAL",0.00,0,,2024-08-23,"2024-09-24 16:40:45",3998.88,0.00,1,0.00,27,"Ana Pineda",24,OFICINA,,,0,A_ABONO_ACTIVO,2024-08-23,abonos_creditos.fecha_pago,SI,"2024-09-24 16:40:45"
13554,11687,000-001-01-00026832,"INSTITUTO NACIONAL DE FORMACION PROFESIONAL",0.00,0,,2024-08-23,"2024-09-24 16:42:08",3998.88,0.00,1,0.00,27,"Ana Pineda",24,OFICINA,,,0,A_ABONO_ACTIVO,2024-08-23,abonos_creditos.fecha_pago,SI,"2024-09-24 16:42:08"
13555,11691,000-001-01-00026834,"INSTITUTO NACIONAL DE FORMACION PROFESIONAL",0.00,0,,2024-08-23,"2024-09-24 16:43:44",649.44,0.00,1,0.00,27,"Ana Pineda",24,OFICINA,,,0,A_ABONO_ACTIVO,2024-08-23,abonos_creditos.fecha_pago,SI,"2024-09-24 16:43:44"
13298,11438,000-001-01-00026614,"INSTITUTO NACIONAL DE CONSERVACION Y DESARROLLO F.",0.00,0,,2024-08-26,"2024-09-18 15:09:31",17615.51,0.00,1,0.00,27,"Ana Pineda",24,OFICINA,,,0,A_ABONO_ACTIVO,2024-08-26,abonos_creditos.fecha_pago,SI,"2024-09-18 15:09:31"
14195,11948,000-001-01-00026892,"MINI SUPER DIOXI",0.00,0,,2024-08-26,"2024-09-26 10:43:14",3115.00,0.00,0,0.14,27,"Ana Pineda",115,"Erling Peralta",,,0,A_ABONO_ACTIVO,2024-08-26,abonos_creditos.fecha_pago,SI,"2024-11-02 10:33:11"
16006,11213,000-001-01-00026435,HONDUTEL,0.00,0,,2024-08-27,"2024-09-23 14:28:32",38720.00,0.00,1,0.00,27,"Ana Pineda",24,OFICINA,,,0,A_ABONO_ACTIVO,2024-08-27,abonos_creditos.fecha_pago,SI,"2024-09-23 14:28:32"
16018,11944,000-001-01-00027043,"INSTITUTO HONDUREÑO DE MERCADEO AGRICOLA (IHMA)",0.00,0,,2024-08-27,"2024-09-23 15:01:40",6444.00,0.00,1,0.00,30,"Kelyn Barahona",24,OFICINA,,,0,A_ABONO_ACTIVO,2024-08-27,abonos_creditos.fecha_pago,NO,"2024-09-23 15:01:40"
12258,10676,000-001-01-00025953,"INSTITUTO NACIONAL DE FORMACION PROFESIONAL",0.00,0,,2024-08-28,"2024-09-24 16:34:44",15240.92,0.00,1,0.00,27,"Ana Pineda",24,OFICINA,,,0,A_ABONO_ACTIVO,2024-08-28,abonos_creditos.fecha_pago,SI,"2024-09-24 16:34:44"
16015,11094,000-001-01-00026320,"INSTITUTO DE LA PROPIEDAD",0.00,0,,2024-08-29,"2024-09-23 15:00:19",191126.88,0.00,1,0.00,27,"Ana Pineda",24,OFICINA,,,0,A_ABONO_ACTIVO,2024-08-29,abonos_creditos.fecha_pago,SI,"2024-09-23 15:00:19"
10373,10034,000-001-01-00025399,"COMERCIAL PLAZA",0.00,0,,,,0.00,21723.11,0,0.03,57,"Josue Cerritos",14,"Sulay Pineda",,,0,B_OTRO_REDUCTOR,2024-08-30,otros_movimientos.created_at,NO,"2024-11-27 14:24:33"
12534,10456,000-001-01-00025615,"BICICLOS #2",0.00,0,,,,0.00,0.00,0,4471.98,58,"Daniela Torres",115,"Erling Peralta",,,0,B_OTRO_REDUCTOR,2024-08-30,otros_movimientos.created_at,NO,"2024-08-30 13:04:19"
12660,10957,000-001-01-00026197,"DESARROLLOS INMOBILIARIOS  CASCADAS DE HONDURAS SA DE C.V",0.00,0,,2024-08-30,"2024-09-12 09:19:00",15055.12,0.00,0,4000.80,57,"Josue Cerritos",36,"Angel Villela",,,0,A_ABONO_ACTIVO,2024-08-30,abonos_creditos.fecha_pago,NO,"2025-08-04 09:50:42"
14301,11884,000-001-01-00026997,"CONSEJO NACIONAL SUPERVISOR DE COOPERATIVAS",0.00,0,,2024-08-30,"2024-09-18 15:11:07",13805.13,0.00,1,0.00,27,"Ana Pineda",24,OFICINA,,,0,A_ABONO_ACTIVO,2024-08-30,abonos_creditos.fecha_pago,SI,"2024-09-18 15:11:07"
18270,12134,000-001-01-00027192,"ALCALDIA MUNICIPAL DE PUERTO CORTES",0.00,0,,2024-08-31,"2024-11-18 11:56:25",1218.81,0.00,1,0.00,27,"Ana Pineda",24,OFICINA,,,0,A_ABONO_ACTIVO,2024-08-31,abonos_creditos.fecha_pago,SI,"2024-11-18 11:56:25"
11478,10561,000-001-01-00025847,"JYDA CLEAN S. DE R.L.",0.00,0,,2024-09-02,"2024-10-15 16:13:29",45800.00,0.00,0,1250.82,30,"Kelyn Barahona",24,OFICINA,,,0,A_ABONO_ACTIVO,2024-09-02,abonos_creditos.fecha_pago,NO,"2024-11-23 11:34:04"
15949,12027,000-001-01-00027107,"AGENCIA REGULACION SANITARIA",0.00,0,,2024-09-03,"2024-09-21 11:18:23",815.43,0.00,1,0.00,30,"Kelyn Barahona",24,OFICINA,,,0,A_ABONO_ACTIVO,2024-09-03,abonos_creditos.fecha_pago,NO,"2024-09-21 11:18:23"
15950,12028,000-001-01-00027108,"AGENCIA REGULACION SANITARIA",0.00,0,,2024-09-03,"2024-09-21 11:17:50",523.32,0.00,1,0.00,30,"Kelyn Barahona",24,OFICINA,,,0,A_ABONO_ACTIVO,2024-09-03,abonos_creditos.fecha_pago,NO,"2024-09-21 11:17:50"
16007,11458,000-001-01-00026633,HONDUTEL,0.00,0,,2024-09-04,"2024-10-10 13:55:20",5241.00,0.00,1,0.00,27,"Ana Pineda",24,OFICINA,,,0,A_ABONO_ACTIVO,2024-09-04,abonos_creditos.fecha_pago,SI,"2024-10-10 13:55:20"
11434,10680,000-001-01-00025957,"MINISTERIO PUBLICO",0.00,0,,2024-09-05,"2024-09-21 11:26:01",23232.00,0.00,1,0.00,27,"Ana Pineda",24,OFICINA,,,0,A_ABONO_ACTIVO,2024-09-05,abonos_creditos.fecha_pago,SI,"2024-09-21 11:26:01"
13195,11646,000-001-01-00026794,"MINISTERIO PUBLICO",0.00,0,,2024-09-05,"2024-09-21 11:25:31",16195.60,0.00,1,0.00,27,"Ana Pineda",24,OFICINA,,,0,A_ABONO_ACTIVO,2024-09-05,abonos_creditos.fecha_pago,SI,"2024-09-21 11:25:31"
13196,11648,000-001-01-00026796,"MINISTERIO PUBLICO",0.00,0,,2024-09-05,"2024-09-21 11:25:05",2494.40,0.00,1,0.00,27,"Ana Pineda",24,OFICINA,,,0,A_ABONO_ACTIVO,2024-09-05,abonos_creditos.fecha_pago,SI,"2024-09-21 11:25:05"
14485,11788,000-001-01-00026917,"SECRETARIA DE FINANZAS",0.00,0,,2024-09-06,"2024-09-21 11:26:50",3793.88,0.00,1,0.00,27,"Ana Pineda",24,OFICINA,,,0,A_ABONO_ACTIVO,2024-09-06,abonos_creditos.fecha_pago,SI,"2024-09-21 11:26:50"
16025,12315,000-001-01-00027346,"EMPRESA DE CORREOS DE HONDURAS",0.00,0,,2024-09-06,"2024-10-11 12:53:04",61952.00,0.00,1,0.00,30,"Kelyn Barahona",24,OFICINA,,,0,A_ABONO_ACTIVO,2024-09-06,abonos_creditos.fecha_pago,NO,"2024-10-11 12:53:04"
17718,12287,000-001-01-00027325,CONEANFO,0.00,0,,2024-09-07,"2024-11-02 11:13:08",3476.92,0.00,1,0.00,27,"Ana Pineda",24,OFICINA,,,0,A_ABONO_ACTIVO,2024-09-07,abonos_creditos.fecha_pago,SI,"2024-11-02 11:13:08"
16586,12092,000-001-01-00027159,"INSTITUTO HONDUREÑO DE GEOLOGIA Y MINAS",0.00,0,,2024-09-09,"2024-10-10 16:12:58",6188.00,0.00,1,0.00,30,"Kelyn Barahona",24,OFICINA,,,0,A_ABONO_ACTIVO,2024-09-09,abonos_creditos.fecha_pago,NO,"2024-10-10 16:12:58"
16587,12093,000-001-01-00027160,"INSTITUTO HONDUREÑO DE GEOLOGIA Y MINAS",0.00,0,,2024-09-09,"2024-10-10 16:12:12",32060.00,0.00,1,0.00,30,"Kelyn Barahona",24,OFICINA,,,0,A_ABONO_ACTIVO,2024-09-09,abonos_creditos.fecha_pago,NO,"2024-10-10 16:12:12"
14193,11412,000-001-01-00026325,"MINI SUPER DIOXI",0.00,0,,2024-09-10,"2024-09-10 10:55:09",7841.75,0.00,0,0.02,58,"Daniela Torres",115,"Erling Peralta",,,0,A_ABONO_ACTIVO,2024-09-10,abonos_creditos.fecha_pago,NO,"2024-11-02 10:32:37"
13299,11557,000-001-01-00026715,"INSTITUTO NACIONAL DE CONSERVACION Y DESARROLLO F.",0.00,0,,2024-09-11,"2024-10-11 15:36:32",39203.20,0.00,1,0.00,30,"Kelyn Barahona",24,OFICINA,,,0,A_ABONO_ACTIVO,2024-09-11,abonos_creditos.fecha_pago,NO,"2024-10-11 15:36:32"
15951,12044,000-001-01-00027122,"AGENCIA REGULACION SANITARIA",0.00,0,,2024-09-12,"2024-10-10 16:47:52",56847.44,0.00,1,0.00,30,"Kelyn Barahona",24,OFICINA,,,0,A_ABONO_ACTIVO,2024-09-12,abonos_creditos.fecha_pago,NO,"2024-10-10 16:47:52"
12810,11483,000-001-01-00026658,"TRIBUNAL SUPERIOR DE CUENTAS",0.00,0,,2024-09-13,"2024-10-10 14:24:13",70059.86,0.00,1,0.00,57,"Josue Cerritos",36,"Angel Villela",,,0,A_ABONO_ACTIVO,2024-09-13,abonos_creditos.fecha_pago,NO,"2024-10-10 14:24:13"
14452,11569,000-001-01-00026727,"PROCURADURIA GENERAL DE LA REPUBLICA",0.00,0,,2024-09-13,"2024-10-10 14:17:17",42848.66,0.00,1,0.00,57,"Josue Cerritos",24,OFICINA,,,0,A_ABONO_ACTIVO,2024-09-13,abonos_creditos.fecha_pago,NO,"2024-10-10 14:17:17"
13732,11752,000-001-01-00026885,"TRIBUNAL SUPERIOR DE CUENTAS",0.00,0,,2024-09-13,"2024-10-10 14:12:29",44092.00,0.00,1,0.00,57,"Josue Cerritos",36,"Angel Villela",,,0,A_ABONO_ACTIVO,2024-09-13,abonos_creditos.fecha_pago,NO,"2024-10-10 14:12:29"
16037,12146,000-001-01-00027204,"INSTITUTO NACIONAL AGRARIO",0.00,0,,2024-09-13,"2024-10-11 14:10:59",25821.28,0.00,1,0.00,27,"Ana Pineda",24,OFICINA,,,0,A_ABONO_ACTIVO,2024-09-13,abonos_creditos.fecha_pago,SI,"2024-10-11 14:10:59"
10581,10236,000-001-01-00025561,INAMI,0.00,0,,2024-09-17,"2024-10-02 10:36:44",97.76,0.00,1,0.00,27,"Ana Pineda",24,OFICINA,,,0,A_ABONO_ACTIVO,2024-09-17,abonos_creditos.fecha_pago,SI,"2024-10-02 10:36:44"
12330,10961,000-001-01-00026201,"SECRETARIA DE SALUD",0.00,0,,2024-09-17,"2024-10-11 11:03:56",1397.20,0.00,1,0.00,27,"Ana Pineda",24,OFICINA,,,0,A_ABONO_ACTIVO,2024-09-17,abonos_creditos.fecha_pago,SI,"2024-10-11 11:03:56"
12332,10972,000-001-01-00026212,"SECRETARIA DE SALUD",0.00,0,,2024-09-17,"2024-10-07 10:20:55",762216.00,0.00,1,0.00,27,"Ana Pineda",24,OFICINA,,,0,A_ABONO_ACTIVO,2024-09-17,abonos_creditos.fecha_pago,SI,"2024-10-07 10:20:55"
14379,11085,000-001-01-00026314,"INSTITUTO NACIONAL DE MIGRACION",0.00,0,,2024-09-17,"2024-10-10 16:48:43",62099.40,0.00,1,0.00,30,"Kelyn Barahona",24,OFICINA,,,0,A_ABONO_ACTIVO,2024-09-17,abonos_creditos.fecha_pago,NO,"2024-10-10 16:48:43"
12339,11131,000-001-01-00026354,"SECRETARIA DE SALUD",0.00,0,,2024-09-17,"2024-10-11 11:07:00",55758.40,0.00,1,0.00,27,"Ana Pineda",24,OFICINA,,,0,A_ABONO_ACTIVO,2024-09-17,abonos_creditos.fecha_pago,SI,"2024-10-11 11:07:00"
12340,11140,000-001-01-00026363,"SECRETARIA DE SALUD",0.00,0,,2024-09-17,"2024-10-11 11:05:54",36727.42,0.00,1,0.00,27,"Ana Pineda",24,OFICINA,,,0,A_ABONO_ACTIVO,2024-09-17,abonos_creditos.fecha_pago,SI,"2024-10-11 11:05:54"
13297,11178,000-001-01-00026401,"INSTITUTO NACIONAL DE CONSERVACION Y DESARROLLO F.",0.00,0,,2024-09-17,"2024-10-10 16:56:58",12859.80,0.00,1,0.00,30,"Kelyn Barahona",24,OFICINA,,,0,A_ABONO_ACTIVO,2024-09-17,abonos_creditos.fecha_pago,NO,"2024-10-10 16:56:58"
13214,11401,000-001-01-00026586,"SECRETARIA DE DESARROLLO ECONOMICO",0.00,0,,2024-09-17,"2024-10-10 16:33:26",35866.80,0.00,1,0.00,27,"Ana Pineda",24,OFICINA,,,0,A_ABONO_ACTIVO,2024-09-17,abonos_creditos.fecha_pago,SI,"2024-10-10 16:33:26"
12847,11465,000-001-01-00026640,"SECRETARIA DE SALUD",0.00,0,,2024-09-17,"2024-10-11 11:01:47",3833.00,0.00,1,0.00,27,"Ana Pineda",24,OFICINA,,,0,A_ABONO_ACTIVO,2024-09-17,abonos_creditos.fecha_pago,SI,"2024-10-11 11:01:47"
13708,11559,000-001-01-00026717,"SECRETARIA DE ESTADO EN EL DESPACHO DE DERECHOS HUMANOS",0.00,0,,2024-09-17,"2024-10-14 15:15:46",37046.48,0.00,1,0.00,30,"Kelyn Barahona",24,OFICINA,,,0,A_ABONO_ACTIVO,2024-09-17,abonos_creditos.fecha_pago,NO,"2024-10-14 15:15:46"
13706,11571,000-001-01-00026729,"SECRETARIA DE GOBERNACION,JUSTICIA Y DESCENTRALIZA",0.00,0,,2024-09-17,"2024-10-10 17:01:49",103915.50,0.00,1,0.00,30,"Kelyn Barahona",24,OFICINA,,,0,A_ABONO_ACTIVO,2024-09-17,abonos_creditos.fecha_pago,NO,"2024-10-10 17:01:49"
13191,11585,000-001-01-00026742,"SECRETARIA DE TRANSPARENCIA Y LUCHA CONTRA LA CORRUPCIÓN",0.00,0,,2024-09-17,"2024-10-11 12:03:55",53124.80,0.00,1,0.00,27,"Ana Pineda",24,OFICINA,,,0,A_ABONO_ACTIVO,2024-09-17,abonos_creditos.fecha_pago,SI,"2024-10-11 12:03:55"
12849,11597,000-001-01-00026753,"SECRETARIA DE SALUD",0.00,0,,2024-09-17,"2024-10-14 15:39:57",347846.62,0.00,1,0.00,27,"Ana Pineda",24,OFICINA,,,0,A_ABONO_ACTIVO,2024-09-17,abonos_creditos.fecha_pago,SI,"2024-10-14 15:39:57"
13707,11616,000-001-01-00026771,"SECRETARIA DE GOBERNACION,JUSTICIA Y DESCENTRALIZA",0.00,0,,2024-09-17,"2024-10-10 17:01:06",52412.80,0.00,1,0.00,30,"Kelyn Barahona",24,OFICINA,,,0,A_ABONO_ACTIVO,2024-09-17,abonos_creditos.fecha_pago,NO,"2024-10-10 17:01:06"
14819,11622,000-001-01-00026776,"DIRECCION NACIONAL DE PARQUES Y RECREACION",0.00,0,,2024-09-17,"2024-10-14 15:20:55",4458.32,0.00,1,0.00,27,"Ana Pineda",24,OFICINA,,,0,A_ABONO_ACTIVO,2024-09-17,abonos_creditos.fecha_pago,SI,"2024-10-14 15:20:55"
16096,11694,000-001-01-00026837,"SECRETARIA DE ESTADO EN EL DESPA. PLANIFICACION  ESTRATEGICA",0.00,0,,2024-09-17,"2024-10-10 16:08:37",9713.24,0.00,1,0.00,27,"Ana Pineda",24,OFICINA,,,0,A_ABONO_ACTIVO,2024-09-17,abonos_creditos.fecha_pago,SI,"2024-10-10 16:08:37"
14495,11854,000-001-01-00026972,"SECRETARIA DE TRABAJO Y SEGURIDAD SOCIAL",0.00,0,,2024-09-17,"2024-10-10 16:34:42",689.60,0.00,1,0.00,27,"Ana Pineda",24,OFICINA,,,0,A_ABONO_ACTIVO,2024-09-17,abonos_creditos.fecha_pago,SI,"2024-10-10 16:34:42"
14463,11891,000-001-01-00027003,"PROGRAMA NACIONAL DE DESARROLLO RURAL Y URBANO SOSTENIBLE",0.00,0,,2024-09-17,"2024-10-10 16:46:38",3914.08,0.00,1,0.00,27,"Ana Pineda",24,OFICINA,,,0,A_ABONO_ACTIVO,2024-09-17,abonos_creditos.fecha_pago,SI,"2024-10-10 16:46:38"
14464,11893,000-001-01-00027005,"PROGRAMA NACIONAL DE DESARROLLO RURAL Y URBANO SOSTENIBLE",0.00,0,,2024-09-17,"2024-10-10 16:36:41",1716.40,0.00,1,0.00,27,"Ana Pineda",24,OFICINA,,,0,A_ABONO_ACTIVO,2024-09-17,abonos_creditos.fecha_pago,SI,"2024-10-10 16:36:41"
16098,11895,000-001-01-00027007,"SECRETARIA DE GOBERNACION,JUSTICIA Y DESCENTRALIZA",0.00,0,,2024-09-17,"2024-10-10 17:00:22",24180.60,0.00,1,0.00,27,"Ana Pineda",24,OFICINA,,,0,A_ABONO_ACTIVO,2024-09-17,abonos_creditos.fecha_pago,SI,"2024-10-10 17:00:22"
14376,11903,000-001-01-00027015,"INSTITUTO NACIONAL DE CONSERVACION Y DESARROLLO F.",0.00,0,,2024-09-17,"2024-10-10 16:57:43",10358.80,0.00,1,0.00,27,"Ana Pineda",24,OFICINA,,,0,A_ABONO_ACTIVO,2024-09-17,abonos_creditos.fecha_pago,SI,"2024-10-10 16:57:43"
14465,12039,000-001-01-00027117,"PROGRAMA NACIONAL DE DESARROLLO RURAL Y URBANO SOSTENIBLE",0.00,0,,2024-09-17,"2024-10-10 16:42:56",3190.44,0.00,1,0.00,27,"Ana Pineda",24,OFICINA,,,0,A_ABONO_ACTIVO,2024-09-17,abonos_creditos.fecha_pago,SI,"2024-10-10 16:42:56"
16589,12040,000-001-01-00027118,"DIRECCIÓN NACIONAL DE BIENES DEL ESTADO",0.00,0,,2024-09-17,"2024-10-10 16:25:40",3991.00,0.00,1,0.00,27,"Ana Pineda",24,OFICINA,,,0,A_ABONO_ACTIVO,2024-09-17,abonos_creditos.fecha_pago,SI,"2024-10-10 16:25:40"
14497,12055,000-001-01-00027130,"SECRETARIA DE TRANSPARENCIA Y LUCHA CONTRA LA CORRUPCIÓN",0.00,0,,2024-09-17,"2024-10-11 12:03:02",3444.00,0.00,1,0.00,27,"Ana Pineda",24,OFICINA,,,0,A_ABONO_ACTIVO,2024-09-17,abonos_creditos.fecha_pago,SI,"2024-10-11 12:03:02"
14481,12064,000-001-01-00027138,"SECRETARIA DE DESARROLLO COMUNITARIO, AGUA Y SANEAMIENTO FHIS",0.00,0,,2024-09-17,"2024-11-19 09:18:26",63285.98,0.00,1,0.00,57,"Josue Cerritos",36,"Angel Villela",,,0,A_ABONO_ACTIVO,2024-09-17,abonos_creditos.fecha_pago,NO,"2024-11-19 09:18:26"
15855,12142,000-001-01-00027200,"PROGRAMA DE LA RED SOLIDARIA",0.00,0,,2024-09-17,"2024-10-10 16:18:33",1944.00,0.00,1,0.00,27,"Ana Pineda",24,OFICINA,,,0,A_ABONO_ACTIVO,2024-09-17,abonos_creditos.fecha_pago,SI,"2024-10-10 16:18:33"
16703,12145,000-001-01-00027203,"INSTITUTO NACIONAL PENITENCIARIO",0.00,0,,2024-09-17,"2024-10-14 15:05:10",799.44,0.00,1,0.00,57,"Josue Cerritos",36,"Angel Villela",,,0,A_ABONO_ACTIVO,2024-09-17,abonos_creditos.fecha_pago,NO,"2024-10-14 15:05:10"
16824,11413,000-001-01-00026595,"HOSPITAL MILITAR",0.00,0,,2024-09-18,"2024-10-16 12:37:09",19604.90,0.00,1,0.00,57,"Josue Cerritos",36,"Angel Villela",,,0,A_ABONO_ACTIVO,2024-09-18,abonos_creditos.fecha_pago,NO,"2024-10-16 12:37:09"
13197,11782,000-001-01-00026913,"MINISTERIO PUBLICO",0.00,0,,2024-09-19,"2024-10-11 15:34:25",11637.80,0.00,1,0.00,27,"Ana Pineda",24,OFICINA,,,0,A_ABONO_ACTIVO,2024-09-19,abonos_creditos.fecha_pago,SI,"2024-10-11 15:34:25"
13456,11659,000-001-01-00026806,"BANCO NACIONAL DE DESARROLLO AGRICOLA",0.00,0,,2024-09-20,"2024-10-14 15:09:28",88023.00,0.00,1,0.00,27,"Ana Pineda",24,OFICINA,,,0,A_ABONO_ACTIVO,2024-09-20,abonos_creditos.fecha_pago,SI,"2024-10-14 15:09:28"
16009,12471,000-001-01-00027494,HONDUTEL,0.00,0,,2024-09-20,"2024-11-15 19:17:03",597.60,0.00,1,0.00,10,"Cris Zelaya",24,OFICINA,,,0,A_ABONO_ACTIVO,2024-09-20,abonos_creditos.fecha_pago,NO,"2024-11-15 19:17:03"
14821,12088,000-001-01-00027156,"MINISTERIO PUBLICO",0.00,0,,2024-09-25,"2024-10-16 10:28:51",6444.00,0.00,1,0.00,30,"Kelyn Barahona",24,OFICINA,,,0,A_ABONO_ACTIVO,2024-09-25,abonos_creditos.fecha_pago,NO,"2024-10-16 10:28:51"
15726,12176,000-001-01-00027230,"MINISTERIO PUBLICO",0.00,0,,2024-09-25,"2024-10-11 13:01:51",64440.00,0.00,1,0.00,27,"Ana Pineda",24,OFICINA,,,0,A_ABONO_ACTIVO,2024-09-25,abonos_creditos.fecha_pago,SI,"2024-10-11 13:01:51"
16028,12498,000-001-01-00027521,INPREUNAH,0.00,0,,2024-09-25,"2024-10-16 10:34:03",14378.08,0.00,1,0.00,27,"Ana Pineda",24,OFICINA,,,0,A_ABONO_ACTIVO,2024-09-25,abonos_creditos.fecha_pago,SI,"2024-10-16 10:34:03"
9979,10051,000-001-01-00025414,"SEDENA ,ESTADO MAYOR CONJUNTO C-2",0.00,0,,2024-09-26,"2024-10-16 10:35:19",2190.15,0.00,1,0.00,27,"Ana Pineda",24,OFICINA,,,0,A_ABONO_ACTIVO,2024-09-26,abonos_creditos.fecha_pago,SI,"2024-10-16 10:35:19"
14453,11723,000-001-01-00026861,"PROCURADURIA GENERAL DE LA REPUBLICA",0.00,0,,2024-09-26,"2024-10-16 13:12:43",47725.44,0.00,1,0.00,27,"Ana Pineda",24,OFICINA,,,0,A_ABONO_ACTIVO,2024-09-26,abonos_creditos.fecha_pago,SI,"2024-10-16 13:12:43"
16356,12541,000-001-01-00027564,HONDUTEL,0.00,0,,2024-09-26,"2024-11-15 19:17:56",324.40,0.00,1,0.00,30,"Kelyn Barahona",24,OFICINA,,,0,A_ABONO_ACTIVO,2024-09-26,abonos_creditos.fecha_pago,NO,"2024-11-15 19:17:56"
15729,12235,000-001-01-00027282,"MINISTERIO PUBLICO",0.00,0,,2024-09-27,"2024-10-11 13:01:09",649.44,0.00,1,0.00,27,"Ana Pineda",24,OFICINA,,,0,A_ABONO_ACTIVO,2024-09-27,abonos_creditos.fecha_pago,SI,"2024-10-11 13:01:09"
16357,12566,000-001-01-00027589,HONDUTEL,0.00,0,,2024-09-27,"2024-11-15 19:19:50",1459.80,0.00,1,0.00,27,"Ana Pineda",24,OFICINA,,,0,A_ABONO_ACTIVO,2024-09-27,abonos_creditos.fecha_pago,SI,"2024-11-15 19:19:50"
14224,11897,000-001-01-00027009,"BANCO CENTRAL DE HONDURAS",0.00,0,,2024-10-08,"2024-10-14 11:31:24",12888.00,0.00,1,0.00,57,"Josue Cerritos",36,"Angel Villela",,,0,A_ABONO_ACTIVO,2024-10-08,abonos_creditos.fecha_pago,NO,"2024-10-14 11:31:24"
13546,11649,000-001-01-00026797,"INSTITUTO HONDUREÑO DE TURISMO",0.00,0,,2024-10-10,"2024-10-12 08:26:06",1386.96,0.00,1,0.00,27,"Ana Pineda",24,OFICINA,,,0,A_ABONO_ACTIVO,2024-10-10,abonos_creditos.fecha_pago,SI,"2024-10-12 08:26:06"
15725,12175,000-001-01-00027229,"MINISTERIO PUBLICO",0.00,0,,2024-10-10,"2024-10-14 11:30:08",6444.00,0.00,1,0.00,27,"Ana Pineda",24,OFICINA,,,0,A_ABONO_ACTIVO,2024-10-10,abonos_creditos.fecha_pago,SI,"2024-10-14 11:30:08"
15870,12178,000-001-01-00027232,"ADMINISTRACION NACIONAL DE SERVICIO CIVIL (ANSEC)",0.00,0,,2024-10-10,"2024-10-12 08:24:41",13668.88,0.00,1,0.00,27,"Ana Pineda",24,OFICINA,,,0,A_ABONO_ACTIVO,2024-10-10,abonos_creditos.fecha_pago,SI,"2024-10-12 08:24:41"
15728,12234,000-001-01-00027281,"MINISTERIO PUBLICO",0.00,0,,2024-10-10,"2024-10-14 11:30:43",5299.60,0.00,1,0.00,27,"Ana Pineda",24,OFICINA,,,0,A_ABONO_ACTIVO,2024-10-10,abonos_creditos.fecha_pago,SI,"2024-10-14 11:30:43"
13294,11125,000-001-01-00026349,"INSTITUTO NACIONAL DE CONSERVACION Y DESARROLLO F.",0.00,0,,2024-10-11,"2024-10-22 11:13:39",536.16,0.00,1,0.00,27,"Ana Pineda",24,OFICINA,,,0,A_ABONO_ACTIVO,2024-10-11,abonos_creditos.fecha_pago,SI,"2024-10-22 11:13:39"
13296,11141,000-001-01-00026364,"INSTITUTO NACIONAL DE CONSERVACION Y DESARROLLO F.",0.00,0,,2024-10-11,"2024-10-22 11:14:24",8968.30,0.00,1,0.00,27,"Ana Pineda",24,OFICINA,,,0,A_ABONO_ACTIVO,2024-10-11,abonos_creditos.fecha_pago,SI,"2024-10-22 11:14:24"
13673,11238,000-001-01-00026452,"PRODUCT DEPOT S. DE R.L.",0.00,0,,,,0.00,0.00,0,18474.75,30,"Kelyn Barahona",24,OFICINA,,,0,B_OTRO_REDUCTOR,2024-10-11,otros_movimientos.created_at,NO,"2024-10-11 11:40:47"
13674,11615,000-001-01-00026770,"PRODUCT DEPOT S. DE R.L.",0.00,0,,,,0.00,0.00,0,19307.21,30,"Kelyn Barahona",24,OFICINA,,,0,B_OTRO_REDUCTOR,2024-10-11,otros_movimientos.created_at,NO,"2024-10-11 11:39:01"
15894,12428,000-001-01-00027451,"INSTITUTO NACIONAL DE PREVISION DEL MAGISTERIO",0.00,0,,2024-10-11,"2024-10-22 11:16:09",78872.54,0.00,1,0.00,27,"Ana Pineda",24,OFICINA,,,0,A_ABONO_ACTIVO,2024-10-11,abonos_creditos.fecha_pago,SI,"2024-10-22 11:16:09"
14220,11912,000-001-01-00027021,"ALCALDIA MUNICIPAL DEL DISTRITO CENTRAL",0.00,0,,2024-10-12,"2024-10-14 10:00:59",138643.96,0.00,1,0.00,57,"Josue Cerritos",36,"Angel Villela",,,0,A_ABONO_ACTIVO,2024-10-12,abonos_creditos.fecha_pago,NO,"2024-10-14 10:00:59"
16008,12054,000-001-01-00027129,HONDUTEL,0.00,0,,2024-10-12,"2024-10-14 10:00:21",9732.00,0.00,1,0.00,27,"Ana Pineda",24,OFICINA,,,0,A_ABONO_ACTIVO,2024-10-12,abonos_creditos.fecha_pago,SI,"2024-10-14 10:00:21"
15857,12337,000-001-01-00027364,"SECRETARIA DE AGRICULTURA Y GANADERIA (SAG)",0.00,0,,2024-10-14,"2024-10-18 11:24:09",49149.65,0.00,1,0.00,27,"Ana Pineda",24,OFICINA,,,0,A_ABONO_ACTIVO,2024-10-14,abonos_creditos.fecha_pago,SI,"2024-10-18 11:24:09"
16095,12451,000-001-01-00027474,"SECRETARIA DE AGRICULTURA Y GANADERIA (SAG)",0.00,0,,2024-10-14,"2024-10-18 11:33:44",21226.10,0.00,1,0.00,27,"Ana Pineda",24,OFICINA,,,0,A_ABONO_ACTIVO,2024-10-14,abonos_creditos.fecha_pago,SI,"2025-04-22 10:46:14"
13295,11127,000-001-01-00026351,"INSTITUTO NACIONAL DE CONSERVACION Y DESARROLLO F.",0.00,0,,2024-10-15,"2024-10-22 11:22:02",1239.84,0.00,1,0.00,27,"Ana Pineda",24,OFICINA,,,0,A_ABONO_ACTIVO,2024-10-15,abonos_creditos.fecha_pago,SI,"2024-10-22 11:22:02"
15727,12201,000-001-01-00027253,"MINISTERIO PUBLICO",0.00,0,,2024-10-15,"2024-10-22 11:20:23",13146.00,0.00,1,0.00,27,"Ana Pineda",24,OFICINA,,,0,A_ABONO_ACTIVO,2024-10-15,abonos_creditos.fecha_pago,SI,"2024-10-22 11:20:23"
11486,10420,000-001-01-00025727,"SECRETARIA DE DESARROLLO COMUNITARIO, AGUA Y SANEAMIENTO FHIS",0.00,0,,2024-10-17,"2024-10-18 11:13:32",37816.10,0.00,0,937.75,57,"Josue Cerritos",36,"Angel Villela",,,0,A_ABONO_ACTIVO,2024-10-17,abonos_creditos.fecha_pago,NO,"2025-03-24 08:37:40"
14494,11372,000-001-01-00026563,"SECRETARIA DE TRABAJO Y SEGURIDAD SOCIAL",0.00,0,,2024-10-17,"2024-10-18 11:47:58",130434.70,0.00,1,0.00,27,"Ana Pineda",24,OFICINA,,,0,A_ABONO_ACTIVO,2024-10-17,abonos_creditos.fecha_pago,SI,"2024-10-18 11:47:58"
14484,11566,000-001-01-00026724,"SECRETARIA DE ESTADO EN LOS  DESPACHO DE LA PRESIDENCIA",0.00,0,,2024-10-17,"2024-10-18 11:47:07",4782.76,0.00,1,0.00,30,"Kelyn Barahona",24,OFICINA,,,0,A_ABONO_ACTIVO,2024-10-17,abonos_creditos.fecha_pago,NO,"2024-10-18 11:47:07"
16016,11743,000-001-01-00026878,"INSTITUTO DE LA PROPIEDAD",0.00,0,,2024-10-17,"2024-10-18 12:05:31",122424.90,0.00,1,0.00,27,"Ana Pineda",24,OFICINA,,,0,A_ABONO_ACTIVO,2024-10-17,abonos_creditos.fecha_pago,SI,"2024-10-18 12:05:32"
13220,11747,000-001-01-00026881,"SECRETARIA DE SALUD",0.00,0,,2024-10-17,"2024-10-18 12:51:53",2471.00,0.00,1,0.00,30,"Kelyn Barahona",24,OFICINA,,,0,A_ABONO_ACTIVO,2024-10-17,abonos_creditos.fecha_pago,NO,"2024-10-18 12:51:53"
13221,11799,000-001-01-00026927,"SECRETARIA DE SALUD",0.00,0,,2024-10-17,"2024-10-18 12:52:31",48125.68,0.00,1,0.00,27,"Ana Pineda",24,OFICINA,,,0,A_ABONO_ACTIVO,2024-10-17,abonos_creditos.fecha_pago,SI,"2024-11-13 14:40:50"
13845,11887,000-001-01-00026999,"SECRETARIA DE SALUD",0.00,0,,2024-10-17,"2024-10-18 12:53:06",9417.96,0.00,1,0.00,27,"Ana Pineda",24,OFICINA,,,0,A_ABONO_ACTIVO,2024-10-17,abonos_creditos.fecha_pago,SI,"2024-10-18 12:53:06"
14482,12007,000-001-01-00027090,"SECRETARIA DE ESTADO DE LAS CULTURAS,LAS ARTES /SECAPP",0.00,0,,2024-10-17,"2024-10-18 11:49:37",1994.56,0.00,1,0.00,57,"Josue Cerritos",24,OFICINA,,,0,A_ABONO_ACTIVO,2024-10-17,abonos_creditos.fecha_pago,NO,"2024-10-18 11:49:37"
14496,12042,000-001-01-00027120,"SECRETARIA DE TRANSPARENCIA Y LUCHA CONTRA LA CORRUPCIÓN",0.00,0,,2024-10-17,"2024-10-18 12:02:50",12552.60,0.00,1,0.00,27,"Ana Pineda",24,OFICINA,,,0,A_ABONO_ACTIVO,2024-10-17,abonos_creditos.fecha_pago,SI,"2024-10-18 12:02:50"
16980,12144,000-001-01-00027202,"COMISION NACIONAL DE LOS DERECHOS HUMANOS (CONADEH)",0.00,0,,2024-10-17,"2024-10-18 11:12:28",19681.44,0.00,1,0.00,27,"Ana Pineda",24,OFICINA,,,0,A_ABONO_ACTIVO,2024-10-17,abonos_creditos.fecha_pago,SI,"2024-10-18 11:12:28"
15862,12181,000-001-01-00027235,"SECRETARIA DE TRANSPARENCIA Y LUCHA CONTRA LA CORRUPCIÓN",0.00,0,,2024-10-17,"2024-10-18 11:59:37",46045.00,0.00,1,0.00,27,"Ana Pineda",24,OFICINA,,,0,A_ABONO_ACTIVO,2024-10-17,abonos_creditos.fecha_pago,SI,"2024-10-18 11:59:37"
16704,12211,000-001-01-00027262,"INSTITUTO NACIONAL PENITENCIARIO",0.00,0,,2024-10-17,"2024-10-18 11:19:33",10838.88,0.00,1,0.00,30,"Kelyn Barahona",36,"Angel Villela",,,0,A_ABONO_ACTIVO,2024-10-17,abonos_creditos.fecha_pago,NO,"2024-10-18 11:19:33"
16705,12214,000-001-01-00027265,"INSTITUTO NACIONAL PENITENCIARIO",0.00,0,,2024-10-17,"2024-10-18 11:20:06",263995.12,0.00,1,0.00,30,"Kelyn Barahona",36,"Angel Villela",,,0,A_ABONO_ACTIVO,2024-10-17,abonos_creditos.fecha_pago,NO,"2024-10-18 11:20:06"
16706,12226,000-001-01-00027273,"INSTITUTO NACIONAL PENITENCIARIO",0.00,0,,2024-10-17,"2024-10-18 11:20:36",48010.44,0.00,1,0.00,30,"Kelyn Barahona",36,"Angel Villela",,,0,A_ABONO_ACTIVO,2024-10-17,abonos_creditos.fecha_pago,NO,"2024-10-18 11:20:36"
15811,12298,000-001-01-00027335,"SECRETARIA DE SALUD",0.00,0,,2024-10-17,"2024-10-18 12:54:13",285030.00,0.00,1,0.00,27,"Ana Pineda",24,OFICINA,,,0,A_ABONO_ACTIVO,2024-10-17,abonos_creditos.fecha_pago,SI,"2024-10-18 12:54:13"
16691,12434,000-001-01-00027457,"INSTITUTO DE ACCESO A LA INFORMACIÓN PUBLICA",0.00,0,,2024-10-17,"2024-10-18 11:21:09",958.56,0.00,1,0.00,27,"Ana Pineda",24,OFICINA,,,0,A_ABONO_ACTIVO,2024-10-17,abonos_creditos.fecha_pago,SI,"2024-10-18 11:21:09"
16692,12449,000-001-01-00027472,"INSTITUTO DE ACCESO A LA INFORMACIÓN PUBLICA",0.00,0,,2024-10-17,"2024-10-18 11:23:26",1913.76,0.00,1,0.00,27,"Ana Pineda",24,OFICINA,,,0,A_ABONO_ACTIVO,2024-10-17,abonos_creditos.fecha_pago,SI,"2024-10-18 11:23:26"
16203,12450,000-001-01-00027473,"SECRETARIA DE TRABAJO Y SEGURIDAD SOCIAL",0.00,0,,2024-10-17,"2024-10-18 11:48:43",3463.04,0.00,1,0.00,27,"Ana Pineda",24,OFICINA,,,0,A_ABONO_ACTIVO,2024-10-17,abonos_creditos.fecha_pago,SI,"2024-10-18 11:48:43"
16202,12452,000-001-01-00027475,"SECRETARIA DE ESTADO EN EL DESPACHO DE ENERGIA",0.00,0,,2024-10-17,"2024-10-18 11:18:31",5031.04,0.00,1,0.00,27,"Ana Pineda",24,OFICINA,,,0,A_ABONO_ACTIVO,2024-10-17,abonos_creditos.fecha_pago,SI,"2024-10-18 11:18:31"
15924,12455,000-001-01-00027478,"ADMINISTRACION NACIONAL DE SERVICIO CIVIL (ANSEC)",0.00,0,,2024-10-17,"2024-10-18 12:08:15",15684.30,0.00,1,0.00,27,"Ana Pineda",24,OFICINA,,,0,A_ABONO_ACTIVO,2024-10-17,abonos_creditos.fecha_pago,SI,"2024-10-18 12:08:15"
15964,12456,000-001-01-00027479,"SECRETARIA DE SALUD",0.00,0,,2024-10-17,"2024-10-18 12:55:04",1341.60,0.00,1,0.00,27,"Ana Pineda",24,OFICINA,,,0,A_ABONO_ACTIVO,2024-10-17,abonos_creditos.fecha_pago,SI,"2024-10-18 12:55:04"
15974,12488,000-001-01-00027511,"DIRECCION DEPARTAMENTAL DE EDUCACION DE FRANCISCO MORAZAN",0.00,0,,2024-10-17,"2024-10-18 12:57:18",224576.00,0.00,1,0.00,27,"Ana Pineda",24,OFICINA,,,0,A_ABONO_ACTIVO,2024-10-17,abonos_creditos.fecha_pago,SI,"2024-10-18 12:57:18"
15975,12491,000-001-01-00027514,"DIRECCION DEPARTAMENTAL DE EDUCACION DE FRANCISCO MORAZAN",0.00,0,,2024-10-17,"2024-10-18 13:01:25",54975.00,0.00,1,0.00,27,"Ana Pineda",24,OFICINA,,,0,A_ABONO_ACTIVO,2024-10-17,abonos_creditos.fecha_pago,SI,"2024-10-18 13:01:25"
15976,12492,000-001-01-00027515,"DIRECCION DEPARTAMENTAL DE EDUCACION DE FRANCISCO MORAZAN",0.00,0,,2024-10-17,"2024-10-18 13:01:00",60717.94,0.00,1,0.00,27,"Ana Pineda",24,OFICINA,,,0,A_ABONO_ACTIVO,2024-10-17,abonos_creditos.fecha_pago,SI,"2024-10-18 13:01:00"
16590,12501,000-001-01-00027524,"PROGRAMA NACIONAL DE DESARROLLO RURAL Y URBANO SOSTENIBLE",0.00,0,,2024-10-17,"2024-10-18 12:04:00",84264.40,0.00,1,0.00,27,"Ana Pineda",24,OFICINA,,,0,A_ABONO_ACTIVO,2024-10-17,abonos_creditos.fecha_pago,SI,"2024-10-18 12:04:00"
16097,12514,000-001-01-00027537,"SECRETARIA DE ESTADO EN LOS  DESPACHO DE LA PRESIDENCIA",0.00,0,,2024-10-17,"2024-10-18 11:45:37",353.84,0.00,1,0.00,27,"Ana Pineda",24,OFICINA,,,0,A_ABONO_ACTIVO,2024-10-17,abonos_creditos.fecha_pago,SI,"2024-10-18 11:45:37"
16349,12535,000-001-01-00027558,"DIRECCION DEPARTAMENTAL DE EDUCACION DE FRANCISCO MORAZAN",0.00,0,,2024-10-17,"2024-10-18 13:02:06",68147.20,0.00,1,0.00,27,"Ana Pineda",24,OFICINA,,,0,A_ABONO_ACTIVO,2024-10-17,abonos_creditos.fecha_pago,SI,"2024-10-18 13:02:06"
16351,12597,000-001-01-00027620,"DIRECCION DEPARTAMENTAL DE EDUCACION DE FRANCISCO MORAZAN",0.00,0,,2024-10-17,"2024-10-18 12:58:52",37390.48,0.00,1,0.00,27,"Ana Pineda",24,OFICINA,,,0,A_ABONO_ACTIVO,2024-10-17,abonos_creditos.fecha_pago,SI,"2024-10-18 12:58:52"
16986,12608,000-001-01-00027631,"DIRECCIÓN DEPARTAMENTAL DE EDUCACIÓN DE OCOTEPEQUE",0.00,0,,2024-10-17,"2024-10-18 13:03:23",56984.99,0.00,1,0.00,27,"Ana Pineda",24,OFICINA,,,0,A_ABONO_ACTIVO,2024-10-17,abonos_creditos.fecha_pago,SI,"2024-10-18 13:03:23"
16846,12855,000-001-01-00027878,"SAMMY S ESCOLARES",0.00,0,,2024-10-17,"2024-10-18 13:28:23",5880.74,375.64,0,0.00,27,"Ana Pineda",115,"Erling Peralta",,,0,A_ABONO_ACTIVO,2024-10-17,abonos_creditos.fecha_pago,SI,"2024-12-06 13:12:56"
16695,12722,000-001-01-00027745,"INSTITUTO NACIONAL DE PREVISION DEL MAGISTERIO",0.00,0,,2024-10-18,"2024-10-22 11:33:28",4111.14,0.00,1,0.00,27,"Ana Pineda",24,OFICINA,,,0,A_ABONO_ACTIVO,2024-10-18,abonos_creditos.fecha_pago,SI,"2024-10-22 11:33:29"
16910,12949,000-001-01-00027972,"LAPICES Y MAS",0.00,0,,2024-10-19,"2024-10-21 10:48:45",29158.25,3277.50,0,0.00,27,"Ana Pineda",115,"Erling Peralta",,,0,A_ABONO_ACTIVO,2024-10-19,abonos_creditos.fecha_pago,SI,"2024-10-21 10:48:45"
17167,2609,000-001-01-00020462,"VISION MUNDIAL HONDURAS",0.00,0,,,,0.00,0.00,0,99178.29,32,"Soary Arleth",22,"Wendy Munguia",,,0,B_OTRO_REDUCTOR,2024-10-22,otros_movimientos.created_at,NO,"2024-10-22 11:41:08"
17199,11060,000-001-01-00026295,"UNIVERSIDAD DE DEFENSA DE HONDURAS",0.00,0,,2024-10-22,"2024-10-23 10:56:56",18740.40,0.00,1,0.00,57,"Josue Cerritos",61,"Glenda Martinez",,,0,A_ABONO_ACTIVO,2024-10-22,abonos_creditos.fecha_pago,NO,"2024-10-23 10:56:56"
11023,280,000-001-01-00019301,"SERVICIO AUTÓNOMO NACIONAL DE ACUEDUCTOS Y ALCANTARILLADO (SANAA)",0.00,0,,,,0.00,0.00,0,12779.00,9,"Claudia Sabillon",9,"Claudia Sabillon",,,0,B_OTRO_REDUCTOR,2024-10-24,otros_movimientos.created_at,NO,"2024-10-24 16:45:30"
17195,12694,000-001-01-00027717,"SECRETARIA DE INFRAESTRUCTURA Y TRANSPORTE",0.00,0,,2024-10-24,"2024-10-29 16:25:20",96660.00,0.00,1,0.00,27,"Ana Pineda",24,OFICINA,,,0,A_ABONO_ACTIVO,2024-10-24,abonos_creditos.fecha_pago,SI,"2024-10-29 16:25:20"
17522,12885,000-001-01-00027908,"SECRETARIA DE RECURSO NATURALES Y AMBIENTE",0.00,0,,2024-10-24,"2024-10-29 16:02:32",23603.20,0.00,1,0.00,27,"Ana Pineda",24,OFICINA,,,0,A_ABONO_ACTIVO,2024-10-24,abonos_creditos.fecha_pago,SI,"2024-10-29 16:02:33"
17523,12887,000-001-01-00027910,"SECRETARIA DE RECURSO NATURALES Y AMBIENTE",0.00,0,,2024-10-24,"2024-10-29 16:01:57",16733.60,0.00,1,0.00,27,"Ana Pineda",24,OFICINA,,,0,A_ABONO_ACTIVO,2024-10-24,abonos_creditos.fecha_pago,SI,"2024-10-29 16:01:57"
13300,11636,000-001-01-00026787,"INSTITUTO NACIONAL DE CONSERVACION Y DESARROLLO F.",0.00,0,,2024-10-25,"2024-10-29 10:42:37",6444.00,0.00,1,0.00,27,"Ana Pineda",24,OFICINA,,,0,A_ABONO_ACTIVO,2024-10-25,abonos_creditos.fecha_pago,SI,"2024-10-29 10:42:37"
15730,12265,000-001-01-00027305,"MINISTERIO PUBLICO",0.00,0,,2024-10-25,"2024-10-29 10:46:17",51948.10,0.00,1,0.00,27,"Ana Pineda",24,OFICINA,,,0,A_ABONO_ACTIVO,2024-10-25,abonos_creditos.fecha_pago,SI,"2024-10-29 10:46:17"
15731,12336,000-001-01-00027363,"MINISTERIO PUBLICO",0.00,0,,2024-10-25,"2024-10-29 10:46:53",46263.00,0.00,1,0.00,27,"Ana Pineda",24,OFICINA,,,0,A_ABONO_ACTIVO,2024-10-25,abonos_creditos.fecha_pago,SI,"2024-10-29 10:46:53"
12547,11386,000-001-01-00026572,"COMERCIAL PLAZA",0.00,0,,,,0.00,39701.80,0,0.01,58,"Daniela Torres",14,"Sulay Pineda",,,0,B_OTRO_REDUCTOR,2024-10-29,otros_movimientos.created_at,NO,"2024-10-29 13:16:34"
17772,12695,000-001-01-00027718,"INSTITUTO HONDUREÑO DEL TRANSPORTE TERRESTRE",0.00,0,,2024-10-29,"2024-11-05 10:46:02",15020.00,0.00,1,0.00,27,"Ana Pineda",24,OFICINA,,,0,A_ABONO_ACTIVO,2024-10-29,abonos_creditos.fecha_pago,SI,"2024-11-05 10:46:02"
17513,12881,000-001-01-00027904,"ADMINISTRACION ADUANERA DE HONDURAS",0.00,0,,2024-10-31,"2024-11-05 10:47:59",2242.00,0.00,1,0.00,30,"Kelyn Barahona",24,OFICINA,,,0,A_ABONO_ACTIVO,2024-10-31,abonos_creditos.fecha_pago,NO,"2024-11-05 10:47:59"
15904,12286,000-001-01-00027324,"SEDENA ,ESTADO MAYOR CONJUNTO C-2",0.00,0,,2024-11-01,"2024-11-12 10:35:19",13148.42,0.00,1,0.00,30,"Kelyn Barahona",24,OFICINA,,,0,A_ABONO_ACTIVO,2024-11-01,abonos_creditos.fecha_pago,NO,"2024-11-12 10:35:19"
17497,13241,000-001-01-00028263,"SECRETARIA DE SALUD",0.00,0,,2024-11-01,"2024-11-12 11:19:48",1097.10,0.00,1,0.00,27,"Ana Pineda",24,OFICINA,,,0,A_ABONO_ACTIVO,2024-11-01,abonos_creditos.fecha_pago,SI,"2024-11-12 11:19:48"
17933,13335,000-001-01-00028357,"INSTITUTO HONDUREÑO DE CIENCIA, TECNOLOGÍA E INNOVACIÓN",0.00,0,,2024-11-04,"2024-11-11 10:49:44",2260.40,0.00,1,0.00,27,"Ana Pineda",24,OFICINA,,,0,A_ABONO_ACTIVO,2024-11-04,abonos_creditos.fecha_pago,SI,"2024-11-11 10:49:44"
16017,11995,000-001-01-00027079,"INSTITUTO DE LA PROPIEDAD",0.00,0,,2024-11-05,"2024-11-11 10:33:46",38003.84,0.00,1,0.00,30,"Kelyn Barahona",24,OFICINA,,,0,A_ABONO_ACTIVO,2024-11-05,abonos_creditos.fecha_pago,NO,"2024-11-11 10:33:46"
15959,12503,000-001-01-00027526,"MINISTERIO PUBLICO",0.00,0,,2024-11-05,"2024-11-12 09:46:58",32306.00,0.00,1,0.00,27,"Ana Pineda",24,OFICINA,,,0,A_ABONO_ACTIVO,2024-11-05,abonos_creditos.fecha_pago,SI,"2024-11-12 09:46:58"
16054,12524,000-001-01-00027547,"MINISTERIO PUBLICO",0.00,0,,2024-11-05,"2024-11-12 09:46:01",5421.24,0.00,1,0.00,27,"Ana Pineda",24,OFICINA,,,0,A_ABONO_ACTIVO,2024-11-05,abonos_creditos.fecha_pago,SI,"2024-11-12 09:46:01"
16606,12766,000-001-01-00027789,"MINISTERIO PUBLICO",0.00,0,,2024-11-05,"2024-11-12 09:49:08",4860.00,0.00,1,0.00,27,"Ana Pineda",24,OFICINA,,,0,A_ABONO_ACTIVO,2024-11-05,abonos_creditos.fecha_pago,SI,"2024-11-12 09:49:08"
16694,12768,000-001-01-00027791,"INSTITUTO DE LA PROPIEDAD",0.00,0,,2024-11-05,"2024-11-11 10:34:27",4398.88,0.00,1,0.00,27,"Ana Pineda",24,OFICINA,,,0,A_ABONO_ACTIVO,2024-11-05,abonos_creditos.fecha_pago,SI,"2024-11-11 10:34:27"
16607,12769,000-001-01-00027792,"MINISTERIO PUBLICO",0.00,0,,2024-11-05,"2024-11-12 09:47:46",67648.68,0.00,1,0.00,27,"Ana Pineda",24,OFICINA,,,0,A_ABONO_ACTIVO,2024-11-05,abonos_creditos.fecha_pago,SI,"2024-11-23 10:00:13"
16688,12882,000-001-01-00027905,"MINISTERIO PUBLICO",0.00,0,,2024-11-05,"2024-11-12 09:48:31",89440.30,0.00,1,0.00,27,"Ana Pineda",24,OFICINA,,,0,A_ABONO_ACTIVO,2024-11-05,abonos_creditos.fecha_pago,SI,"2024-11-12 09:48:31"
17927,13067,000-001-01-00028089,"SECRETARIA DE DESARROLLO ECONOMICO",0.00,0,,2024-11-05,"2024-11-11 10:35:29",127423.28,0.00,1,0.00,27,"Ana Pineda",24,OFICINA,,,0,A_ABONO_ACTIVO,2024-11-05,abonos_creditos.fecha_pago,SI,"2024-11-11 10:35:29"
18110,13380,000-001-01-00028402,"BOTONES Y MAS",0.00,0,,2024-11-05,"2024-11-19 11:08:41",8755.25,196.65,0,0.00,57,"Josue Cerritos",14,"Sulay Pineda",,,0,A_ABONO_ACTIVO,2024-11-05,abonos_creditos.fecha_pago,NO,"2026-02-02 17:58:57"
7327,5584,000-001-01-00022004,"COMERCIAL PLAZA",0.00,0,,,,0.00,0.00,0,14618.80,27,"Ana Pineda",14,"Sulay Pineda",,,0,B_OTRO_REDUCTOR,2024-11-11,otros_movimientos.created_at,SI,"2024-11-11 13:27:32"
16605,12545,000-001-01-00027568,"EMPRESA NACIONAL PORTUARIA",0.00,0,,2024-11-11,"2024-11-19 12:28:23",23791.26,0.00,1,0.00,27,"Ana Pineda",24,OFICINA,,,0,A_ABONO_ACTIVO,2024-11-11,abonos_creditos.fecha_pago,SI,"2024-11-19 12:28:23"
13545,11448,000-001-01-00026623,"INSTITUTO HONDUREÑO DE TURISMO",0.00,0,,2024-11-12,"2024-11-19 11:50:32",960.44,0.00,1,72.76,27,"Ana Pineda",24,OFICINA,,,0,A_ABONO_ACTIVO,2024-11-12,abonos_creditos.fecha_pago,SI,"2024-11-19 11:51:40"
17762,13054,000-001-01-00028076,"SECRETARIA DE AGRICULTURA Y GANADERIA (SAG)",0.00,0,,2024-11-12,"2024-11-19 12:38:19",18863.40,0.00,1,0.00,27,"Ana Pineda",24,OFICINA,,,0,A_ABONO_ACTIVO,2024-11-12,abonos_creditos.fecha_pago,SI,"2024-11-19 12:38:19"
18286,13408,000-001-01-00028430,"BANCO CENTRAL DE HONDURAS",0.00,0,,2024-11-12,"2025-01-04 08:36:30",10788.97,0.00,1,0.00,57,"Josue Cerritos",36,"Angel Villela",,,0,A_ABONO_ACTIVO,2024-11-12,abonos_creditos.fecha_pago,NO,"2025-01-04 08:36:30"
14651,12015,000-001-01-00027096,"COMERCIAL PLAZA",0.00,0,,2024-11-14,"2024-11-15 15:13:47",25508.68,0.00,0,78.59,57,"Josue Cerritos",14,"Sulay Pineda",,,0,A_ABONO_ACTIVO,2024-11-14,abonos_creditos.fecha_pago,NO,"2024-12-03 13:09:00"
13848,11043,000-001-01-00026278,"SECRETARIA DE ESTADO DE LAS CULTURAS,LAS ARTES /SECAPP",0.00,0,,2024-11-15,"2024-11-19 11:59:35",17130.18,0.00,1,0.00,27,"Ana Pineda",24,OFICINA,,,0,A_ABONO_ACTIVO,2024-11-15,abonos_creditos.fecha_pago,SI,"2024-11-19 11:59:35"
15860,12344,000-001-01-00027368,INAMI,0.00,0,,2024-11-15,"2024-11-19 12:03:09",2259.88,0.00,1,0.00,30,"Kelyn Barahona",24,OFICINA,,,0,A_ABONO_ACTIVO,2024-11-15,abonos_creditos.fecha_pago,NO,"2024-11-19 12:03:09"
16982,12876,000-001-01-00027899,"SECRETARIA DE ESTADO DE LAS CULTURAS,LAS ARTES /SECAPP",0.00,0,,2024-11-15,"2024-11-19 11:58:53",1029.66,0.00,1,0.00,30,"Kelyn Barahona",24,OFICINA,,,0,A_ABONO_ACTIVO,2024-11-15,abonos_creditos.fecha_pago,NO,"2024-11-19 11:58:53"
17719,13017,000-001-01-00028039,"PROGRAMA DE LA RED SOLIDARIA",0.00,0,,2024-11-15,"2024-11-19 12:01:40",2066.20,0.00,1,0.00,27,"Ana Pineda",24,OFICINA,,,0,A_ABONO_ACTIVO,2024-11-15,abonos_creditos.fecha_pago,SI,"2024-11-19 12:01:40"
18333,13023,000-001-01-00028045,"SECRETARIA DE ESTADO EN LOS  DESPACHO DE LA PRESIDENCIA",0.00,0,,2024-11-15,"2024-11-19 12:42:28",19360.00,0.00,1,0.00,27,"Ana Pineda",24,OFICINA,,,0,A_ABONO_ACTIVO,2024-11-15,abonos_creditos.fecha_pago,SI,"2024-11-19 12:42:28"
17196,13032,000-001-01-00028054,"SECRETARIA DE INFRAESTRUCTURA Y TRANSPORTE",0.00,0,,2024-11-15,"2024-11-19 11:54:53",7177.60,0.00,1,0.00,30,"Kelyn Barahona",24,OFICINA,,,0,A_ABONO_ACTIVO,2024-11-15,abonos_creditos.fecha_pago,NO,"2024-11-19 11:54:53"
17609,13033,000-001-01-00028055,"SECRETARIA DE ESTADO EN EL DESPACHO DE DERECHOS HUMANOS",0.00,0,,2024-11-15,"2024-11-19 11:54:06",81188.22,0.00,1,0.00,27,"Ana Pineda",24,OFICINA,,,0,A_ABONO_ACTIVO,2024-11-15,abonos_creditos.fecha_pago,SI,"2024-11-19 11:54:06"
17694,13058,000-001-01-00028080,"SECRETARIA DE TRANSPARENCIA Y LUCHA CONTRA LA CORRUPCIÓN",0.00,0,,2024-11-15,"2024-11-19 12:31:37",35252.80,0.00,1,0.00,27,"Ana Pineda",24,OFICINA,,,0,A_ABONO_ACTIVO,2024-11-15,abonos_creditos.fecha_pago,SI,"2024-11-19 12:31:37"
17695,13059,000-001-01-00028081,"SECRETARIA DE TRANSPARENCIA Y LUCHA CONTRA LA CORRUPCIÓN",0.00,0,,2024-11-15,"2024-11-19 12:32:17",1185.40,0.00,1,0.00,27,"Ana Pineda",24,OFICINA,,,0,A_ABONO_ACTIVO,2024-11-15,abonos_creditos.fecha_pago,SI,"2024-11-19 12:32:17"
18334,13142,000-001-01-00028164,"SECRETARIA DE ESTADO EN LOS  DESPACHO DE LA PRESIDENCIA",0.00,0,,2024-11-15,"2024-11-19 12:40:38",528.80,0.00,1,0.00,27,"Ana Pineda",24,OFICINA,,,0,A_ABONO_ACTIVO,2024-11-15,abonos_creditos.fecha_pago,SI,"2024-11-19 12:40:38"
17514,13226,000-001-01-00028248,"DIRECCIÓN NACIONAL DE BIENES DEL ESTADO",0.00,0,,2024-11-15,"2024-11-19 11:53:14",23232.00,0.00,1,0.00,27,"Ana Pineda",24,OFICINA,,,0,A_ABONO_ACTIVO,2024-11-15,abonos_creditos.fecha_pago,SI,"2024-11-19 11:53:14"
18322,13497,000-001-01-00028519,"EMPRESA NACIONAL PORTUARIA",0.00,0,,2024-11-15,"2024-11-19 12:27:54",9525.52,0.00,1,0.00,27,"Ana Pineda",24,OFICINA,,,0,A_ABONO_ACTIVO,2024-11-15,abonos_creditos.fecha_pago,SI,"2024-11-19 12:27:54"
18150,13644,000-001-01-00028666,COPECO,0.00,0,,2024-11-15,"2024-11-19 12:27:08",63208.00,0.00,1,0.00,27,"Ana Pineda",24,OFICINA,,,0,A_ABONO_ACTIVO,2024-11-15,abonos_creditos.fecha_pago,SI,"2024-11-19 12:27:08"
16792,12909,000-001-01-00027932,"COMISION NACIONAL DE BANCOS Y SEGUROS",0.00,0,,2024-11-16,"2024-11-18 10:11:55",10169.40,0.00,1,0.00,27,"Ana Pineda",24,OFICINA,,,0,A_ABONO_ACTIVO,2024-11-16,abonos_creditos.fecha_pago,SI,"2024-11-18 10:11:55"
9258,3347,000-001-01-00020891,"LIBRERIA Y PAPELERIA DON QUIJOTE",0.00,0,,,,0.00,0.00,0,21896.00,8,"Francis Andino",8,"Francis Andino",,,0,B_OTRO_REDUCTOR,2024-11-18,otros_movimientos.created_at,NO,"2024-11-18 16:58:30"
13274,11647,000-001-01-00026795,"BICICLOS #2",0.00,0,,,,0.00,18650.21,0,0.01,58,"Daniela Torres",115,"Erling Peralta",,,0,B_OTRO_REDUCTOR,2024-11-19,otros_movimientos.created_at,NO,"2024-11-19 10:13:02"
18546,13927,000-001-01-00028949,"SECRETARIA DE SALUD",0.00,0,,2024-11-19,"2024-12-02 13:18:29",1173.72,0.00,1,0.00,64,"Kevin Nuñez",24,OFICINA,,,0,A_ABONO_ACTIVO,2024-11-19,abonos_creditos.fecha_pago,NO,"2024-12-02 13:18:29"
16689,12883,000-001-01-00027906,"MINISTERIO PUBLICO",0.00,0,,2024-11-20,"2024-11-29 14:58:09",1661.20,0.00,1,0.00,27,"Ana Pineda",24,OFICINA,,,0,A_ABONO_ACTIVO,2024-11-20,abonos_creditos.fecha_pago,SI,"2024-11-29 14:58:09"
18034,13018,000-001-01-00028040,"SEDENA ,ESTADO MAYOR CONJUNTO C-2",0.00,0,,2024-11-22,"2024-11-29 15:05:35",28182.30,0.00,1,0.00,30,"Kelyn Barahona",24,OFICINA,,,0,A_ABONO_ACTIVO,2024-11-22,abonos_creditos.fecha_pago,NO,"2024-11-29 15:05:35"
18370,13448,000-001-01-00028470,"INSTITUTO NACIONAL DE PREVISION DEL MAGISTERIO",0.00,0,,2024-11-25,"2024-11-29 15:00:47",24735.64,0.00,1,0.00,30,"Kelyn Barahona",24,OFICINA,,,0,A_ABONO_ACTIVO,2024-11-25,abonos_creditos.fecha_pago,NO,"2024-11-29 15:00:47"
18371,13506,000-001-01-00028528,"INSTITUTO NACIONAL DE PREVISION DEL MAGISTERIO",0.00,0,,2024-11-25,"2024-11-29 15:00:17",53086.00,0.00,1,0.00,27,"Ana Pineda",24,OFICINA,,,0,A_ABONO_ACTIVO,2024-11-25,abonos_creditos.fecha_pago,SI,"2024-11-29 15:00:17"
15903,12237,000-001-01-00027284,"SEDENA ,ESTADO MAYOR CONJUNTO C-2",0.00,0,,2024-11-26,"2024-11-29 15:04:14",8689.20,0.00,1,0.00,27,"Ana Pineda",24,OFICINA,,,0,A_ABONO_ACTIVO,2024-11-26,abonos_creditos.fecha_pago,SI,"2024-11-29 15:04:14"
16819,12886,000-001-01-00027909,"SEDENA ,ESTADO MAYOR CONJUNTO C-2",0.00,0,,2024-11-26,"2024-11-29 15:05:02",13319.68,0.00,1,0.00,27,"Ana Pineda",24,OFICINA,,,0,A_ABONO_ACTIVO,2024-11-26,abonos_creditos.fecha_pago,SI,"2024-11-29 15:05:02"
18120,13685,000-001-01-00028707,"TRIBUNAL SUPERIOR DE CUENTAS",0.00,0,,2024-11-26,"2024-11-27 10:50:02",3222.00,0.00,1,0.00,27,"Ana Pineda",24,OFICINA,,,0,A_ABONO_ACTIVO,2024-11-26,abonos_creditos.fecha_pago,SI,"2024-11-27 10:50:02"
18121,13689,000-001-01-00028711,"TRIBUNAL SUPERIOR DE CUENTAS",0.00,0,,2024-11-26,"2024-11-27 10:50:32",3543.60,0.00,1,0.00,27,"Ana Pineda",24,OFICINA,,,0,A_ABONO_ACTIVO,2024-11-26,abonos_creditos.fecha_pago,SI,"2024-11-27 10:50:32"
18354,13817,000-001-01-00028839,INPREUNAH,0.00,0,,2024-11-26,"2024-11-29 14:52:53",664.56,0.00,1,0.00,27,"Ana Pineda",24,OFICINA,,,0,A_ABONO_ACTIVO,2024-11-26,abonos_creditos.fecha_pago,SI,"2024-11-29 14:52:53"
13198,11791,000-001-01-00026919,"MINISTERIO PUBLICO",0.00,0,,2024-11-27,"2024-11-29 14:57:33",114956.00,0.00,1,0.00,27,"Ana Pineda",24,OFICINA,,,0,A_ABONO_ACTIVO,2024-11-27,abonos_creditos.fecha_pago,SI,"2024-11-29 14:57:33"
16059,12534,000-001-01-00027557,"MINISTERIO PUBLICO",0.00,0,,2024-11-28,"2024-12-10 14:26:18",21901.95,0.00,1,0.00,27,"Ana Pineda",24,OFICINA,,,0,A_ABONO_ACTIVO,2024-11-28,abonos_creditos.fecha_pago,SI,"2024-12-10 14:26:18"
18454,13687,000-001-01-00028709,"SERVICIO DE ADMINISTRACION DE RENTAS",0.00,0,,2024-11-28,"2024-12-10 12:16:07",52258.00,0.00,1,0.00,27,"Ana Pineda",24,OFICINA,,,0,A_ABONO_ACTIVO,2024-11-28,abonos_creditos.fecha_pago,SI,"2024-12-10 12:16:07"
18515,13891,000-001-01-00028913,"LAPICES Y MAS",0.00,0,,2024-12-02,"2024-12-03 13:56:37",22302.41,1242.00,0,0.00,27,"Ana Pineda",115,"Erling Peralta",,,0,A_ABONO_ACTIVO,2024-12-02,abonos_creditos.fecha_pago,SI,"2024-12-03 13:56:37"
18542,13947,000-001-01-00028969,"INSTITUTO HONDUREÑO DE CIENCIA, TECNOLOGÍA E INNOVACIÓN",0.00,0,,2024-12-04,"2024-12-27 16:48:27",14969.28,0.00,1,0.00,27,"Ana Pineda",24,OFICINA,,,0,A_ABONO_ACTIVO,2024-12-04,abonos_creditos.fecha_pago,SI,"2024-12-27 16:48:27"
18985,14076,000-001-01-00029098,"SECRETARIA DE SALUD",0.00,0,,2024-12-05,"2025-04-23 14:29:22",5710.00,0.00,1,0.00,27,"Ana Pineda",24,OFICINA,,,0,A_ABONO_ACTIVO,2024-12-05,abonos_creditos.fecha_pago,SI,"2025-04-23 14:29:22"
18027,13511,000-001-01-00028533,"MINISTERIO PUBLICO",0.00,0,,2024-12-06,"2024-12-12 11:28:39",9427.52,0.00,1,0.00,27,"Ana Pineda",24,OFICINA,,,0,A_ABONO_ACTIVO,2024-12-06,abonos_creditos.fecha_pago,SI,"2024-12-12 11:28:39"
18291,13766,000-001-01-00028788,"HOSPITAL MILITAR",0.00,0,,2024-12-10,"2024-12-11 13:13:58",43499.28,0.00,1,0.00,57,"Josue Cerritos",36,"Angel Villela",,,0,A_ABONO_ACTIVO,2024-12-10,abonos_creditos.fecha_pago,NO,"2024-12-11 13:13:58"
18288,13728,000-001-01-00028750,"BANCO CENTRAL DE HONDURAS",0.00,0,,2024-12-11,"2025-01-04 09:12:35",2232.02,0.00,1,0.00,57,"Josue Cerritos",36,"Angel Villela",,,0,A_ABONO_ACTIVO,2024-12-11,abonos_creditos.fecha_pago,NO,"2025-01-04 09:12:35"
18922,13952,000-001-01-00028974,SENASA,0.00,0,,2024-12-11,"2024-12-20 16:51:50",18436.80,0.00,1,0.00,27,"Ana Pineda",24,OFICINA,,,0,A_ABONO_ACTIVO,2024-12-11,abonos_creditos.fecha_pago,SI,"2024-12-20 16:51:50"
17594,13233,000-001-01-00028255,"PROCURADURIA GENERAL DE LA REPUBLICA",0.00,0,,2024-12-12,"2024-12-13 10:02:25",1999.44,0.00,1,0.00,27,"Ana Pineda",24,OFICINA,,,0,A_ABONO_ACTIVO,2024-12-12,abonos_creditos.fecha_pago,SI,"2024-12-13 10:02:25"
17595,13329,000-001-01-00028351,"PROCURADURIA GENERAL DE LA REPUBLICA",0.00,0,,2024-12-12,"2024-12-13 09:53:24",1802.72,0.00,1,0.00,27,"Ana Pineda",24,OFICINA,,,0,A_ABONO_ACTIVO,2024-12-12,abonos_creditos.fecha_pago,SI,"2024-12-13 09:53:24"
17596,13332,000-001-01-00028354,"PROCURADURIA GENERAL DE LA REPUBLICA",0.00,0,,2024-12-12,"2024-12-13 10:00:21",799.44,0.00,1,0.00,27,"Ana Pineda",24,OFICINA,,,0,A_ABONO_ACTIVO,2024-12-12,abonos_creditos.fecha_pago,SI,"2024-12-13 10:00:21"
18070,13537,000-001-01-00028559,"PROCURADURIA GENERAL DE LA REPUBLICA",0.00,0,,2024-12-12,"2024-12-13 10:05:54",116891.20,0.00,1,0.00,27,"Ana Pineda",24,OFICINA,,,0,A_ABONO_ACTIVO,2024-12-12,abonos_creditos.fecha_pago,SI,"2024-12-13 10:05:54"
18071,13576,000-001-01-00028598,"PROCURADURIA GENERAL DE LA REPUBLICA",0.00,0,,2024-12-12,"2024-12-13 09:51:00",40281.52,0.00,1,0.00,27,"Ana Pineda",24,OFICINA,,,0,A_ABONO_ACTIVO,2024-12-12,abonos_creditos.fecha_pago,SI,"2024-12-13 09:51:00"
18905,13920,000-001-01-00028942,"ADMINISTRACION NACIONAL DE SERVICIO CIVIL (ANSEC)",0.00,0,,2024-12-12,"2024-12-20 16:45:01",2067.40,0.00,1,0.00,64,"Kevin Nuñez",24,OFICINA,,,0,A_ABONO_ACTIVO,2024-12-12,abonos_creditos.fecha_pago,NO,"2024-12-20 16:45:01"
18632,13949,000-001-01-00028971,"INSTITUTO HONDUREÑO DEL TRANSPORTE TERRESTRE",0.00,0,,2024-12-12,"2024-12-20 16:54:53",4078.20,0.00,1,0.00,27,"Ana Pineda",24,OFICINA,,,0,A_ABONO_ACTIVO,2024-12-12,abonos_creditos.fecha_pago,SI,"2024-12-20 16:54:53"
18906,14135,000-001-01-00029157,"ADMINISTRACION NACIONAL DE SERVICIO CIVIL (ANSEC)",0.00,0,,2024-12-12,"2024-12-20 16:44:20",936.00,0.00,1,0.00,27,"Ana Pineda",24,OFICINA,,,0,A_ABONO_ACTIVO,2024-12-12,abonos_creditos.fecha_pago,SI,"2024-12-20 16:44:20"
18907,14136,000-001-01-00029158,"ADMINISTRACION NACIONAL DE SERVICIO CIVIL (ANSEC)",0.00,0,,2024-12-12,"2024-12-20 16:43:44",12378.80,0.00,1,0.00,27,"Ana Pineda",24,OFICINA,,,0,A_ABONO_ACTIVO,2024-12-12,abonos_creditos.fecha_pago,SI,"2024-12-20 16:43:44"
18925,14198,000-001-01-00029220,"INSTITUTO NACIONAL DE CONSERVACION Y DESARROLLO F.",0.00,0,,2024-12-13,"2024-12-23 08:12:32",18292.32,0.00,1,0.00,30,"Kelyn Barahona",24,OFICINA,,,0,A_ABONO_ACTIVO,2024-12-13,abonos_creditos.fecha_pago,NO,"2024-12-23 08:12:32"
18926,14199,000-001-01-00029221,"INSTITUTO NACIONAL DE CONSERVACION Y DESARROLLO F.",0.00,0,,2024-12-13,"2024-12-23 08:11:46",36348.00,0.00,1,0.00,30,"Kelyn Barahona",24,OFICINA,,,0,A_ABONO_ACTIVO,2024-12-13,abonos_creditos.fecha_pago,NO,"2024-12-23 08:11:46"
18544,13878,000-001-01-00028900,"BANCO NACIONAL DE DESARROLLO AGRICOLA",0.00,0,,2024-12-14,"2024-12-19 13:44:03",5031.00,0.00,1,0.00,27,"Ana Pineda",24,OFICINA,,,0,A_ABONO_ACTIVO,2024-12-14,abonos_creditos.fecha_pago,SI,"2024-12-19 13:44:03"
18839,14007,000-001-01-00029029,"BANCO NACIONAL DE DESARROLLO AGRICOLA",0.00,0,,2024-12-14,"2024-12-19 13:43:22",71172.00,0.00,1,0.00,27,"Ana Pineda",24,OFICINA,,,0,A_ABONO_ACTIVO,2024-12-14,abonos_creditos.fecha_pago,SI,"2024-12-19 13:43:22"
18904,14207,000-001-01-00029229,"INSTITUTO HONDUREÑO DE CIENCIA, TECNOLOGÍA E INNOVACIÓN",0.00,0,,2024-12-16,"2024-12-23 08:21:34",8479.00,0.00,1,0.00,27,"Ana Pineda",24,OFICINA,,,0,A_ABONO_ACTIVO,2024-12-16,abonos_creditos.fecha_pago,SI,"2025-05-14 11:49:41"
17593,13101,000-001-01-00028123,"PROCURADURIA GENERAL DE LA REPUBLICA",0.00,0,,2024-12-17,"2024-12-20 11:33:25",63831.94,0.00,1,0.00,27,"Ana Pineda",24,OFICINA,,,0,A_ABONO_ACTIVO,2024-12-17,abonos_creditos.fecha_pago,SI,"2024-12-20 11:33:25"
18093,13575,000-001-01-00028597,"INSTITUTO NACIONAL DE FORMACION PROFESIONAL",0.00,0,,2024-12-17,"2024-12-19 13:39:10",753.28,0.00,1,0.00,27,"Ana Pineda",24,OFICINA,,,0,A_ABONO_ACTIVO,2024-12-17,abonos_creditos.fecha_pago,SI,"2024-12-19 13:39:10"
18359,13769,000-001-01-00028791,"INSTITUTO DE LA PROPIEDAD",0.00,0,,2024-12-17,"2024-12-20 16:56:17",162200.00,0.00,1,0.00,27,"Ana Pineda",24,OFICINA,,,0,A_ABONO_ACTIVO,2024-12-17,abonos_creditos.fecha_pago,SI,"2024-12-20 16:56:17"
18777,13849,000-001-01-00028871,"PROCURADURIA GENERAL DE LA REPUBLICA",0.00,0,,2024-12-17,"2024-12-20 11:39:02",536.16,0.00,1,0.00,27,"Ana Pineda",24,OFICINA,,,0,A_ABONO_ACTIVO,2024-12-17,abonos_creditos.fecha_pago,SI,"2024-12-20 11:39:02"
18914,14072,000-001-01-00029094,"SECRETARIA DE RECURSO NATURALES Y AMBIENTE",0.00,0,,2024-12-17,"2024-12-20 16:48:07",1747.00,0.00,1,0.00,27,"Ana Pineda",24,OFICINA,,,0,A_ABONO_ACTIVO,2024-12-17,abonos_creditos.fecha_pago,SI,"2024-12-20 16:48:07"
18779,14078,000-001-01-00029100,"PROCURADURIA GENERAL DE LA REPUBLICA",0.00,0,,2024-12-17,"2024-12-20 11:35:49",2721.44,0.00,1,0.00,27,"Ana Pineda",24,OFICINA,,,0,A_ABONO_ACTIVO,2024-12-17,abonos_creditos.fecha_pago,SI,"2024-12-20 11:35:49"
18915,14081,000-001-01-00029103,"SECRETARIA DE RECURSO NATURALES Y AMBIENTE",0.00,0,,2024-12-17,"2024-12-20 16:49:31",34164.58,0.00,1,0.00,27,"Ana Pineda",24,OFICINA,,,0,A_ABONO_ACTIVO,2024-12-17,abonos_creditos.fecha_pago,SI,"2024-12-20 16:49:31"
18916,14137,000-001-01-00029159,"SECRETARIA DE RECURSO NATURALES Y AMBIENTE",0.00,0,,2024-12-17,"2024-12-20 16:50:07",64440.00,0.00,1,0.00,27,"Ana Pineda",24,OFICINA,,,0,A_ABONO_ACTIVO,2024-12-17,abonos_creditos.fecha_pago,SI,"2024-12-20 16:50:07"
18917,14205,000-001-01-00029227,"SECRETARIA DE RECURSO NATURALES Y AMBIENTE",0.00,0,,2024-12-17,"2024-12-23 08:14:20",33976.00,0.00,1,0.00,27,"Ana Pineda",24,OFICINA,,,0,A_ABONO_ACTIVO,2024-12-17,abonos_creditos.fecha_pago,SI,"2024-12-23 08:14:20"
18783,14225,000-001-01-00029247,"PROCURADURIA GENERAL DE LA REPUBLICA",0.00,0,,2024-12-17,"2024-12-19 08:21:06",33887.94,0.00,1,0.00,27,"Ana Pineda",24,OFICINA,,,0,A_ABONO_ACTIVO,2024-12-17,abonos_creditos.fecha_pago,SI,"2024-12-19 08:21:06"
16099,12532,000-001-01-00027555,"SECRETARIA DE GOBERNACION,JUSTICIA Y DESCENTRALIZA",0.00,0,,2024-12-18,"2024-12-23 08:13:43",59940.00,0.00,1,0.00,27,"Ana Pineda",24,OFICINA,,,0,A_ABONO_ACTIVO,2024-12-18,abonos_creditos.fecha_pago,SI,"2024-12-23 08:13:43"
15808,12212,000-001-01-00027263,"SECRETARIA DE SALUD",0.00,0,,2024-12-19,"2024-12-26 11:15:55",130394.24,0.00,1,0.00,27,"Ana Pineda",24,OFICINA,,,0,A_ABONO_ACTIVO,2024-12-19,abonos_creditos.fecha_pago,SI,"2024-12-26 11:15:55"
15809,12248,000-001-01-00027293,"SECRETARIA DE SALUD",0.00,0,,2024-12-19,"2024-12-26 11:15:30",74833.20,0.00,1,0.00,27,"Ana Pineda",24,OFICINA,,,0,A_ABONO_ACTIVO,2024-12-19,abonos_creditos.fecha_pago,SI,"2024-12-26 11:15:30"
15812,12331,000-001-01-00027358,"SECRETARIA DE SALUD",0.00,0,,2024-12-19,"2024-12-26 11:13:10",15254.46,0.00,1,0.00,27,"Ana Pineda",24,OFICINA,,,0,A_ABONO_ACTIVO,2024-12-19,abonos_creditos.fecha_pago,SI,"2024-12-26 11:13:10"
15965,12506,000-001-01-00027529,"SECRETARIA DE SALUD",0.00,0,,2024-12-19,"2024-12-26 11:05:36",2520.34,0.00,1,0.00,27,"Ana Pineda",24,OFICINA,,,0,A_ABONO_ACTIVO,2024-12-19,abonos_creditos.fecha_pago,SI,"2024-12-26 11:05:36"
16101,12523,000-001-01-00027546,"SECRETARIA DE SALUD",0.00,0,,2024-12-19,"2024-12-26 11:05:09",12349.40,0.00,1,0.00,30,"Kelyn Barahona",24,OFICINA,,,0,A_ABONO_ACTIVO,2024-12-19,abonos_creditos.fecha_pago,NO,"2024-12-26 11:05:09"
16102,12527,000-001-01-00027550,"SECRETARIA DE SALUD",0.00,0,,2024-12-19,"2024-12-26 11:04:41",16229.92,0.00,1,0.00,27,"Ana Pineda",24,OFICINA,,,0,A_ABONO_ACTIVO,2024-12-19,abonos_creditos.fecha_pago,SI,"2024-12-26 11:04:41"
16103,12528,000-001-01-00027551,"SECRETARIA DE SALUD",0.00,0,,2024-12-19,"2024-12-26 11:04:17",51248.40,0.00,1,0.00,30,"Kelyn Barahona",24,OFICINA,,,0,A_ABONO_ACTIVO,2024-12-19,abonos_creditos.fecha_pago,NO,"2024-12-26 11:04:17"
17621,12720,000-001-01-00027743,"SECRETARIA DE SEGURIDAD",0.00,0,,2024-12-19,"2024-12-26 11:39:58",3998.88,0.00,1,0.00,27,"Ana Pineda",24,OFICINA,,,0,A_ABONO_ACTIVO,2024-12-19,abonos_creditos.fecha_pago,SI,"2024-12-26 11:39:58"
17159,12910,000-001-01-00027933,"INSTITUTO NACIONAL DE CONSERVACION Y DESARROLLO F.",0.00,0,,2024-12-19,"2024-12-26 11:26:08",88772.80,0.00,1,0.00,27,"Ana Pineda",24,OFICINA,,,0,A_ABONO_ACTIVO,2024-12-19,abonos_creditos.fecha_pago,SI,"2024-12-26 11:26:08"
16983,12976,000-001-01-00027999,"SECRETARIA DE SALUD",0.00,0,,2024-12-19,"2024-12-26 11:09:33",8620.00,0.00,1,0.00,27,"Ana Pineda",24,OFICINA,,,0,A_ABONO_ACTIVO,2024-12-19,abonos_creditos.fecha_pago,SI,"2024-12-26 11:09:33"
16984,12977,000-001-01-00028000,"SECRETARIA DE SALUD",0.00,0,,2024-12-19,"2024-12-26 11:08:51",148109.60,0.00,1,0.00,27,"Ana Pineda",24,OFICINA,,,0,A_ABONO_ACTIVO,2024-12-19,abonos_creditos.fecha_pago,SI,"2024-12-26 11:08:51"
17491,13019,000-001-01-00028041,"SECRETARIA DE SALUD",0.00,0,,2024-12-19,"2024-12-26 11:06:07",438.88,0.00,1,0.00,27,"Ana Pineda",24,OFICINA,,,0,A_ABONO_ACTIVO,2024-12-19,abonos_creditos.fecha_pago,SI,"2024-12-26 11:06:07"
17492,13020,000-001-01-00028042,"SECRETARIA DE SALUD",0.00,0,,2024-12-19,"2024-12-26 11:10:52",3252.48,0.00,1,0.00,27,"Ana Pineda",24,OFICINA,,,0,A_ABONO_ACTIVO,2024-12-19,abonos_creditos.fecha_pago,SI,"2024-12-26 11:10:52"
17493,13021,000-001-01-00028043,"SECRETARIA DE SALUD",0.00,0,,2024-12-19,"2024-12-26 11:10:21",38720.00,0.00,1,0.00,27,"Ana Pineda",24,OFICINA,,,0,A_ABONO_ACTIVO,2024-12-19,abonos_creditos.fecha_pago,SI,"2024-12-26 11:10:21"
17494,13022,000-001-01-00028044,"SECRETARIA DE SALUD",0.00,0,,2024-12-19,"2024-12-26 11:09:57",7980.00,0.00,1,0.00,27,"Ana Pineda",24,OFICINA,,,0,A_ABONO_ACTIVO,2024-12-19,abonos_creditos.fecha_pago,SI,"2024-12-26 11:09:57"
17495,13025,000-001-01-00028047,"SECRETARIA DE SALUD",0.00,0,,2024-12-19,"2024-12-26 11:07:58",7626.40,0.00,1,0.00,27,"Ana Pineda",24,OFICINA,,,0,A_ABONO_ACTIVO,2024-12-19,abonos_creditos.fecha_pago,SI,"2024-12-26 11:07:58"
17496,13028,000-001-01-00028050,"SECRETARIA DE SALUD",0.00,0,,2024-12-19,"2024-12-26 11:07:33",3256.04,0.00,1,0.00,27,"Ana Pineda",24,OFICINA,,,0,A_ABONO_ACTIVO,2024-12-19,abonos_creditos.fecha_pago,SI,"2024-12-26 11:07:33"
17688,13184,000-001-01-00028206,"SECRETARIA DE ESTADO DE LAS CULTURAS,LAS ARTES /SECAPP",0.00,0,,2024-12-19,"2024-12-26 10:44:15",546.32,0.00,1,0.00,27,"Ana Pineda",24,OFICINA,,,0,A_ABONO_ACTIVO,2024-12-19,abonos_creditos.fecha_pago,SI,"2024-12-26 10:44:15"
17524,13229,000-001-01-00028251,"SECRETARIA DE RECURSO NATURALES Y AMBIENTE",0.00,0,,2024-12-19,"2024-12-26 10:45:32",1250.40,0.00,1,0.00,27,"Ana Pineda",24,OFICINA,,,0,A_ABONO_ACTIVO,2024-12-19,abonos_creditos.fecha_pago,SI,"2024-12-26 10:45:32"
17849,13330,000-001-01-00028352,"SECRETARIA DE TRABAJO Y SEGURIDAD SOCIAL",0.00,0,,2024-12-19,"2024-12-26 11:00:30",109672.00,0.00,1,0.00,27,"Ana Pineda",24,OFICINA,,,0,A_ABONO_ACTIVO,2024-12-19,abonos_creditos.fecha_pago,SI,"2024-12-26 11:00:30"
17843,13420,000-001-01-00028442,"SECRETARIA DE DEFENSA NACIONAL",0.00,0,,2024-12-19,"2024-12-26 11:34:34",59105.30,0.00,1,0.00,27,"Ana Pineda",24,OFICINA,,,0,A_ABONO_ACTIVO,2024-12-19,abonos_creditos.fecha_pago,SI,"2024-12-26 11:34:34"
17844,13444,000-001-01-00028466,"SECRETARIA DE DEFENSA NACIONAL",0.00,0,,2024-12-19,"2024-12-26 11:35:02",355.52,0.00,1,0.00,57,"Josue Cerritos",24,OFICINA,,,0,A_ABONO_ACTIVO,2024-12-19,abonos_creditos.fecha_pago,NO,"2024-12-26 11:35:02"
17846,13458,000-001-01-00028480,"SECRETARIA DE ESTADO EN LOS DESPACHOS DE NIÑEZ, ADOLESCENCIA Y FAMILIA",0.00,0,,2024-12-19,"2024-12-26 11:33:06",8618.65,0.00,1,0.00,57,"Josue Cerritos",36,"Angel Villela",,,0,A_ABONO_ACTIVO,2024-12-19,abonos_creditos.fecha_pago,NO,"2024-12-26 11:33:06"
17847,13460,000-001-01-00028482,"SECRETARIA DE ESTADO EN LOS DESPACHOS DE NIÑEZ, ADOLESCENCIA Y FAMILIA",0.00,0,,2024-12-19,"2024-12-26 11:33:30",28425.88,0.00,1,0.00,57,"Josue Cerritos",36,"Angel Villela",,,0,A_ABONO_ACTIVO,2024-12-19,abonos_creditos.fecha_pago,NO,"2024-12-26 11:33:30"
17999,13568,000-001-01-00028590,"SECRETARIA DE ESTADO EN EL DESPACHO DE DERECHOS HUMANOS",0.00,0,,2024-12-19,"2024-12-26 10:58:37",15952.00,0.00,1,0.00,27,"Ana Pineda",24,OFICINA,,,0,A_ABONO_ACTIVO,2024-12-19,abonos_creditos.fecha_pago,SI,"2024-12-26 10:58:37"
17928,13572,000-001-01-00028594,"SECRETARIA DE DESARROLLO ECONOMICO",0.00,0,,2024-12-19,"2024-12-26 11:02:45",7115.24,0.00,1,0.00,27,"Ana Pineda",24,OFICINA,,,0,A_ABONO_ACTIVO,2024-12-19,abonos_creditos.fecha_pago,SI,"2024-12-26 11:02:45"
18326,13639,000-001-01-00028661,"SECRETARIA DE TRANSPARENCIA Y LUCHA CONTRA LA CORRUPCIÓN",0.00,0,,2024-12-19,"2024-12-26 10:49:44",964.98,0.00,1,0.00,27,"Ana Pineda",24,OFICINA,,,0,A_ABONO_ACTIVO,2024-12-19,abonos_creditos.fecha_pago,SI,"2024-12-26 10:49:44"
18095,13647,000-001-01-00028669,"SECRETARIA DE ESTADO EN EL DESPACHO DE DERECHOS HUMANOS",0.00,0,,2024-12-19,"2024-12-26 10:58:00",13972.00,0.00,1,0.00,27,"Ana Pineda",24,OFICINA,,,0,A_ABONO_ACTIVO,2024-12-19,abonos_creditos.fecha_pago,SI,"2024-12-26 10:58:00"
18327,13649,000-001-01-00028671,"SECRETARIA DE TRANSPARENCIA Y LUCHA CONTRA LA CORRUPCIÓN",0.00,0,,2024-12-19,"2024-12-26 10:50:43",8495.84,0.00,1,0.00,27,"Ana Pineda",24,OFICINA,,,0,A_ABONO_ACTIVO,2024-12-19,abonos_creditos.fecha_pago,SI,"2024-12-26 10:50:43"
18328,13650,000-001-01-00028672,"SECRETARIA DE TRANSPARENCIA Y LUCHA CONTRA LA CORRUPCIÓN",0.00,0,,2024-12-19,"2024-12-26 10:51:41",16263.86,0.00,1,0.00,27,"Ana Pineda",24,OFICINA,,,0,A_ABONO_ACTIVO,2024-12-19,abonos_creditos.fecha_pago,SI,"2024-12-26 10:51:41"
18329,13690,000-001-01-00028712,"SECRETARIA DE TRANSPARENCIA Y LUCHA CONTRA LA CORRUPCIÓN",0.00,0,,2024-12-19,"2024-12-26 10:52:37",1049.34,0.00,1,0.00,27,"Ana Pineda",24,OFICINA,,,0,A_ABONO_ACTIVO,2024-12-19,abonos_creditos.fecha_pago,SI,"2024-12-26 10:52:37"
18324,13771,000-001-01-00028793,"SECRETARIA DE SALUD",0.00,0,,2024-12-19,"2024-12-26 11:01:31",1892.44,0.00,1,0.00,30,"Kelyn Barahona",24,OFICINA,,,0,A_ABONO_ACTIVO,2024-12-19,abonos_creditos.fecha_pago,NO,"2024-12-26 11:01:31"
18434,13837,000-001-01-00028859,"SECRETARIA DE GOBERNACION,JUSTICIA Y DESCENTRALIZA",0.00,0,,2024-12-19,"2024-12-26 11:28:53",697.76,0.00,1,0.00,27,"Ana Pineda",24,OFICINA,,,0,A_ABONO_ACTIVO,2024-12-19,abonos_creditos.fecha_pago,SI,"2024-12-26 11:28:53"
19000,13851,000-001-01-00028873,"INSTITUTO NACIONAL PENITENCIARIO",0.00,0,,2024-12-19,"2024-12-26 11:29:30",152163.00,0.00,1,0.00,64,"Kevin Nuñez",36,"Angel Villela",,,0,A_ABONO_ACTIVO,2024-12-19,abonos_creditos.fecha_pago,NO,"2024-12-26 11:29:30"
18432,13854,000-001-01-00028876,"SECRETARIA DE DESARROLLO ECONOMICO",0.00,0,,2024-12-19,"2024-12-26 11:42:17",123722.60,0.00,1,0.00,27,"Ana Pineda",24,OFICINA,,,0,A_ABONO_ACTIVO,2024-12-19,abonos_creditos.fecha_pago,SI,"2024-12-26 11:42:17"
18446,13855,000-001-01-00028877,"SECRETARIA DE TRABAJO Y SEGURIDAD SOCIAL",0.00,0,,2024-12-19,"2024-12-26 11:01:21",897.48,0.00,1,0.00,30,"Kelyn Barahona",24,OFICINA,,,0,A_ABONO_ACTIVO,2024-12-19,abonos_creditos.fecha_pago,NO,"2024-12-26 11:01:21"
18447,13858,000-001-01-00028880,"SECRETARIA DE TRABAJO Y SEGURIDAD SOCIAL",0.00,0,,2024-12-19,"2024-12-26 11:01:58",19432.52,0.00,1,0.00,27,"Ana Pineda",24,OFICINA,,,0,A_ABONO_ACTIVO,2024-12-19,abonos_creditos.fecha_pago,SI,"2024-12-26 11:01:58"
18449,13877,000-001-01-00028899,"SECRETARIA DE TRANSPARENCIA Y LUCHA CONTRA LA CORRUPCIÓN",0.00,0,,2024-12-19,"2024-12-26 10:53:21",124997.80,0.00,1,0.00,27,"Ana Pineda",24,OFICINA,,,0,A_ABONO_ACTIVO,2024-12-19,abonos_creditos.fecha_pago,SI,"2024-12-26 10:53:21"
18994,13913,000-001-01-00028935,"DIRECCION DEPARTAMENTAL DE EDUCACION DE FRANCISCO MORAZAN",0.00,0,,2024-12-19,"2024-12-26 11:22:54",13039.20,0.00,1,0.00,27,"Ana Pineda",24,OFICINA,,,0,A_ABONO_ACTIVO,2024-12-19,abonos_creditos.fecha_pago,SI,"2024-12-26 11:22:54"
18995,13914,000-001-01-00028936,"DIRECCION DEPARTAMENTAL DE EDUCACION DE FRANCISCO MORAZAN",0.00,0,,2024-12-19,"2024-12-26 11:22:24",4346.96,0.00,1,0.00,27,"Ana Pineda",24,OFICINA,,,0,A_ABONO_ACTIVO,2024-12-19,abonos_creditos.fecha_pago,SI,"2024-12-26 11:22:24"
18997,13929,000-001-01-00028951,"SECRETARIA DE DESARROLLO COMUNITARIO, AGUA Y SANEAMIENTO FHIS",0.00,0,,2024-12-19,"2024-12-26 11:24:15",8323.60,0.00,1,0.00,57,"Josue Cerritos",36,"Angel Villela",,,0,A_ABONO_ACTIVO,2024-12-19,abonos_creditos.fecha_pago,NO,"2024-12-26 11:24:15"
18998,13930,000-001-01-00028952,"SECRETARIA DE DESARROLLO COMUNITARIO, AGUA Y SANEAMIENTO FHIS",0.00,0,,2024-12-19,"2024-12-26 11:24:52",8926.12,0.00,1,0.00,57,"Josue Cerritos",36,"Angel Villela",,,0,A_ABONO_ACTIVO,2024-12-19,abonos_creditos.fecha_pago,NO,"2024-12-26 11:24:52"
18975,13935,000-001-01-00028957,"SECRETARIA DE TRANSPARENCIA Y LUCHA CONTRA LA CORRUPCIÓN",0.00,0,,2024-12-19,"2024-12-26 10:54:09",3887.56,0.00,1,0.00,27,"Ana Pineda",24,OFICINA,,,0,A_ABONO_ACTIVO,2024-12-19,abonos_creditos.fecha_pago,SI,"2024-12-26 10:54:09"
18642,13945,000-001-01-00028967,"SECRETARIA DE ESTADO EN LOS  DESPACHO DE LA PRESIDENCIA",0.00,0,,2024-12-19,"2024-12-26 11:28:08",25612.60,0.00,1,0.00,30,"Kelyn Barahona",24,OFICINA,,,0,A_ABONO_ACTIVO,2024-12-19,abonos_creditos.fecha_pago,NO,"2024-12-26 11:28:08"
18976,14016,000-001-01-00029038,"SECRETARIA DE TRANSPARENCIA Y LUCHA CONTRA LA CORRUPCIÓN",0.00,0,,2024-12-19,"2024-12-26 10:55:56",34149.44,0.00,1,0.00,27,"Ana Pineda",24,OFICINA,,,0,A_ABONO_ACTIVO,2024-12-19,abonos_creditos.fecha_pago,SI,"2024-12-26 10:55:56"
18913,14026,000-001-01-00029048,"SECRETARIA DE RECURSO NATURALES Y AMBIENTE",0.00,0,,2024-12-19,"2024-12-26 10:45:02",11616.00,0.00,1,0.00,27,"Ana Pineda",24,OFICINA,,,0,A_ABONO_ACTIVO,2024-12-19,abonos_creditos.fecha_pago,SI,"2024-12-26 10:45:02"
18979,14049,000-001-01-00029071,"SECRETARIA DE ESTADO EN EL DESPACHO DE ENERGIA",0.00,0,,2024-12-19,"2024-12-26 10:55:06",15798.00,0.00,1,0.00,27,"Ana Pineda",24,OFICINA,,,0,A_ABONO_ACTIVO,2024-12-19,abonos_creditos.fecha_pago,SI,"2024-12-26 10:55:06"
19006,14051,000-001-01-00029073,"SECRETARIA DE INFRAESTRUCTURA Y TRANSPORTE",0.00,0,,2024-12-19,"2024-12-26 11:40:37",36152.20,0.00,1,0.00,27,"Ana Pineda",24,OFICINA,,,0,A_ABONO_ACTIVO,2024-12-19,abonos_creditos.fecha_pago,SI,"2024-12-26 11:40:37"
18643,14054,000-001-01-00029076,"SECRETARIA DE ESTADO EN LOS  DESPACHO DE LA PRESIDENCIA",0.00,0,,2024-12-19,"2024-12-26 11:27:34",25873.74,0.00,1,0.00,27,"Ana Pineda",24,OFICINA,,,0,A_ABONO_ACTIVO,2024-12-19,abonos_creditos.fecha_pago,SI,"2024-12-26 11:27:34"
18980,14057,000-001-01-00029079,"SECRETARIA DE ESTADO EN EL DESPACHO DE ENERGIA",0.00,0,,2024-12-19,"2024-12-26 10:57:01",3820.62,0.00,1,0.00,27,"Ana Pineda",24,OFICINA,,,0,A_ABONO_ACTIVO,2024-12-19,abonos_creditos.fecha_pago,SI,"2024-12-26 10:57:01"
18983,14066,000-001-01-00029088,"SECRETARIA DE SALUD",0.00,0,,2024-12-19,"2024-12-26 11:02:54",66818.40,0.00,1,0.00,27,"Ana Pineda",24,OFICINA,,,0,A_ABONO_ACTIVO,2024-12-19,abonos_creditos.fecha_pago,SI,"2024-12-26 11:02:54"
18974,14067,000-001-01-00029089,"PROGRAMA NACIONAL DE DESARROLLO RURAL Y URBANO SOSTENIBLE",0.00,0,,2024-12-19,"2024-12-26 10:46:42",128740.64,0.00,1,0.00,27,"Ana Pineda",24,OFICINA,,,0,A_ABONO_ACTIVO,2024-12-19,abonos_creditos.fecha_pago,SI,"2024-12-26 10:46:42"
18908,14138,000-001-01-00029160,"ADMINISTRACION NACIONAL DE SERVICIO CIVIL (ANSEC)",0.00,0,,2024-12-19,"2024-12-26 11:37:22",12254.38,0.00,1,0.00,27,"Ana Pineda",24,OFICINA,,,0,A_ABONO_ACTIVO,2024-12-19,abonos_creditos.fecha_pago,SI,"2024-12-26 11:37:22"
18924,14176,000-001-01-00029198,"INSTITUTO NACIONAL DE CONSERVACION Y DESARROLLO F.",0.00,0,,2024-12-19,"2024-12-26 11:26:59",222.20,0.00,1,0.00,27,"Ana Pineda",24,OFICINA,,,0,A_ABONO_ACTIVO,2024-12-19,abonos_creditos.fecha_pago,SI,"2024-12-26 11:26:59"
18977,14187,000-001-01-00029209,"SECRETARIA DE TRANSPARENCIA Y LUCHA CONTRA LA CORRUPCIÓN",0.00,0,,2024-12-19,"2024-12-26 10:49:06",7662.99,0.00,1,0.00,27,"Ana Pineda",24,OFICINA,,,0,A_ABONO_ACTIVO,2024-12-19,abonos_creditos.fecha_pago,SI,"2024-12-26 10:49:06"
19001,14188,000-001-01-00029210,"INSTITUTO NACIONAL PENITENCIARIO",0.00,0,,2024-12-19,"2024-12-26 11:29:56",4178.00,0.00,1,0.00,57,"Josue Cerritos",36,"Angel Villela",,,0,A_ABONO_ACTIVO,2024-12-19,abonos_creditos.fecha_pago,NO,"2024-12-26 11:29:56"
19002,14189,000-001-01-00029211,"INSTITUTO NACIONAL PENITENCIARIO",0.00,0,,2024-12-19,"2024-12-26 11:30:25",11438.88,0.00,1,0.00,57,"Josue Cerritos",36,"Angel Villela",,,0,A_ABONO_ACTIVO,2024-12-19,abonos_creditos.fecha_pago,NO,"2024-12-26 11:30:25"
19007,14220,000-001-01-00029242,"SECRETARIA DE INFRAESTRUCTURA Y TRANSPORTE",0.00,0,,2024-12-19,"2024-12-26 11:41:03",78100.00,0.00,1,0.00,27,"Ana Pineda",24,OFICINA,,,0,A_ABONO_ACTIVO,2024-12-19,abonos_creditos.fecha_pago,SI,"2024-12-26 11:41:03"
19008,14221,000-001-01-00029243,"SECRETARIA DE INFRAESTRUCTURA Y TRANSPORTE",0.00,0,,2024-12-19,"2024-12-26 11:41:29",99822.80,0.00,1,0.00,27,"Ana Pineda",24,OFICINA,,,0,A_ABONO_ACTIVO,2024-12-19,abonos_creditos.fecha_pago,SI,"2024-12-26 11:41:29"
19041,14341,000-001-01-00029351,INPREUNAH,0.00,0,,2024-12-20,"2025-01-02 14:41:27",249.44,0.00,1,0.00,27,"Ana Pineda",24,OFICINA,,,0,A_ABONO_ACTIVO,2024-12-20,abonos_creditos.fecha_pago,SI,"2025-01-02 14:41:27"
18617,13821,000-001-01-00028843,"PROGRAMA DE ACCION SOLIDARIA (PROASOL)",0.00,0,,2024-12-23,"2024-12-28 09:12:35",111828.48,0.00,1,0.00,27,"Ana Pineda",24,OFICINA,,,0,A_ABONO_ACTIVO,2024-12-23,abonos_creditos.fecha_pago,SI,"2024-12-28 09:12:35"
7328,5807,000-001-01-00022128,"COMERCIAL PLAZA",0.00,0,,,,0.00,0.00,0,30655.78,27,"Ana Pineda",14,"Sulay Pineda",,,0,B_OTRO_REDUCTOR,2024-12-26,otros_movimientos.created_at,SI,"2024-12-26 15:34:06"
7329,6058,000-001-01-00022248,"COMERCIAL PLAZA",0.00,0,,,,0.00,0.00,0,27785.70,27,"Ana Pineda",14,"Sulay Pineda",,,0,B_OTRO_REDUCTOR,2024-12-26,otros_movimientos.created_at,SI,"2024-12-26 15:35:20"
7330,7204,000-001-01-00022898,"COMERCIAL PLAZA",0.00,0,,,,0.00,0.00,0,13856.27,57,"Josue Cerritos",14,"Sulay Pineda",,,0,B_OTRO_REDUCTOR,2024-12-26,otros_movimientos.created_at,NO,"2024-12-26 15:36:06"
7331,7373,000-001-01-00023026,"COMERCIAL PLAZA",0.00,0,,,,0.00,0.00,0,29670.00,57,"Josue Cerritos",14,"Sulay Pineda",,,0,B_OTRO_REDUCTOR,2024-12-26,otros_movimientos.created_at,NO,"2024-12-26 15:37:13"
19051,14030,000-001-01-00029052,"SEDENA ,ESTADO MAYOR CONJUNTO C-2",0.00,0,,2024-12-27,"2025-01-03 10:31:23",33473.12,0.00,1,0.00,30,"Kelyn Barahona",24,OFICINA,,,0,A_ABONO_ACTIVO,2024-12-27,abonos_creditos.fecha_pago,NO,"2025-01-03 10:31:23"
14650,11703,000-001-01-00026842,"COMERCIAL PLAZA",0.00,0,,2025-01-06,"2025-01-06 12:56:04",17393.04,0.00,0,3481.86,57,"Josue Cerritos",14,"Sulay Pineda",,,0,A_ABONO_ACTIVO,2025-01-06,abonos_creditos.fecha_pago,NO,"2025-02-13 16:30:00"
18092,13573,000-001-01-00028595,"INSTITUTO NACIONAL DE FORMACION PROFESIONAL",0.00,0,,2025-01-08,"2025-01-13 15:03:44",4355.36,0.00,1,0.00,27,"Ana Pineda",24,OFICINA,,,0,A_ABONO_ACTIVO,2025-01-08,abonos_creditos.fecha_pago,SI,"2025-01-13 15:03:44"
17662,13326,000-001-01-00028348,"MINISTERIO PUBLICO",0.00,0,,2025-01-09,"2025-01-14 16:03:41",144518.00,0.00,1,0.00,27,"Ana Pineda",24,OFICINA,,,0,A_ABONO_ACTIVO,2025-01-09,abonos_creditos.fecha_pago,SI,"2025-01-14 16:03:41"
18200,13569,000-001-01-00028591,HONDUTEL,0.00,0,,2025-01-09,"2025-01-11 11:40:42",19360.00,0.00,1,0.00,30,"Kelyn Barahona",24,OFICINA,,,0,A_ABONO_ACTIVO,2025-01-09,abonos_creditos.fecha_pago,NO,"2025-01-11 11:40:42"
18533,13924,000-001-01-00028946,"INSTITUTO NACIONAL DE PREVISION DEL MAGISTERIO",0.00,0,,2025-01-09,"2025-01-14 16:01:27",5978.00,0.00,1,0.00,64,"Kevin Nuñez",24,OFICINA,,,0,A_ABONO_ACTIVO,2025-01-09,abonos_creditos.fecha_pago,NO,"2025-01-14 16:01:27"
18840,14185,000-001-01-00029207,"BANCO NACIONAL DE DESARROLLO AGRICOLA",0.00,0,,2025-01-09,"2025-01-11 11:21:21",21885.00,0.00,1,0.00,27,"Ana Pineda",24,OFICINA,,,0,A_ABONO_ACTIVO,2025-01-09,abonos_creditos.fecha_pago,SI,"2025-01-11 11:21:21"
13192,11674,000-001-01-00026820,"ALCALDIA MUNICIPAL DEL DISTRITO CENTRAL",0.00,0,,2025-01-15,"2025-01-16 14:16:06",330456.00,0.00,1,0.00,57,"Josue Cerritos",36,"Angel Villela",,,0,A_ABONO_ACTIVO,2025-01-15,abonos_creditos.fecha_pago,NO,"2025-01-16 14:16:06"
17924,13486,000-001-01-00028508,"INSTITUTO DE LA PROPIEDAD",0.00,0,,2025-01-16,"2025-01-20 15:12:38",46708.00,0.00,1,0.00,57,"Josue Cerritos",24,OFICINA,,,0,A_ABONO_ACTIVO,2025-01-16,abonos_creditos.fecha_pago,NO,"2025-01-20 15:12:38"
17926,13488,000-001-01-00028510,"INSTITUTO DE LA PROPIEDAD",0.00,0,,2025-01-16,"2025-01-20 15:13:20",22478.40,0.00,1,0.00,57,"Josue Cerritos",24,OFICINA,,,0,A_ABONO_ACTIVO,2025-01-16,abonos_creditos.fecha_pago,NO,"2025-01-20 15:13:20"
18358,13595,000-001-01-00028617,"INSTITUTO DE LA PROPIEDAD",0.00,0,,2025-01-16,"2025-01-20 15:14:43",10922.00,0.00,1,0.00,30,"Kelyn Barahona",24,OFICINA,,,0,A_ABONO_ACTIVO,2025-01-16,abonos_creditos.fecha_pago,NO,"2025-01-20 15:14:43"
18030,13584,000-001-01-00028606,"MINISTERIO PUBLICO",0.00,0,,2025-01-17,"2025-01-22 10:30:19",1999.44,0.00,1,0.00,27,"Ana Pineda",24,OFICINA,,,0,A_ABONO_ACTIVO,2025-01-17,abonos_creditos.fecha_pago,SI,"2025-01-22 10:30:19"
19714,14737,000-001-01-00029717,"INSTITUTO NACIONAL DE PREVISION DEL MAGISTERIO",0.00,0,,2025-01-21,"2025-02-21 13:52:10",108236.56,0.00,1,0.00,27,"Ana Pineda",24,OFICINA,,,0,A_ABONO_ACTIVO,2025-01-21,abonos_creditos.fecha_pago,SI,"2025-02-21 13:52:10"
18026,13509,000-001-01-00028531,"MINISTERIO PUBLICO",0.00,0,,2025-01-22,"2025-02-05 15:30:06",25226.40,0.00,1,0.00,27,"Ana Pineda",24,OFICINA,,,0,A_ABONO_ACTIVO,2025-01-22,abonos_creditos.fecha_pago,SI,"2025-02-05 15:30:06"
18028,13574,000-001-01-00028596,"MINISTERIO PUBLICO",0.00,0,,2025-01-22,"2025-02-05 15:29:38",11746.80,0.00,1,0.00,27,"Ana Pineda",24,OFICINA,,,0,A_ABONO_ACTIVO,2025-01-22,abonos_creditos.fecha_pago,SI,"2025-02-05 15:29:38"
19848,14552,000-001-01-00029532,"INSTITUTO NACIONAL DE ESTADISTICA",0.00,0,,2025-01-23,"2025-01-30 15:10:56",7656.82,0.00,1,0.00,27,"Ana Pineda",24,OFICINA,,,0,A_ABONO_ACTIVO,2025-01-23,abonos_creditos.fecha_pago,SI,"2025-01-30 15:10:56"
18029,13583,000-001-01-00028605,"MINISTERIO PUBLICO",0.00,0,,2025-01-24,"2025-02-05 15:30:37",2935.46,0.00,1,0.00,27,"Ana Pineda",24,OFICINA,,,0,A_ABONO_ACTIVO,2025-01-24,abonos_creditos.fecha_pago,SI,"2025-02-05 15:30:37"
19713,14735,000-001-01-00029715,"INSTITUTO NACIONAL DE PREVISION DEL MAGISTERIO",0.00,0,,2025-01-24,"2025-02-21 13:51:47",1999.44,0.00,1,0.00,27,"Ana Pineda",24,OFICINA,,,0,A_ABONO_ACTIVO,2025-01-24,abonos_creditos.fecha_pago,SI,"2025-02-21 13:51:47"
20096,14983,000-001-01-00029962,INPREUNAH,0.00,0,,2025-01-27,"2025-02-05 15:31:09",14382.50,0.00,1,380.10,27,"Ana Pineda",24,OFICINA,,,0,A_ABONO_ACTIVO,2025-01-27,abonos_creditos.fecha_pago,SI,"2025-04-22 16:18:56"
18910,14226,000-001-01-00029248,"ADMINISTRACION NACIONAL DE SERVICIO CIVIL (ANSEC)",0.00,0,,2025-01-29,"2025-01-30 15:12:10",1156.72,0.00,1,0.00,27,"Ana Pineda",24,OFICINA,,,0,A_ABONO_ACTIVO,2025-01-29,abonos_creditos.fecha_pago,SI,"2025-01-30 15:12:10"
19979,15214,000-001-01-00030193,"CONEXION PLUS",0.00,0,,2025-02-03,"2025-02-10 15:35:38",24746.64,117.07,0,0.00,64,"Kevin Nuñez",14,"Sulay Pineda",,,0,A_ABONO_ACTIVO,2025-02-03,abonos_creditos.fecha_pago,NO,"2025-02-12 15:40:33"
18973,14152,000-001-01-00029174,"SECRETARIA DE ESTADO DE LAS CULTURAS,LAS ARTES /SECAPP",0.00,0,,2025-02-14,"2025-02-19 14:15:40",18058.12,0.00,1,0.00,27,"Ana Pineda",24,OFICINA,,,0,A_ABONO_ACTIVO,2025-02-14,abonos_creditos.fecha_pago,SI,"2025-02-19 14:15:40"
18927,14328,000-001-01-00029338,"INSTITUTO NACIONAL DE CONSERVACION Y DESARROLLO F.",0.00,0,,2025-02-14,"2025-02-19 14:14:15",15320.40,0.00,1,0.00,27,"Ana Pineda",24,OFICINA,,,0,A_ABONO_ACTIVO,2025-02-14,abonos_creditos.fecha_pago,SI,"2025-02-19 14:14:15"
20663,15390,000-001-01-00030368,"SECRETARIA DE SALUD",0.00,0,,2025-02-18,"2025-02-19 14:12:32",17389.56,0.00,1,0.00,27,"Ana Pineda",24,OFICINA,,,0,A_ABONO_ACTIVO,2025-02-18,abonos_creditos.fecha_pago,SI,"2025-02-19 14:12:32"
20664,15391,000-001-01-00030369,"SECRETARIA DE SALUD",0.00,0,,2025-02-18,"2025-02-19 14:13:14",64504.40,0.00,1,0.00,27,"Ana Pineda",24,OFICINA,,,0,A_ABONO_ACTIVO,2025-02-18,abonos_creditos.fecha_pago,SI,"2025-02-19 14:13:14"
20671,15562,000-001-01-00030540,"SECRETARIA DE GOBERNACION,JUSTICIA Y DESCENTRALIZA",0.00,0,,2025-02-18,"2025-02-19 14:16:11",823.20,0.00,1,0.00,58,"Daniela Torres",24,OFICINA,,,0,A_ABONO_ACTIVO,2025-02-18,abonos_creditos.fecha_pago,NO,"2025-02-19 14:16:11"
20057,15000,000-001-01-00029979,"BORMAC S S. DE R.L.",0.00,0,,2025-02-19,"2025-02-19 13:42:58",20237.40,0.00,0,1898.00,27,"Ana Pineda",115,"Erling Peralta",,,0,A_ABONO_ACTIVO,2025-02-19,abonos_creditos.fecha_pago,SI,"2025-04-04 16:05:04"
27158,21041,000-001-01-00035979,"SECRETARIA DE DEFENSA NACIONAL",0.00,0,,2025-02-19,"2025-09-20 10:16:48",649.44,0.00,1,0.00,27,"Ana Pineda",24,OFICINA,,,0,A_ABONO_ACTIVO,2025-02-19,abonos_creditos.fecha_pago,SI,"2025-09-20 10:16:48"
19602,14721,000-001-01-00029701,"PLASTICOS CEIBEÑOS N.2",0.00,0,,2025-02-20,"2025-02-24 16:45:57",979.00,264.00,0,143.00,27,"Ana Pineda",115,"Erling Peralta",,,0,A_ABONO_ACTIVO,2025-02-20,abonos_creditos.fecha_pago,SI,"2025-12-18 14:26:22"
20927,15739,000-001-01-00030715,"ENTE REGULADOR DE SERVICIOS DE AGUA POTABLE Y SANEAMIENTO",0.00,0,,2025-02-20,"2025-02-27 11:24:41",14268.78,0.00,1,0.00,27,"Ana Pineda",24,OFICINA,,,0,A_ABONO_ACTIVO,2025-02-20,abonos_creditos.fecha_pago,SI,"2025-02-27 11:24:41"
20842,14611,000-001-01-00029591,"SECRETARIA DE DEFENSA NACIONAL",0.00,0,,2025-02-21,"2025-02-25 12:45:54",94470.04,0.00,1,0.00,27,"Ana Pineda",24,OFICINA,,,0,A_ABONO_ACTIVO,2025-02-21,abonos_creditos.fecha_pago,SI,"2025-02-25 12:45:54"
14654,11708,000-001-01-00026847,CONTEMPORANEO,0.00,0,,2025-02-22,"2025-02-25 13:54:58",34493.24,4435.20,0,0.00,58,"Daniela Torres",14,"Sulay Pineda",,,0,A_ABONO_ACTIVO,2025-02-22,abonos_creditos.fecha_pago,NO,"2025-02-25 13:54:58"
21039,15982,000-001-01-00030958,"EMPRESA DE CORREOS DE HONDURAS",0.00,0,,2025-02-24,"2025-03-03 10:16:20",14720.00,0.00,1,0.00,27,"Ana Pineda",24,OFICINA,,,0,A_ABONO_ACTIVO,2025-02-24,abonos_creditos.fecha_pago,SI,"2025-03-03 10:16:20"
21040,15983,000-001-01-00030959,"EMPRESA DE CORREOS DE HONDURAS",0.00,0,,2025-02-24,"2025-03-03 10:17:49",29440.00,0.00,1,0.00,27,"Ana Pineda",24,OFICINA,,,0,A_ABONO_ACTIVO,2025-02-24,abonos_creditos.fecha_pago,SI,"2025-03-03 10:17:49"
19061,12711,000-001-01-00027734,"ALCALDIA MUNICIPAL DE SAN PEDRO SULA",0.00,0,,2025-02-25,"2025-03-06 15:23:43",261700.00,0.00,1,0.00,27,"Ana Pineda",24,OFICINA,,,0,A_ABONO_ACTIVO,2025-02-25,abonos_creditos.fecha_pago,SI,"2025-03-06 15:23:43"
20746,14687,000-001-01-00029667,"SISTEMA DE CENTROS DE INNOVACIÓN TECNOLOGÍA Y AGRÍCOLA",0.00,0,,2025-02-26,"2025-02-27 13:22:17",18562.56,0.00,1,0.00,30,"Kelyn Barahona",24,OFICINA,,,0,A_ABONO_ACTIVO,2025-02-26,abonos_creditos.fecha_pago,NO,"2025-02-27 13:22:17"
21189,15721,000-001-01-00030697,"ALCALDIA MUNICIPAL DE PUERTO CORTES",0.00,0,,2025-02-27,"2025-03-06 15:24:49",668.92,0.00,1,0.00,64,"Kevin Nuñez",24,OFICINA,,,0,A_ABONO_ACTIVO,2025-02-27,abonos_creditos.fecha_pago,NO,"2025-03-06 15:24:49"
21190,15724,000-001-01-00030700,"ALCALDIA MUNICIPAL DE PUERTO CORTES",0.00,0,,2025-02-27,"2025-03-06 15:24:24",72318.40,0.00,1,0.00,64,"Kevin Nuñez",24,OFICINA,,,0,A_ABONO_ACTIVO,2025-02-27,abonos_creditos.fecha_pago,NO,"2025-03-06 15:24:24"
21178,16004,000-001-01-00030980,"CONSEJO NACIONAL DE EDUCACIÓN",0.00,0,,2025-03-03,"2025-03-06 14:28:06",9706.24,0.00,1,0.00,27,"Ana Pineda",24,OFICINA,,,0,A_ABONO_ACTIVO,2025-03-03,abonos_creditos.fecha_pago,SI,"2025-03-06 14:28:06"
21331,15991,000-001-01-00030967,INPREUNAH,0.00,0,,2025-03-04,"2025-03-12 15:15:44",3420.36,0.00,1,0.00,27,"Ana Pineda",24,OFICINA,,,0,A_ABONO_ACTIVO,2025-03-04,abonos_creditos.fecha_pago,SI,"2025-03-12 15:15:44"
21332,15993,000-001-01-00030969,INPREUNAH,0.00,0,,2025-03-04,"2025-03-12 15:14:47",748.32,0.00,1,0.00,27,"Ana Pineda",24,OFICINA,,,0,A_ABONO_ACTIVO,2025-03-04,abonos_creditos.fecha_pago,SI,"2025-03-12 15:14:47"
21301,15729,000-001-01-00030705,"SECRETARIA DE AGRICULTURA Y GANADERIA (SAG)",0.00,0,,2025-03-06,"2025-03-11 15:38:10",22357.40,0.00,1,0.00,27,"Ana Pineda",24,OFICINA,,,0,A_ABONO_ACTIVO,2025-03-06,abonos_creditos.fecha_pago,SI,"2025-03-11 15:38:10"
21314,15846,000-001-01-00030822,"ADMINISTRACION ADUANERA DE HONDURAS",0.00,0,,2025-03-06,"2025-03-11 15:38:41",17444.00,0.00,1,0.00,30,"Kelyn Barahona",24,OFICINA,,,0,A_ABONO_ACTIVO,2025-03-06,abonos_creditos.fecha_pago,NO,"2025-03-11 15:38:41"
19273,14150,000-001-01-00029172,HONDUTEL,0.00,0,,2025-03-07,"2025-03-10 15:18:34",10681.00,0.00,1,0.00,27,"Ana Pineda",24,OFICINA,,,0,A_ABONO_ACTIVO,2025-03-07,abonos_creditos.fecha_pago,SI,"2025-03-10 15:18:34"
19274,14550,000-001-01-00029530,HONDUTEL,0.00,0,,2025-03-07,"2025-03-10 15:18:59",15488.00,0.00,1,0.00,27,"Ana Pineda",24,OFICINA,,,0,A_ABONO_ACTIVO,2025-03-07,abonos_creditos.fecha_pago,SI,"2025-03-10 15:18:59"
21330,16022,000-001-01-00030996,"BANCO CENTRAL DE HONDURAS",0.00,0,,2025-03-07,"2025-03-12 15:14:15",232773.52,0.00,1,0.00,58,"Daniela Torres",36,"Angel Villela",,,0,A_ABONO_ACTIVO,2025-03-07,abonos_creditos.fecha_pago,NO,"2025-03-12 15:14:15"
20715,15797,000-001-01-00030773,"SECRETARIA DE RECURSO NATURALES Y AMBIENTE",0.00,0,,2025-03-11,"2025-03-11 15:39:28",23973.60,0.00,1,0.00,27,"Ana Pineda",24,OFICINA,,,0,A_ABONO_ACTIVO,2025-03-11,abonos_creditos.fecha_pago,SI,"2025-03-11 15:39:28"
12324,10682,000-001-01-00025959,"SEDENA ,ESTADO MAYOR CONJUNTO C-2",0.00,0,,2025-03-12,"2025-03-13 11:02:24",19183.74,0.00,1,0.00,27,"Ana Pineda",24,OFICINA,,,0,A_ABONO_ACTIVO,2025-03-12,abonos_creditos.fecha_pago,SI,"2025-03-13 11:02:24"
20082,15248,000-001-01-00030227,"MINISTERIO PUBLICO",0.00,0,,2025-03-12,"2025-03-28 16:51:39",41460.00,0.00,1,0.00,27,"Ana Pineda",24,OFICINA,,,0,A_ABONO_ACTIVO,2025-03-12,abonos_creditos.fecha_pago,SI,"2025-03-28 16:51:39"
21874,16147,000-001-01-00031121,INJUPEMP,0.00,0,,2025-03-12,"2025-03-28 16:50:28",27990.00,0.00,0,0.00,27,"Ana Pineda",24,OFICINA,,,0,A_ABONO_ACTIVO,2025-03-12,abonos_creditos.fecha_pago,SI,"2025-03-28 16:50:28"
21333,16325,000-001-01-00031298,INPREUNAH,0.00,0,,2025-03-12,"2025-03-28 16:49:47",10686.72,0.00,0,0.00,27,"Ana Pineda",24,OFICINA,,,0,A_ABONO_ACTIVO,2025-03-12,abonos_creditos.fecha_pago,SI,"2025-03-28 16:49:47"
21877,16109,000-001-01-00031083,"INSTITUTO NACIONAL DE PREVISION DEL MAGISTERIO",0.00,0,,2025-03-13,"2025-03-28 16:51:08",89286.56,0.00,1,0.00,27,"Ana Pineda",24,OFICINA,,,0,A_ABONO_ACTIVO,2025-03-13,abonos_creditos.fecha_pago,SI,"2025-03-28 16:51:08"
21434,15235,000-001-01-00030214,CICESCT,0.00,0,,2025-03-17,"2025-03-21 08:49:15",20238.88,0.00,1,0.00,27,"Ana Pineda",24,OFICINA,,,0,A_ABONO_ACTIVO,2025-03-17,abonos_creditos.fecha_pago,SI,"2025-03-21 08:49:15"
20670,15553,000-001-01-00030531,"SECRETARIA DE ESTADO DE LAS CULTURAS,LAS ARTES /SECAPP",0.00,0,,2025-03-17,"2025-03-21 08:45:01",35691.40,0.00,1,0.00,27,"Ana Pineda",24,OFICINA,,,0,A_ABONO_ACTIVO,2025-03-17,abonos_creditos.fecha_pago,SI,"2025-03-21 08:45:01"
21299,15726,000-001-01-00030702,"SECRETARIA DE AGRICULTURA Y GANADERIA (SAG)",0.00,0,,2025-03-17,"2025-03-21 08:54:06",5628.08,0.00,1,0.00,27,"Ana Pineda",24,OFICINA,,,0,A_ABONO_ACTIVO,2025-03-17,abonos_creditos.fecha_pago,SI,"2025-03-21 08:54:06"
21300,15728,000-001-01-00030704,"SECRETARIA DE AGRICULTURA Y GANADERIA (SAG)",0.00,0,,2025-03-17,"2025-03-21 08:53:34",6021.20,0.00,1,0.00,27,"Ana Pineda",24,OFICINA,,,0,A_ABONO_ACTIVO,2025-03-17,abonos_creditos.fecha_pago,SI,"2025-03-21 08:53:34"
21553,15733,000-001-01-00030709,"DIRECCION DE ASUNTOS DISCIPLINARIOS POLICIALES",0.00,0,,2025-03-17,"2025-03-21 08:48:20",67378.60,0.00,1,0.00,27,"Ana Pineda",24,OFICINA,,,0,A_ABONO_ACTIVO,2025-03-17,abonos_creditos.fecha_pago,SI,"2025-03-21 08:48:20"
21302,15784,000-001-01-00030760,"SECRETARIA DE AGRICULTURA Y GANADERIA (SAG)",0.00,0,,2025-03-17,"2025-03-21 08:51:19",2338.00,0.00,1,0.00,27,"Ana Pineda",24,OFICINA,,,0,A_ABONO_ACTIVO,2025-03-17,abonos_creditos.fecha_pago,SI,"2025-03-21 08:51:19"
21303,15785,000-001-01-00030761,"SECRETARIA DE AGRICULTURA Y GANADERIA (SAG)",0.00,0,,2025-03-17,"2025-03-21 08:50:46",26019.84,0.00,1,0.00,27,"Ana Pineda",24,OFICINA,,,0,A_ABONO_ACTIVO,2025-03-17,abonos_creditos.fecha_pago,SI,"2025-03-21 08:50:46"
21304,15787,000-001-01-00030763,"SECRETARIA DE AGRICULTURA Y GANADERIA (SAG)",0.00,0,,2025-03-17,"2025-03-21 08:51:49",22535.04,0.00,1,0.00,27,"Ana Pineda",24,OFICINA,,,0,A_ABONO_ACTIVO,2025-03-17,abonos_creditos.fecha_pago,SI,"2025-03-21 08:51:49"
20920,15958,000-001-01-00030934,"SECRETARIA DE SALUD",0.00,0,,2025-03-17,"2025-03-27 14:38:16",88347.27,0.00,1,0.00,27,"Ana Pineda",24,OFICINA,,,0,A_ABONO_ACTIVO,2025-03-17,abonos_creditos.fecha_pago,SI,"2025-03-27 14:38:16"
21558,15995,000-001-01-00030971,"SECRETARIA DE GOBERNACION,JUSTICIA Y DESCENTRALIZA",0.00,0,,2025-03-17,"2025-03-21 08:55:45",44311.60,0.00,1,0.00,27,"Ana Pineda",24,OFICINA,,,0,A_ABONO_ACTIVO,2025-03-17,abonos_creditos.fecha_pago,SI,"2025-03-21 08:55:45"
21559,16001,000-001-01-00030977,"SECRETARIA DE GOBERNACION,JUSTICIA Y DESCENTRALIZA",0.00,0,,2025-03-17,"2025-03-21 08:55:06",37709.20,0.00,1,0.00,27,"Ana Pineda",24,OFICINA,,,0,A_ABONO_ACTIVO,2025-03-17,abonos_creditos.fecha_pago,SI,"2025-03-21 08:55:06"
20924,16009,000-001-01-00030985,"SECRETARIA DE ESTADO DE LAS CULTURAS,LAS ARTES /SECAPP",0.00,0,,2025-03-17,"2025-03-21 08:44:15",1697.12,0.00,1,0.00,27,"Ana Pineda",24,OFICINA,,,0,A_ABONO_ACTIVO,2025-03-17,abonos_creditos.fecha_pago,SI,"2025-03-21 08:44:15"
21622,16113,000-001-01-00031087,"SECRETARIA DE EDUCACION",0.00,0,,2025-03-17,"2025-03-22 09:48:54",36914.74,0.00,1,0.00,27,"Ana Pineda",24,OFICINA,,,0,A_ABONO_ACTIVO,2025-03-17,abonos_creditos.fecha_pago,SI,"2025-03-22 09:48:54"
21552,16136,000-001-01-00031110,"DIRECCIÓN NACIONAL DE BIENES DEL ESTADO",0.00,0,,2025-03-17,"2025-03-21 08:47:03",13972.00,0.00,1,0.00,30,"Kelyn Barahona",24,OFICINA,,,0,A_ABONO_ACTIVO,2025-03-17,abonos_creditos.fecha_pago,NO,"2025-03-21 08:47:03"
21305,16142,000-001-01-00031116,"SECRETARIA DE AGRICULTURA Y GANADERIA (SAG)",0.00,0,,2025-03-17,"2025-03-21 08:52:21",1550.28,0.00,1,0.00,27,"Ana Pineda",24,OFICINA,,,0,A_ABONO_ACTIVO,2025-03-17,abonos_creditos.fecha_pago,SI,"2025-03-21 08:52:21"
21542,16158,000-001-01-00031132,"SECRETARIA DE ESTADO DE LAS CULTURAS,LAS ARTES /SECAPP",0.00,0,,2025-03-17,"2025-03-21 08:45:40",164616.68,0.00,1,0.00,27,"Ana Pineda",24,OFICINA,,,0,A_ABONO_ACTIVO,2025-03-17,abonos_creditos.fecha_pago,SI,"2025-03-21 08:45:40"
21545,16253,000-001-01-00031226,"SECRETARIA DE ESTADO PARA EL DESARR. Y SEGUIMIENTO / SEDESPA",0.00,0,,2025-03-17,"2025-03-21 08:46:21",2770.20,0.00,1,0.00,30,"Kelyn Barahona",24,OFICINA,,,0,A_ABONO_ACTIVO,2025-03-17,abonos_creditos.fecha_pago,NO,"2025-03-21 08:46:21"
21546,16259,000-001-01-00031232,"SECRETARIA DE ESTADO PARA EL DESARR. Y SEGUIMIENTO / SEDESPA",0.00,0,,2025-03-17,"2025-03-27 14:38:46",9051.28,0.00,1,0.00,30,"Kelyn Barahona",24,OFICINA,,,0,A_ABONO_ACTIVO,2025-03-17,abonos_creditos.fecha_pago,NO,"2025-03-27 14:38:46"
33186,26089,000-001-01-00041005,"CENTRO BASICO FRANCISCO MORAZAN",0.00,0,,2025-03-17,"2026-03-18 14:50:53",1203.27,0.00,0,0.00,86,"Jose Luque Vendedor",14,"Sulay Pineda",,,0,A_ABONO_ACTIVO,2025-03-17,abonos_creditos.fecha_pago,NO,"2026-03-18 14:50:53"
21602,14914,000-001-01-00029893,"HOSPITAL MILITAR",0.00,0,,2025-03-19,"2025-03-21 14:25:39",67324.00,0.00,1,0.00,58,"Daniela Torres",36,"Angel Villela",,,0,A_ABONO_ACTIVO,2025-03-19,abonos_creditos.fecha_pago,NO,"2025-03-21 14:25:39"
20660,15444,000-001-01-00030422,"UNIVERSIDAD NACIONAL AUTÓNOMA DE HONDURAS",0.00,0,,2025-03-19,"2025-03-28 16:49:14",16025.31,0.00,0,0.00,27,"Ana Pineda",24,OFICINA,,,0,A_ABONO_ACTIVO,2025-03-19,abonos_creditos.fecha_pago,SI,"2025-03-28 16:49:14"
20403,15465,000-001-01-00030443,"TRIBUNAL SUPERIOR DE CUENTAS",0.00,0,,2025-03-19,"2025-03-21 14:29:24",12166.57,0.00,1,0.00,27,"Ana Pineda",24,OFICINA,,,0,A_ABONO_ACTIVO,2025-03-19,abonos_creditos.fecha_pago,SI,"2025-04-23 10:19:45"
20404,15466,000-001-01-00030444,"TRIBUNAL SUPERIOR DE CUENTAS",0.00,0,,2025-03-19,"2025-03-21 14:29:48",26390.42,0.00,1,0.00,27,"Ana Pineda",24,OFICINA,,,0,A_ABONO_ACTIVO,2025-03-19,abonos_creditos.fecha_pago,SI,"2025-03-21 14:29:48"
21607,16240,000-001-01-00031213,"BANCO NACIONAL DE DESARROLLO AGRICOLA",0.00,0,,2025-03-19,"2025-03-21 14:31:22",447.66,0.00,1,0.00,27,"Ana Pineda",24,OFICINA,,,0,A_ABONO_ACTIVO,2025-03-19,abonos_creditos.fecha_pago,SI,"2025-03-21 14:31:22"
22296,16555,000-001-01-00031526,"PROGRAMA NACIONAL DE DESARROLLO RURAL Y URBANO SOSTENIBLE",0.00,0,,2025-03-19,"2025-04-23 15:46:17",37420.00,0.00,1,0.00,27,"Ana Pineda",24,OFICINA,,,0,A_ABONO_ACTIVO,2025-03-19,abonos_creditos.fecha_pago,SI,"2025-04-23 15:46:17"
20767,15849,000-001-01-00030825,"UNIVERSIDAD NACIONAL AUTÓNOMA DE HONDURAS",0.00,0,,2025-03-20,"2025-03-28 16:48:45",36017.73,0.00,0,0.00,27,"Ana Pineda",24,OFICINA,,,0,A_ABONO_ACTIVO,2025-03-20,abonos_creditos.fecha_pago,SI,"2026-08-03 17:04:38"
21090,15883,000-001-01-00030859,"UNIVERSIDAD NACIONAL AUTÓNOMA DE HONDURAS",0.00,0,,2025-03-20,"2025-03-28 16:48:09",21351.72,0.00,0,0.00,27,"Ana Pineda",24,OFICINA,,,0,A_ABONO_ACTIVO,2025-03-20,abonos_creditos.fecha_pago,SI,"2026-08-03 17:04:38"
21661,16545,000-001-01-00031516,"ABARROTERIA WAI MING",0.00,0,,2025-03-20,"2025-03-24 11:40:39",18270.00,0.00,0,3120.00,27,"Ana Pineda",120,"CHRISTIAN ESTRADA",,,0,A_ABONO_ACTIVO,2025-03-20,abonos_creditos.fecha_pago,SI,"2025-04-04 16:08:43"
21047,16094,000-001-01-00031068,"CREDITO EMPLEADOS",0.00,0,,2025-03-25,"2025-03-28 16:55:42",941.18,0.00,0,0.00,30,"Kelyn Barahona",24,OFICINA,,,0,A_ABONO_ACTIVO,2025-03-25,abonos_creditos.fecha_pago,NO,"2025-03-28 16:55:42"
21051,16129,000-001-01-00031103,"CREDITO EMPLEADOS",0.00,0,,2025-03-25,"2025-03-28 16:55:12",378.48,0.00,0,0.00,58,"Daniela Torres",24,OFICINA,,,0,A_ABONO_ACTIVO,2025-03-25,abonos_creditos.fecha_pago,NO,"2025-03-28 16:55:12"
21260,16321,000-001-01-00031294,"CLIENTE GENERICO",0.00,0,,2025-03-25,"2025-03-28 16:35:52",510.06,0.00,0,0.00,69,"Leonardo Barahona",24,OFICINA,,,0,A_ABONO_ACTIVO,2025-03-25,abonos_creditos.fecha_pago,NO,"2025-03-28 16:35:52"
21261,16323,000-001-01-00031296,"CLIENTE GENERICO",0.00,0,,2025-03-25,"2025-03-28 16:37:15",390.05,0.00,0,0.00,30,"Kelyn Barahona",24,OFICINA,,,0,A_ABONO_ACTIVO,2025-03-25,abonos_creditos.fecha_pago,NO,"2025-03-28 16:37:15"
21464,16510,000-001-01-00031481,"CLIENTE GENERICO",0.00,0,,2025-03-25,"2025-03-28 16:37:45",900.11,0.00,0,0.00,30,"Kelyn Barahona",24,OFICINA,,,0,A_ABONO_ACTIVO,2025-03-25,abonos_creditos.fecha_pago,NO,"2025-03-28 16:37:45"
21869,16530,000-001-01-00031501,"ALCALDIA MUNICIPAL DE BALFATE",0.00,0,,2025-03-25,"2025-03-28 16:45:46",2374.89,0.00,0,0.00,27,"Ana Pineda",24,OFICINA,,,0,A_ABONO_ACTIVO,2025-03-25,abonos_creditos.fecha_pago,SI,"2025-03-28 16:45:46"
21597,16557,000-001-01-00031528,"DIVASA S. DE R.L.",0.00,0,,2025-03-25,"2025-03-28 16:47:28",23894.40,0.00,0,0.00,30,"Kelyn Barahona",24,OFICINA,,,0,A_ABONO_ACTIVO,2025-03-25,abonos_creditos.fecha_pago,NO,"2025-03-28 16:47:28"
21639,16603,000-001-01-00031574,"ALCALDIA MUNICIPAL DE PUERTO CORTES",0.00,0,,2025-03-25,"2025-03-28 16:56:42",323920.80,0.00,1,0.00,27,"Ana Pineda",24,OFICINA,,,0,A_ABONO_ACTIVO,2025-03-25,abonos_creditos.fecha_pago,SI,"2025-03-28 16:56:42"
21879,16617,000-001-01-00031588,"EDITORIAL DEKAS",0.00,0,,2025-03-25,"2025-03-28 16:53:15",10016.50,0.00,0,0.00,30,"Kelyn Barahona",24,OFICINA,,,0,A_ABONO_ACTIVO,2025-03-25,abonos_creditos.fecha_pago,NO,"2025-03-28 16:53:15"
21733,16659,000-001-01-00031630,"CLIENTE GENERICO",0.00,0,,2025-03-25,"2025-03-28 16:38:17",240.03,0.00,0,0.00,30,"Kelyn Barahona",24,OFICINA,,,0,A_ABONO_ACTIVO,2025-03-25,abonos_creditos.fecha_pago,NO,"2025-03-28 16:38:17"
21812,16679,000-001-01-00031647,"DISTRIBUCIONES COMERCIALES",0.00,0,,2025-03-25,"2025-03-28 14:57:10",322.00,0.00,0,0.00,30,"Kelyn Barahona",24,OFICINA,,,0,A_ABONO_ACTIVO,2025-03-25,abonos_creditos.fecha_pago,NO,"2025-03-28 14:57:10"
21867,16680,000-001-01-00031648,"INVERSIONES BLEND S DE R L DE CV",0.00,0,,2025-03-25,"2025-03-28 16:42:13",5439.50,0.00,0,0.00,30,"Kelyn Barahona",24,OFICINA,,,0,A_ABONO_ACTIVO,2025-03-25,abonos_creditos.fecha_pago,NO,"2025-03-28 16:42:13"
19925,15190,000-001-01-00030169,"ASOCIACION DE VENDEDORES DEL MERCADO ZONAL BELÈN/ BODEGA SAN JUAN",0.00,0,,,,0.00,6728.94,0,0.00,27,"Ana Pineda",120,"CHRISTIAN ESTRADA",,,0,B_OTRO_REDUCTOR,2025-03-26,aplicacion_pagos.updated_at,SI,"2025-03-26 16:48:52"
20498,15674,000-001-01-00030652,"CREDITO EMPLEADOS",0.00,0,,2025-03-26,"2025-03-28 16:21:50",290.65,0.00,0,0.00,30,"Kelyn Barahona",24,OFICINA,,,0,A_ABONO_ACTIVO,2025-03-26,abonos_creditos.fecha_pago,NO,"2025-03-28 16:21:50"
20499,15679,000-001-01-00030655,"CREDITO EMPLEADOS",0.00,0,,2025-03-26,"2025-03-28 16:21:06",625.39,0.00,0,0.00,30,"Kelyn Barahona",24,OFICINA,,,0,A_ABONO_ACTIVO,2025-03-26,abonos_creditos.fecha_pago,NO,"2025-03-28 16:21:06"
20963,16016,000-001-01-00030990,"CREDITO EMPLEADOS",0.00,0,,2025-03-26,"2025-03-28 16:22:30",27.60,0.00,0,0.00,30,"Kelyn Barahona",24,OFICINA,,,0,A_ABONO_ACTIVO,2025-03-26,abonos_creditos.fecha_pago,NO,"2025-03-28 16:22:30"
21104,16162,000-001-01-00031136,"CREDITO EMPLEADOS",0.00,0,,2025-03-26,"2025-03-28 16:23:01",120.57,0.00,0,0.00,30,"Kelyn Barahona",24,OFICINA,,,0,A_ABONO_ACTIVO,2025-03-26,abonos_creditos.fecha_pago,NO,"2025-03-28 16:23:01"
21731,16658,000-001-01-00031629,PROINPOS,0.00,0,,2025-03-26,"2025-03-28 14:39:44",2691.00,0.00,0,0.00,58,"Daniela Torres",13,"Belinda Lopez",,,0,A_ABONO_ACTIVO,2025-03-26,abonos_creditos.fecha_pago,NO,"2025-03-28 14:39:44"
21747,16666,000-001-01-00031634,"DAVID CIBER NET",0.00,0,,2025-03-26,"2025-03-28 16:13:36",2006.98,0.00,0,0.00,69,"Leonardo Barahona",4,"Roy Zelaya",,,0,A_ABONO_ACTIVO,2025-03-26,abonos_creditos.fecha_pago,NO,"2025-03-28 16:13:36"
21776,16677,000-001-01-00031645,"CLIENTE GENERICO",0.00,0,,2025-03-26,"2025-03-28 14:37:43",316.25,0.00,0,0.00,30,"Kelyn Barahona",24,OFICINA,,,0,A_ABONO_ACTIVO,2025-03-26,abonos_creditos.fecha_pago,NO,"2025-03-28 14:37:43"
21833,16693,000-001-01-00031661,"POWER CLEAN S.DE R.L DE CV",0.00,0,,2025-03-26,"2025-03-28 14:14:01",4088.25,0.00,0,0.00,30,"Kelyn Barahona",24,OFICINA,,,0,A_ABONO_ACTIVO,2025-03-26,abonos_creditos.fecha_pago,NO,"2025-03-28 14:14:01"
21865,16718,000-001-01-00031686,"SP INVERSIONES MULTIPLES S DE R.L",0.00,0,,2025-03-26,"2025-03-28 16:25:25",2445.50,0.00,0,0.00,30,"Kelyn Barahona",24,OFICINA,,,0,A_ABONO_ACTIVO,2025-03-26,abonos_creditos.fecha_pago,NO,"2025-03-28 16:25:25"
21868,16729,000-001-01-00031697,"LA TIENDITA 0615",0.00,0,,2025-03-26,"2025-03-28 16:43:48",1409.00,0.00,0,0.00,27,"Ana Pineda",120,"CHRISTIAN ESTRADA",,,0,A_ABONO_ACTIVO,2025-03-26,abonos_creditos.fecha_pago,SI,"2025-03-28 16:43:48"
16712,12814,000-001-01-00027837,"INVERSIONES EL COPION S DER.L.",0.00,0,,2025-03-27,"2025-03-28 13:11:00",17743.65,0.00,0,0.00,57,"Josue Cerritos",14,"Sulay Pineda",,,0,A_ABONO_ACTIVO,2025-03-27,abonos_creditos.fecha_pago,NO,"2025-03-28 13:11:00"
16713,12820,000-001-01-00027843,"INVERSIONES EL COPION S DER.L.",0.00,0,,2025-03-27,"2025-03-28 13:11:51",12364.02,0.00,0,0.00,57,"Josue Cerritos",14,"Sulay Pineda",,,0,A_ABONO_ACTIVO,2025-03-27,abonos_creditos.fecha_pago,NO,"2025-03-28 13:11:51"
18003,13434,000-001-01-00028456,"TONER STORE",0.00,0,,2025-03-27,"2025-03-28 15:19:53",6037.50,0.00,0,0.00,30,"Kelyn Barahona",13,"Belinda Lopez",,,0,A_ABONO_ACTIVO,2025-03-27,abonos_creditos.fecha_pago,NO,"2025-03-28 15:19:53"
18004,13436,000-001-01-00028458,"TONER STORE",0.00,0,,2025-03-27,"2025-03-28 15:20:27",795.18,0.00,0,0.00,30,"Kelyn Barahona",13,"Belinda Lopez",,,0,A_ABONO_ACTIVO,2025-03-27,abonos_creditos.fecha_pago,NO,"2025-03-28 15:20:27"
18005,13437,000-001-01-00028459,"TONER STORE",0.00,0,,2025-03-27,"2025-03-28 15:20:58",662.40,0.00,0,0.00,30,"Kelyn Barahona",13,"Belinda Lopez",,,0,A_ABONO_ACTIVO,2025-03-27,abonos_creditos.fecha_pago,NO,"2025-03-28 15:20:58"
18006,13517,000-001-01-00028539,"TONER STORE",0.00,0,,2025-03-27,"2025-03-28 15:21:35",5175.00,0.00,0,0.00,30,"Kelyn Barahona",13,"Belinda Lopez",,,0,A_ABONO_ACTIVO,2025-03-27,abonos_creditos.fecha_pago,NO,"2025-03-28 15:21:35"
18623,13678,000-001-01-00028700,"INVERSIONES EL COPION S DER.L.",0.00,0,,2025-03-27,"2025-03-28 13:20:59",1249.66,0.00,0,0.00,57,"Josue Cerritos",14,"Sulay Pineda",,,0,A_ABONO_ACTIVO,2025-03-27,abonos_creditos.fecha_pago,NO,"2025-03-28 13:20:59"
19467,13926,000-001-01-00028948,"TONER STORE",0.00,0,,2025-03-27,"2025-03-28 15:22:05",2827.34,0.00,0,0.00,30,"Kelyn Barahona",13,"Belinda Lopez",,,0,A_ABONO_ACTIVO,2025-03-27,abonos_creditos.fecha_pago,NO,"2025-03-28 15:22:05"
19239,14052,000-001-01-00029074,"DECO Y MAS",0.00,0,,2025-03-27,"2025-03-28 13:32:36",9241.89,0.00,0,0.00,57,"Josue Cerritos",14,"Sulay Pineda",,,0,A_ABONO_ACTIVO,2025-03-27,abonos_creditos.fecha_pago,NO,"2025-03-28 13:32:36"
20220,14710,000-001-01-00029690,"INVERSIONES EL COPION S DER.L.",0.00,0,,2025-03-27,"2025-03-28 13:21:40",3425.45,0.00,0,0.00,27,"Ana Pineda",14,"Sulay Pineda",,,0,A_ABONO_ACTIVO,2025-03-27,abonos_creditos.fecha_pago,SI,"2025-03-28 13:21:40"
19710,14944,000-001-01-00029923,"INVERSIONES DONCELLA S. DE R.L DE C.V",0.00,0,,2025-03-27,"2025-03-28 13:35:31",58146.30,0.00,0,0.00,58,"Daniela Torres",36,"Angel Villela",,,0,A_ABONO_ACTIVO,2025-03-27,abonos_creditos.fecha_pago,NO,"2025-03-28 13:35:31"
20980,15035,000-001-01-00030014,"TONER STORE",0.00,0,,2025-03-27,"2025-03-28 15:28:09",29318.91,0.00,0,0.00,58,"Daniela Torres",13,"Belinda Lopez",,,0,A_ABONO_ACTIVO,2025-03-27,abonos_creditos.fecha_pago,NO,"2025-03-28 15:28:09"
20981,15041,000-001-01-00030020,"TONER STORE",0.00,0,,2025-03-27,"2025-03-28 15:27:24",3151.00,0.00,0,0.00,58,"Daniela Torres",13,"Belinda Lopez",,,0,A_ABONO_ACTIVO,2025-03-27,abonos_creditos.fecha_pago,NO,"2025-03-28 15:27:24"
21203,15365,000-001-01-00030343,"BAZAR CANTON",0.00,0,,2025-03-27,"2025-03-28 13:53:30",5382.63,0.00,0,0.00,58,"Daniela Torres",13,"Belinda Lopez",,,0,A_ABONO_ACTIVO,2025-03-27,abonos_creditos.fecha_pago,NO,"2025-03-28 13:53:30"
20358,15519,000-001-01-00030497,"A Z COMERCIAL",0.00,0,,2025-03-27,"2025-03-28 13:51:26",101018.73,0.00,0,0.00,30,"Kelyn Barahona",24,OFICINA,,,0,A_ABONO_ACTIVO,2025-03-27,abonos_creditos.fecha_pago,NO,"2025-03-28 13:51:26"
20982,15530,000-001-01-00030508,"TONER STORE",0.00,0,,2025-03-27,"2025-03-28 15:26:46",7212.57,0.00,0,0.00,58,"Daniela Torres",13,"Belinda Lopez",,,0,A_ABONO_ACTIVO,2025-03-27,abonos_creditos.fecha_pago,NO,"2025-03-28 15:26:46"
21008,15834,000-001-01-00030810,"BODEGA BRYAN",0.00,0,,2025-03-27,"2025-03-28 15:31:53",3464.77,0.00,0,0.00,30,"Kelyn Barahona",135,"Josue Cerritos",,,0,A_ABONO_ACTIVO,2025-03-27,abonos_creditos.fecha_pago,NO,"2025-03-28 15:31:53"
21009,15839,000-001-01-00030815,"BODEGA BRYAN",0.00,0,,2025-03-27,"2025-03-28 15:33:16",1786.88,0.00,0,0.00,30,"Kelyn Barahona",135,"Josue Cerritos",,,0,A_ABONO_ACTIVO,2025-03-27,abonos_creditos.fecha_pago,NO,"2025-03-28 15:33:16"
21010,15864,000-001-01-00030840,"BODEGA BRYAN",0.00,0,,2025-03-27,"2025-03-28 15:32:34",13707.45,0.00,0,0.00,30,"Kelyn Barahona",135,"Josue Cerritos",,,0,A_ABONO_ACTIVO,2025-03-27,abonos_creditos.fecha_pago,NO,"2025-03-28 15:32:34"
21618,15998,000-001-01-00030974,"INVERSIONES EL COPION S DER.L.",0.00,0,,2025-03-27,"2025-03-28 13:22:42",3063.76,0.00,0,0.00,64,"Kevin Nuñez",14,"Sulay Pineda",,,0,A_ABONO_ACTIVO,2025-03-27,abonos_creditos.fecha_pago,NO,"2025-03-28 13:22:42"
21140,16148,000-001-01-00031122,"ESCUELA AMERICANA",0.00,0,,2025-03-27,"2025-03-28 13:55:53",39530.76,0.00,0,0.00,69,"Leonardo Barahona",13,"Belinda Lopez",,,0,A_ABONO_ACTIVO,2025-03-27,abonos_creditos.fecha_pago,NO,"2025-03-28 13:55:53"
21855,16179,000-001-01-00031153,"COSMETICA INTERNATIONAL S.A DE C.V.",0.00,0,,2025-03-27,"2025-03-28 14:34:55",709.35,0.00,0,0.00,30,"Kelyn Barahona",24,OFICINA,,,0,A_ABONO_ACTIVO,2025-03-27,abonos_creditos.fecha_pago,NO,"2025-03-28 14:34:55"
21239,16306,000-001-01-00031279,"CREDITO EMPLEADOS",0.00,0,,2025-03-27,"2025-03-28 16:05:36",603.75,0.00,0,0.00,30,"Kelyn Barahona",24,OFICINA,,,0,A_ABONO_ACTIVO,2025-03-27,abonos_creditos.fecha_pago,NO,"2025-03-28 16:05:36"
21727,16631,000-001-01-00031602,"GRAFICAS CEIBEÑAS",0.00,0,,2025-03-27,"2025-03-28 14:44:11",1115.41,0.00,0,0.00,64,"Kevin Nuñez",115,"Erling Peralta",,,0,A_ABONO_ACTIVO,2025-03-27,abonos_creditos.fecha_pago,NO,"2025-03-28 14:44:11"
21696,16637,000-001-01-00031608,"LAPICES Y MAS",0.00,0,,2025-03-27,"2025-03-28 14:41:28",9573.75,0.00,0,0.00,64,"Kevin Nuñez",115,"Erling Peralta",,,0,A_ABONO_ACTIVO,2025-03-27,abonos_creditos.fecha_pago,NO,"2025-03-28 14:41:28"
21851,16663,000-001-01-00031631,"DISTRIBUIDORA DHARA",0.00,0,,2025-03-27,"2025-03-28 14:10:49",17457.00,0.00,0,0.00,30,"Kelyn Barahona",24,OFICINA,,,0,A_ABONO_ACTIVO,2025-03-27,abonos_creditos.fecha_pago,NO,"2025-03-28 14:10:49"
21822,16692,000-001-01-00031660,"LIBRERIA REYES",0.00,0,,2025-03-27,"2025-03-28 10:32:59",786.89,0.00,0,0.00,64,"Kevin Nuñez",120,"CHRISTIAN ESTRADA",,,0,A_ABONO_ACTIVO,2025-03-27,abonos_creditos.fecha_pago,NO,"2025-03-28 10:32:59"
21858,16721,000-001-01-00031689,ALCOTEQ,0.00,0,,2025-03-27,"2025-03-28 14:50:14",1942.35,0.00,0,0.00,30,"Kelyn Barahona",24,OFICINA,,,0,A_ABONO_ACTIVO,2025-03-27,abonos_creditos.fecha_pago,NO,"2025-03-28 14:50:14"
21859,16722,000-001-01-00031690,ALCOTEQ,0.00,0,,2025-03-27,"2025-03-28 14:50:40",131.10,0.00,0,0.00,30,"Kelyn Barahona",24,OFICINA,,,0,A_ABONO_ACTIVO,2025-03-27,abonos_creditos.fecha_pago,NO,"2025-03-28 14:50:40"
21863,16801,000-001-01-00031767,"CUERPO DE BOMBEROS DE HONDURAS",0.00,0,,2025-03-27,"2025-03-28 15:36:08",14564.45,0.00,0,0.00,30,"Kelyn Barahona",24,OFICINA,,,0,A_ABONO_ACTIVO,2025-03-27,abonos_creditos.fecha_pago,NO,"2025-03-28 15:36:08"
19206,14515,000-001-01-00029495,"DISTRIBUIDORA VENECIA",0.00,0,,2025-03-28,"2025-03-28 15:03:23",7325.50,0.00,0,0.00,30,"Kelyn Barahona",24,OFICINA,,,0,A_ABONO_ACTIVO,2025-03-28,abonos_creditos.fecha_pago,NO,"2025-03-28 15:03:23"
19502,14790,000-001-01-00029769,"DISTRIBUIDORA VENECIA",0.00,0,,2025-03-28,"2025-03-28 15:02:51",34845.00,0.00,0,0.00,30,"Kelyn Barahona",24,OFICINA,,,0,A_ABONO_ACTIVO,2025-03-28,abonos_creditos.fecha_pago,NO,"2025-03-28 15:02:51"
20435,15374,000-001-01-00030352,"LA CASA DE LAS OFERTAS Nº1",0.00,0,,2025-03-28,"2025-03-28 15:40:13",10374.71,0.00,0,0.00,58,"Daniela Torres",65,"Jessy Alvarado",,,0,A_ABONO_ACTIVO,2025-03-28,abonos_creditos.fecha_pago,NO,"2025-03-28 15:40:13"
20436,15380,000-001-01-00030358,"LA CASA DE LAS OFERTAS Nº1",0.00,0,,2025-03-28,"2025-03-28 15:42:18",86.94,260.82,0,0.00,58,"Daniela Torres",65,"Jessy Alvarado",,,0,A_ABONO_ACTIVO,2025-03-28,abonos_creditos.fecha_pago,NO,"2025-03-28 15:42:18"
20573,15685,000-001-01-00030661,"LA CASA DE LAS OFERTAS Nº1",0.00,0,,2025-03-28,"2025-03-28 16:02:06",8844.63,1280.16,0,0.00,58,"Daniela Torres",65,"Jessy Alvarado",,,0,A_ABONO_ACTIVO,2025-03-28,abonos_creditos.fecha_pago,NO,"2025-03-28 16:02:06"
20832,15950,000-001-01-00030926,"DISTRIBUIDORA VENECIA",0.00,0,,2025-03-28,"2025-03-28 15:02:16",616664.40,0.00,0,0.00,30,"Kelyn Barahona",24,OFICINA,,,0,A_ABONO_ACTIVO,2025-03-28,abonos_creditos.fecha_pago,NO,"2025-03-28 15:02:16"
21064,15976,000-001-01-00030952,"CENTRO DE ADIESTRAMIENTO EN ENFERMERIA",0.00,0,,2025-03-28,"2025-03-28 14:04:06",1280.20,0.00,0,0.00,64,"Kevin Nuñez",13,"Belinda Lopez",,,0,A_ABONO_ACTIVO,2025-03-28,abonos_creditos.fecha_pago,NO,"2025-03-28 14:04:06"
21065,15977,000-001-01-00030953,"CENTRO DE ADIESTRAMIENTO EN ENFERMERIA",0.00,0,,2025-03-28,"2025-03-28 14:03:33",1216.10,0.00,0,0.00,64,"Kevin Nuñez",13,"Belinda Lopez",,,0,A_ABONO_ACTIVO,2025-03-28,abonos_creditos.fecha_pago,NO,"2025-03-28 14:03:33"
21066,15978,000-001-01-00030954,"CENTRO DE ADIESTRAMIENTO EN ENFERMERIA",0.00,0,,2025-03-28,"2025-03-28 14:03:01",757.62,0.00,0,0.00,64,"Kevin Nuñez",13,"Belinda Lopez",,,0,A_ABONO_ACTIVO,2025-03-28,abonos_creditos.fecha_pago,NO,"2025-03-28 14:03:01"
21067,15980,000-001-01-00030956,"CENTRO DE ADIESTRAMIENTO EN ENFERMERIA",0.00,0,,2025-03-28,"2025-03-28 14:02:24",1515.24,0.00,0,0.00,64,"Kevin Nuñez",13,"Belinda Lopez",,,0,A_ABONO_ACTIVO,2025-03-28,abonos_creditos.fecha_pago,NO,"2025-03-28 14:02:24"
21172,16080,000-001-01-00031054,"POWER CLEAN S.DE R.L DE CV",0.00,0,,2025-03-28,"2025-03-28 13:45:20",5909.85,0.00,0,0.00,30,"Kelyn Barahona",24,OFICINA,,,0,A_ABONO_ACTIVO,2025-03-28,abonos_creditos.fecha_pago,NO,"2025-03-28 13:45:20"
21605,16139,000-001-01-00031113,"BANCO NACIONAL DE DESARROLLO AGRICOLA",0.00,0,,2025-03-28,"2025-03-31 13:02:11",11328.00,0.00,1,0.00,27,"Ana Pineda",24,OFICINA,,,0,A_ABONO_ACTIVO,2025-03-28,abonos_creditos.fecha_pago,SI,"2025-03-31 13:02:11"
21606,16140,000-001-01-00031114,"BANCO NACIONAL DE DESARROLLO AGRICOLA",0.00,0,,2025-03-28,"2025-03-31 13:03:01",1029.42,0.00,1,0.00,27,"Ana Pineda",24,OFICINA,,,0,A_ABONO_ACTIVO,2025-03-28,abonos_creditos.fecha_pago,SI,"2025-03-31 13:03:01"
21975,16652,000-001-01-00031623,"INSTITUTO DE PREVISION MILITAR",0.00,0,,2025-03-28,"2025-04-03 16:02:50",5834.98,0.00,1,0.00,27,"Ana Pineda",24,OFICINA,,,0,A_ABONO_ACTIVO,2025-03-28,abonos_creditos.fecha_pago,SI,"2025-04-03 16:02:50"
21778,16689,000-001-01-00031657,"CLIENTE GENERICO",0.00,0,,2025-03-28,"2025-03-28 16:11:00",5222.00,0.00,0,0.00,64,"Kevin Nuñez",24,OFICINA,,,0,A_ABONO_ACTIVO,2025-03-28,abonos_creditos.fecha_pago,NO,"2025-03-28 16:11:00"
21866,16808,000-001-01-00031774,"GABRIEL LINO ALVAREZ ( COMERCIAL LINO)",0.00,0,,2025-03-28,"2025-03-28 16:40:31",5367.74,0.00,0,0.00,27,"Ana Pineda",115,"Erling Peralta",,,0,A_ABONO_ACTIVO,2025-03-28,abonos_creditos.fecha_pago,SI,"2025-03-28 16:40:31"
21913,16840,000-001-01-00031806,"ALCALDIA MUNICIPAL DE EL NEGRITO YORO",0.00,0,,2025-03-28,"2025-04-01 13:27:27",79127.02,0.00,1,0.00,27,"Ana Pineda",24,OFICINA,,,0,A_ABONO_ACTIVO,2025-03-28,abonos_creditos.fecha_pago,SI,"2025-04-01 13:27:27"
21435,15734,000-001-01-00030710,"TRIBUNAL SUPERIOR DE CUENTAS",0.00,0,,2025-03-29,"2025-03-31 10:34:24",4817.00,0.00,1,0.00,27,"Ana Pineda",24,OFICINA,,,0,A_ABONO_ACTIVO,2025-03-29,abonos_creditos.fecha_pago,SI,"2025-03-31 10:34:24"
16569,12758,000-001-01-00027781,"DISTRIBUCIONES Y REPRESENTACIONES GENERALES S. DE R.L. DE C.V. DIRGEN",0.00,0,,2025-04-03,"2025-04-14 15:45:01",15493.56,1730.18,0,0.00,27,"Ana Pineda",115,"Erling Peralta",,,0,A_ABONO_ACTIVO,2025-04-03,abonos_creditos.fecha_pago,SI,"2025-04-14 15:45:01"
21206,16204,000-001-01-00031177,"OPERACIONES TURISTICAS DE HONDURAS S.A.DE C.V.",0.00,0,,2025-04-03,"2025-04-07 13:03:09",6430.87,276.00,0,0.00,30,"Kelyn Barahona",24,OFICINA,,,0,A_ABONO_ACTIVO,2025-04-03,abonos_creditos.fecha_pago,NO,"2025-04-07 13:03:09"
21636,16337,000-001-01-00031310,"MINISTERIO PUBLICO",0.00,0,,2025-04-03,"2025-04-09 09:09:15",53592.20,0.00,1,0.00,58,"Daniela Torres",13,"Belinda Lopez",,,0,A_ABONO_ACTIVO,2025-04-03,abonos_creditos.fecha_pago,NO,"2025-04-09 09:09:15"
21832,14807,000-001-01-00029786,"ALCALDIA MUNICIPAL DEL DISTRITO CENTRAL",0.00,0,,2025-04-08,"2025-04-09 14:10:17",337163.60,0.00,1,0.00,58,"Daniela Torres",36,"Angel Villela",,,0,A_ABONO_ACTIVO,2025-04-08,abonos_creditos.fecha_pago,NO,"2025-04-09 14:10:17"
21315,15989,000-001-01-00030965,"SECRETARIA DE RECURSO NATURALES Y AMBIENTE",0.00,0,,2025-04-08,"2025-04-14 09:13:54",15136.10,0.00,1,0.00,27,"Ana Pineda",24,OFICINA,,,0,A_ABONO_ACTIVO,2025-04-08,abonos_creditos.fecha_pago,SI,"2025-04-14 09:13:54"
22151,16626,000-001-01-00031597,"AGENCIA REGULACION SANITARIA",0.00,0,,2025-04-08,"2025-04-14 09:13:18",55816.00,0.00,1,0.00,30,"Kelyn Barahona",24,OFICINA,,,0,A_ABONO_ACTIVO,2025-04-08,abonos_creditos.fecha_pago,NO,"2025-04-14 09:13:18"
22152,16625,000-001-01-00031596,"INSTITUTO NACIONAL AGRARIO",0.00,0,,2025-04-10,"2025-04-14 09:14:34",57534.90,0.00,1,0.00,27,"Ana Pineda",24,OFICINA,,,0,A_ABONO_ACTIVO,2025-04-10,abonos_creditos.fecha_pago,SI,"2025-06-20 10:26:53"
21976,17010,000-001-01-00031975,"INSTITUTO DE PREVISION MILITAR",0.00,0,,2025-04-14,"2025-04-30 11:20:00",1916.00,0.00,1,0.00,27,"Ana Pineda",24,OFICINA,,,0,A_ABONO_ACTIVO,2025-04-14,abonos_creditos.fecha_pago,SI,"2025-04-30 11:20:00"
20768,15879,000-001-01-00030855,"DISTRIBUIDORA DE PRODUCTOS VARIADOS ¨DIPROVA¨",0.00,0,,2025-04-22,"2025-04-23 11:01:24",14707.50,609.50,0,0.00,27,"Ana Pineda",115,"Erling Peralta",,,0,A_ABONO_ACTIVO,2025-04-22,abonos_creditos.fecha_pago,SI,"2025-11-17 09:01:30"
22078,16867,000-001-01-00031833,"INSTITUTO NACIONAL DE PREVISION DEL MAGISTERIO",0.00,0,,2025-04-22,"2025-04-30 13:01:16",1999.44,0.00,1,0.00,27,"Ana Pineda",24,OFICINA,,,0,A_ABONO_ACTIVO,2025-04-22,abonos_creditos.fecha_pago,SI,"2025-04-30 13:01:16"
5713,8605,000-001-01-00024144,"SECRETARIA DE SALUD",0.00,0,,,,0.00,27632.41,0,0.00,27,"Ana Pineda",24,OFICINA,,,0,B_OTRO_REDUCTOR,2025-04-23,aplicacion_pagos.updated_at,SI,"2025-04-23 14:08:08"
20665,15469,000-001-01-00030447,"SECRETARIA DE SALUD",0.00,0,,2025-04-23,"2025-04-24 10:59:57",24057.38,0.00,1,0.00,27,"Ana Pineda",24,OFICINA,,,0,A_ABONO_ACTIVO,2025-04-23,abonos_creditos.fecha_pago,SI,"2025-04-24 10:59:57"
20666,15593,000-001-01-00030571,"SECRETARIA DE SALUD",0.00,0,,2025-04-23,"2025-04-24 11:00:33",39817.45,0.00,1,0.00,27,"Ana Pineda",24,OFICINA,,,0,A_ABONO_ACTIVO,2025-04-23,abonos_creditos.fecha_pago,SI,"2025-04-24 11:00:33"
20667,15595,000-001-01-00030573,"SECRETARIA DE SALUD",0.00,0,,2025-04-23,"2025-04-24 11:01:02",8151.99,0.00,1,0.00,27,"Ana Pineda",24,OFICINA,,,0,A_ABONO_ACTIVO,2025-04-23,abonos_creditos.fecha_pago,SI,"2025-04-24 11:01:02"
20669,15763,000-001-01-00030739,"SECRETARIA DE SALUD",0.00,0,,2025-04-23,"2025-04-24 11:02:54",160864.42,0.00,1,0.00,27,"Ana Pineda",24,OFICINA,,,0,A_ABONO_ACTIVO,2025-04-23,abonos_creditos.fecha_pago,SI,"2025-04-24 11:02:54"
20917,15842,000-001-01-00030818,"SECRETARIA DE SALUD",0.00,0,,2025-04-23,"2025-04-24 11:04:19",95996.15,0.00,1,0.00,27,"Ana Pineda",24,OFICINA,,,0,A_ABONO_ACTIVO,2025-04-23,abonos_creditos.fecha_pago,SI,"2025-04-24 11:04:19"
20918,15844,000-001-01-00030820,"SECRETARIA DE SALUD",0.00,0,,2025-04-23,"2025-04-24 11:04:46",30905.62,0.00,1,0.00,27,"Ana Pineda",24,OFICINA,,,0,A_ABONO_ACTIVO,2025-04-23,abonos_creditos.fecha_pago,SI,"2025-04-24 11:04:46"
20919,15847,000-001-01-00030823,"SECRETARIA DE SALUD",0.00,0,,2025-04-23,"2025-04-24 11:05:12",69506.34,0.00,1,0.00,27,"Ana Pineda",24,OFICINA,,,0,A_ABONO_ACTIVO,2025-04-23,abonos_creditos.fecha_pago,SI,"2025-04-24 11:05:12"
21554,16126,000-001-01-00031100,"DIRECCIÓN DEPARTAMENTAL DE EDUCACION  DE COLÓN",0.00,0,,2025-04-23,"2025-04-24 09:58:07",94256.22,0.00,1,0.00,27,"Ana Pineda",24,OFICINA,,,0,A_ABONO_ACTIVO,2025-04-23,abonos_creditos.fecha_pago,SI,"2025-04-24 09:58:07"
21562,16145,000-001-01-00031119,"SECRETARIA DE SALUD",0.00,0,,2025-04-23,"2025-04-24 10:58:49",106509.56,0.00,1,0.00,27,"Ana Pineda",24,OFICINA,,,0,A_ABONO_ACTIVO,2025-04-23,abonos_creditos.fecha_pago,SI,"2025-04-24 10:58:49"
22339,16189,000-001-01-00031162,"INSTITUTO NACIONAL CARDIOPULMONAR TÓRAX",0.00,0,,2025-04-23,"2025-04-24 11:12:59",180003.60,0.00,1,0.00,27,"Ana Pineda",24,OFICINA,,,0,A_ABONO_ACTIVO,2025-04-23,abonos_creditos.fecha_pago,SI,"2025-04-24 11:12:59"
21563,16190,000-001-01-00031163,"SECRETARIA DE SALUD",0.00,0,,2025-04-23,"2025-04-24 11:06:14",410143.40,0.00,1,0.00,27,"Ana Pineda",24,OFICINA,,,0,A_ABONO_ACTIVO,2025-04-23,abonos_creditos.fecha_pago,SI,"2025-04-24 11:06:14"
21565,16198,000-001-01-00031171,"SECRETARIA DE SALUD",0.00,0,,2025-04-23,"2025-04-24 11:06:42",72700.40,0.00,1,0.00,27,"Ana Pineda",24,OFICINA,,,0,A_ABONO_ACTIVO,2025-04-23,abonos_creditos.fecha_pago,SI,"2025-04-24 11:06:42"
21568,16245,000-001-01-00031218,"SECRETARIA DE SALUD",0.00,0,,2025-04-23,"2025-04-24 10:58:16",73722.88,0.00,1,0.00,27,"Ana Pineda",24,OFICINA,,,0,A_ABONO_ACTIVO,2025-04-23,abonos_creditos.fecha_pago,SI,"2025-04-24 10:58:16"
21571,16349,000-001-01-00031322,"SECRETARIA DE SALUD",0.00,0,,2025-04-23,"2025-04-24 11:11:25",608659.20,0.00,1,0.00,30,"Kelyn Barahona",24,OFICINA,,,0,A_ABONO_ACTIVO,2025-04-23,abonos_creditos.fecha_pago,NO,"2025-04-24 11:11:25"
22292,16366,000-001-01-00031339,"DIRECCION NACIONAL DE PARQUES Y RECREACION",0.00,0,,2025-04-23,"2025-04-23 15:41:10",1937.76,0.00,1,0.00,27,"Ana Pineda",24,OFICINA,,,0,A_ABONO_ACTIVO,2025-04-23,abonos_creditos.fecha_pago,SI,"2025-04-23 15:41:10"
22293,16367,000-001-01-00031340,"DIRECCION NACIONAL DE PARQUES Y RECREACION",0.00,0,,2025-04-23,"2025-04-23 15:40:37",19592.40,0.00,1,0.00,27,"Ana Pineda",24,OFICINA,,,0,A_ABONO_ACTIVO,2025-04-23,abonos_creditos.fecha_pago,SI,"2025-04-23 15:40:37"
22291,16378,000-001-01-00031351,"SECRETARIA DE INFRAESTRUCTURA Y TRANSPORTE",0.00,0,,2025-04-23,"2025-04-23 15:32:54",173260.00,0.00,1,0.00,27,"Ana Pineda",24,OFICINA,,,0,A_ABONO_ACTIVO,2025-04-23,abonos_creditos.fecha_pago,SI,"2025-04-23 15:32:54"
22295,16382,000-001-01-00031355,"PROGRAMA NACIONAL DE DESARROLLO RURAL Y URBANO SOSTENIBLE",0.00,0,,2025-04-23,"2025-04-23 15:49:34",9666.00,0.00,1,0.00,27,"Ana Pineda",24,OFICINA,,,0,A_ABONO_ACTIVO,2025-04-23,abonos_creditos.fecha_pago,SI,"2025-04-23 15:49:34"
21543,16386,000-001-01-00031359,"SECRETARIA DE ESTADO DE LAS CULTURAS,LAS ARTES /SECAPP",0.00,0,,2025-04-23,"2025-04-23 15:34:16",15200.86,0.00,1,0.00,27,"Ana Pineda",24,OFICINA,,,0,A_ABONO_ACTIVO,2025-04-23,abonos_creditos.fecha_pago,SI,"2025-04-23 15:34:16"
21573,16439,000-001-01-00031412,"SECRETARIA DE SALUD",0.00,0,,2025-04-23,"2025-04-24 10:57:50",15048.60,0.00,1,0.00,27,"Ana Pineda",24,OFICINA,,,0,A_ABONO_ACTIVO,2025-04-23,abonos_creditos.fecha_pago,SI,"2025-04-24 10:57:50"
21555,16457,000-001-01-00031428,"SECRETARIA DE AGRICULTURA Y GANADERIA (SAG)",0.00,0,,2025-04-23,"2025-04-23 16:15:36",19515.16,0.00,1,0.00,27,"Ana Pineda",24,OFICINA,,,0,A_ABONO_ACTIVO,2025-04-23,abonos_creditos.fecha_pago,SI,"2025-04-23 16:15:36"
21556,16460,000-001-01-00031431,"SECRETARIA DE AGRICULTURA Y GANADERIA (SAG)",0.00,0,,2025-04-23,"2025-04-23 16:17:22",2378.76,0.00,1,0.00,27,"Ana Pineda",24,OFICINA,,,0,A_ABONO_ACTIVO,2025-04-23,abonos_creditos.fecha_pago,SI,"2025-04-23 16:17:22"
22299,16462,000-001-01-00031433,"INSTITUTO DE ACCESO A LA INFORMACIÓN PUBLICA",0.00,0,,2025-04-23,"2025-04-23 15:56:33",3222.00,0.00,1,0.00,27,"Ana Pineda",24,OFICINA,,,0,A_ABONO_ACTIVO,2025-04-23,abonos_creditos.fecha_pago,SI,"2025-04-23 15:56:33"
21557,16500,000-001-01-00031471,"SECRETARIA DE AGRICULTURA Y GANADERIA (SAG)",0.00,0,,2025-04-23,"2025-04-23 16:16:31",3490.74,0.00,1,0.00,27,"Ana Pineda",24,OFICINA,,,0,A_ABONO_ACTIVO,2025-04-23,abonos_creditos.fecha_pago,SI,"2025-04-23 16:16:31"
21581,16554,000-001-01-00031525,"SECRETARIA DE SALUD",0.00,0,,2025-04-23,"2025-04-24 11:09:40",25997.00,0.00,1,0.00,30,"Kelyn Barahona",24,OFICINA,,,0,A_ABONO_ACTIVO,2025-04-23,abonos_creditos.fecha_pago,NO,"2025-04-24 11:09:40"
21582,16559,000-001-01-00031530,"SECRETARIA DE SALUD",0.00,0,,2025-04-23,"2025-04-24 11:10:19",24397.06,0.00,1,0.00,30,"Kelyn Barahona",24,OFICINA,,,0,A_ABONO_ACTIVO,2025-04-23,abonos_creditos.fecha_pago,NO,"2025-04-24 11:10:19"
21547,16561,000-001-01-00031532,"SECRETARIA DE ESTADO PARA EL DESARR. Y SEGUIMIENTO / SEDESPA",0.00,0,,2025-04-23,"2025-04-23 15:36:39",1073.28,0.00,1,0.00,30,"Kelyn Barahona",24,OFICINA,,,0,A_ABONO_ACTIVO,2025-04-23,abonos_creditos.fecha_pago,NO,"2025-04-23 15:36:39"
21635,16577,000-001-01-00031548,"SECRETARIA DE DESARROLLO COMUNITARIO, AGUA Y SANEAMIENTO FHIS",0.00,0,,2025-04-23,"2025-04-23 16:23:53",12888.00,0.00,1,0.00,58,"Daniela Torres",36,"Angel Villela",,,0,A_ABONO_ACTIVO,2025-04-23,abonos_creditos.fecha_pago,NO,"2025-04-23 16:23:53"
21583,16578,000-001-01-00031549,"SECRETARIA DE SALUD",0.00,0,,2025-04-23,"2025-04-24 11:10:54",13948.70,0.00,1,0.00,30,"Kelyn Barahona",24,OFICINA,,,0,A_ABONO_ACTIVO,2025-04-23,abonos_creditos.fecha_pago,NO,"2025-04-24 11:10:54"
22223,16616,000-001-01-00031587,"SECRETARIA DE ESTADO EN LOS DESPACHOS DE NIÑEZ, ADOLESCENCIA Y FAMILIA",0.00,0,,2025-04-23,"2025-04-23 15:28:15",23711.28,0.00,1,0.00,30,"Kelyn Barahona",24,OFICINA,,,0,A_ABONO_ACTIVO,2025-04-23,abonos_creditos.fecha_pago,NO,"2025-04-23 15:28:15"
22233,16624,000-001-01-00031595,"ADMINISTRACION NACIONAL DE SERVICIO CIVIL (ANSEC)",0.00,0,,2025-04-23,"2025-04-23 16:50:07",14074.54,0.00,1,0.00,27,"Ana Pineda",24,OFICINA,,,0,A_ABONO_ACTIVO,2025-04-23,abonos_creditos.fecha_pago,SI,"2025-04-23 16:50:07"
21790,16648,000-001-01-00031619,"SECRETARIA DE SALUD",0.00,0,,2025-04-23,"2025-04-24 10:57:22",263855.29,0.00,1,0.00,27,"Ana Pineda",24,OFICINA,,,0,A_ABONO_ACTIVO,2025-04-23,abonos_creditos.fecha_pago,SI,"2025-04-24 10:57:22"
22234,16736,000-001-01-00031704,"ADMINISTRACION NACIONAL DE SERVICIO CIVIL (ANSEC)",0.00,0,,2025-04-23,"2025-04-23 16:48:23",1383.68,0.00,1,0.00,27,"Ana Pineda",24,OFICINA,,,0,A_ABONO_ACTIVO,2025-04-23,abonos_creditos.fecha_pago,SI,"2025-04-23 16:48:23"
22356,16744,000-001-01-00031712,"SECRETARIA DE ESTADO EN EL DESPA. PLANIFICACION  ESTRATEGICA",0.00,0,,2025-04-23,"2025-04-25 09:07:40",42787.24,0.00,1,0.00,27,"Ana Pineda",24,OFICINA,,,0,A_ABONO_ACTIVO,2025-04-23,abonos_creditos.fecha_pago,SI,"2025-04-25 09:07:40"
22235,16779,000-001-01-00031747,"ADMINISTRACION NACIONAL DE SERVICIO CIVIL (ANSEC)",0.00,0,,2025-04-23,"2025-04-23 16:49:09",1124.08,0.00,1,0.00,27,"Ana Pineda",24,OFICINA,,,0,A_ABONO_ACTIVO,2025-04-23,abonos_creditos.fecha_pago,SI,"2025-04-23 16:49:09"
22305,16781,000-001-01-00031749,"DIRECCIÓN NACIONAL DE BIENES DEL ESTADO",0.00,0,,2025-04-23,"2025-04-23 16:01:49",35236.00,0.00,1,0.00,30,"Kelyn Barahona",24,OFICINA,,,0,A_ABONO_ACTIVO,2025-04-23,abonos_creditos.fecha_pago,NO,"2025-04-23 16:01:49"
22332,16785,000-001-01-00031753,"SECRETARIA DE EDUCACION",0.00,0,,2025-04-23,"2025-04-24 09:52:27",67227.80,0.00,1,0.00,27,"Ana Pineda",24,OFICINA,,,0,A_ABONO_ACTIVO,2025-04-23,abonos_creditos.fecha_pago,SI,"2025-04-24 09:52:27"
22300,16876,000-001-01-00031842,"INSTITUTO DE ACCESO A LA INFORMACIÓN PUBLICA",0.00,0,,2025-04-23,"2025-04-23 15:55:49",1786.46,0.00,1,0.00,27,"Ana Pineda",24,OFICINA,,,0,A_ABONO_ACTIVO,2025-04-23,abonos_creditos.fecha_pago,SI,"2025-04-23 15:55:49"
22302,16889,000-001-01-00031855,"DIRECCION DE CIENCIA Y TECNOLOGIA AGROPECUARIA",0.00,0,,2025-04-23,"2025-04-23 16:00:46",6177.54,0.00,1,0.00,27,"Ana Pineda",24,OFICINA,,,0,A_ABONO_ACTIVO,2025-04-23,abonos_creditos.fecha_pago,SI,"2025-04-23 16:00:46"
22303,16890,000-001-01-00031856,"DIRECCION DE CIENCIA Y TECNOLOGIA AGROPECUARIA",0.00,0,,2025-04-23,"2025-04-23 16:00:11",250.58,0.00,1,0.00,27,"Ana Pineda",24,OFICINA,,,0,A_ABONO_ACTIVO,2025-04-23,abonos_creditos.fecha_pago,SI,"2025-04-23 16:00:11"
22307,17045,000-001-01-00032010,"CENTRO NACIONAL DE EDUCACION PARA EL TRABAJO (CENET)",0.00,0,,2025-04-23,"2025-04-23 16:05:51",736.02,0.00,1,0.00,27,"Ana Pineda",24,OFICINA,,,0,A_ABONO_ACTIVO,2025-04-23,abonos_creditos.fecha_pago,SI,"2025-04-23 16:05:51"
22308,17046,000-001-01-00032011,"CENTRO NACIONAL DE EDUCACION PARA EL TRABAJO (CENET)",0.00,0,,2025-04-23,"2025-04-23 16:05:12",9967.11,0.00,1,0.00,27,"Ana Pineda",24,OFICINA,,,0,A_ABONO_ACTIVO,2025-04-23,abonos_creditos.fecha_pago,SI,"2025-04-23 16:05:12"
22704,17542,000-001-01-00032498,"SECRETARIA DE EDUCACION",0.00,0,,2025-04-23,"2025-05-03 10:35:52",89647.35,0.00,1,0.00,27,"Ana Pineda",24,OFICINA,,,0,A_ABONO_ACTIVO,2025-04-23,abonos_creditos.fecha_pago,SI,"2025-05-03 10:35:52"
22705,17543,000-001-01-00032499,"SECRETARIA DE EDUCACION",0.00,0,,2025-04-23,"2025-05-03 10:34:22",79664.78,0.00,1,0.00,27,"Ana Pineda",24,OFICINA,,,0,A_ABONO_ACTIVO,2025-04-23,abonos_creditos.fecha_pago,SI,"2025-05-03 10:34:22"
22331,16780,000-001-01-00031748,"SECRETARIA DE EDUCACION",0.00,0,,2025-04-24,"2025-04-24 09:53:26",83261.44,0.00,1,0.00,27,"Ana Pineda",24,OFICINA,,,0,A_ABONO_ACTIVO,2025-04-24,abonos_creditos.fecha_pago,SI,"2025-04-24 09:53:26"
20988,16089,000-001-01-00031063,"OFFICE COMPUTERS S. DE R.L",0.00,0,,2025-04-25,"2025-04-28 16:11:41",12458.39,0.00,0,1800.00,30,"Kelyn Barahona",24,OFICINA,,,0,A_ABONO_ACTIVO,2025-04-25,abonos_creditos.fecha_pago,NO,"2025-11-14 09:56:32"
24138,17296,000-001-01-00032257,INPREUNAH,0.00,0,,2025-04-25,"2025-06-17 14:40:08",5618.28,0.00,1,0.00,27,"Ana Pineda",24,OFICINA,,,0,A_ABONO_ACTIVO,2025-04-25,abonos_creditos.fecha_pago,SI,"2025-06-17 14:40:08"
21603,16579,000-001-01-00031550,"HOSPITAL MILITAR",0.00,0,,2025-04-26,"2025-04-28 15:22:00",107456.60,0.00,1,0.00,58,"Daniela Torres",24,OFICINA,,,0,A_ABONO_ACTIVO,2025-04-26,abonos_creditos.fecha_pago,NO,"2025-04-28 15:22:00"
21638,16599,000-001-01-00031570,"ALCALDIA MUNICIPAL DE PUERTO CORTES",0.00,0,,2025-04-29,"2025-05-05 11:24:03",70650.00,0.00,1,0.00,27,"Ana Pineda",24,OFICINA,,,0,A_ABONO_ACTIVO,2025-04-29,abonos_creditos.fecha_pago,SI,"2025-05-05 11:24:03"
22154,16772,000-001-01-00031740,"SERVICIO DE ADMINISTRACION DE RENTAS",0.00,0,,2025-04-29,"2025-05-02 14:36:44",1029063.52,0.00,1,0.00,27,"Ana Pineda",24,OFICINA,,,0,A_ABONO_ACTIVO,2025-04-29,abonos_creditos.fecha_pago,SI,"2025-05-02 14:36:44"
21878,16651,000-001-01-00031622,"MINISTERIO PUBLICO",0.00,0,,2025-04-30,"2025-05-05 15:22:50",5852.88,0.00,1,0.00,58,"Daniela Torres",13,"Belinda Lopez",,,0,A_ABONO_ACTIVO,2025-04-30,abonos_creditos.fecha_pago,NO,"2025-05-05 15:22:50"
22501,17281,000-001-01-00032242,"INSTITUTO DE PREVISION MILITAR",0.00,0,,2025-04-30,"2025-05-05 15:23:25",1397.60,0.00,1,0.00,27,"Ana Pineda",24,OFICINA,,,0,A_ABONO_ACTIVO,2025-04-30,abonos_creditos.fecha_pago,SI,"2025-05-05 15:23:25"
21234,16247,000-001-01-00031220,HONDUTEL,0.00,0,,2025-05-06,"2025-05-07 14:53:06",23232.00,0.00,1,0.00,30,"Kelyn Barahona",24,OFICINA,,,0,A_ABONO_ACTIVO,2025-05-06,abonos_creditos.fecha_pago,NO,"2025-05-07 14:53:06"
22919,17413,000-001-01-00032374,"EMPRESA NACIONAL PORTUARIA",0.00,0,,2025-05-06,"2025-05-09 11:21:37",5346.00,0.00,1,0.00,27,"Ana Pineda",24,OFICINA,,,0,A_ABONO_ACTIVO,2025-05-06,abonos_creditos.fecha_pago,SI,"2025-05-09 11:21:37"
22920,17415,000-001-01-00032376,"EMPRESA NACIONAL PORTUARIA",0.00,0,,2025-05-06,"2025-05-09 11:22:22",3207.33,0.00,1,0.00,27,"Ana Pineda",24,OFICINA,,,0,A_ABONO_ACTIVO,2025-05-06,abonos_creditos.fecha_pago,SI,"2025-05-09 11:22:22"
34218,27086,000-001-01-00042002,"LA TIENDITA 0615",0.00,0,,2025-05-06,"2026-05-12 14:54:13",1411.15,0.00,0,0.00,97,"Madelin Sierra",24,OFICINA,,,0,A_ABONO_ACTIVO,2025-05-06,abonos_creditos.fecha_pago,NO,"2026-05-12 14:54:13"
21634,16540,000-001-01-00031511,"INSTITUTO HONDUREÑO DEL TRANSPORTE TERRESTRE",0.00,0,,2025-05-08,"2025-05-09 11:22:57",49527.20,0.00,1,0.00,30,"Kelyn Barahona",24,OFICINA,,,0,A_ABONO_ACTIVO,2025-05-08,abonos_creditos.fecha_pago,NO,"2025-05-09 11:22:57"
22033,16375,000-001-01-00031348,"INNOVACIONES 360",0.00,0,,2025-05-11,"2025-05-14 14:19:25",54484.39,5175.00,0,0.00,64,"Kevin Nuñez",14,"Sulay Pineda",,,0,A_ABONO_ACTIVO,2025-05-11,abonos_creditos.fecha_pago,NO,"2025-05-14 14:19:25"
23223,17734,000-001-01-00032683,"SECRETARIA DE FINANZAS",0.00,0,,2025-05-14,"2025-05-20 10:28:01",737.00,0.00,1,0.00,27,"Ana Pineda",24,OFICINA,,,0,A_ABONO_ACTIVO,2025-05-14,abonos_creditos.fecha_pago,SI,"2025-05-20 10:28:01"
21570,16343,000-001-01-00031316,"SECRETARIA DE SALUD",0.00,0,,2025-05-15,"2025-05-20 10:20:10",173347.98,0.00,1,0.00,27,"Ana Pineda",24,OFICINA,,,0,A_ABONO_ACTIVO,2025-05-15,abonos_creditos.fecha_pago,SI,"2025-05-20 10:20:10"
22263,16875,000-001-01-00031841,"SECRETARIA DE TRANSPARENCIA Y LUCHA CONTRA LA CORRUPCIÓN",0.00,0,,2025-05-15,"2025-05-20 10:17:53",6129.00,0.00,1,0.00,27,"Ana Pineda",24,OFICINA,,,0,A_ABONO_ACTIVO,2025-05-15,abonos_creditos.fecha_pago,SI,"2025-05-20 10:17:53"
20921,16054,000-001-01-00031028,"SECRETARIA DE SALUD",0.00,0,,2025-05-16,"2025-05-20 10:22:36",69734.00,0.00,1,0.00,27,"Ana Pineda",24,OFICINA,,,0,A_ABONO_ACTIVO,2025-05-16,abonos_creditos.fecha_pago,SI,"2025-05-20 10:22:36"
20922,16057,000-001-01-00031031,"SECRETARIA DE SALUD",0.00,0,,2025-05-16,"2025-05-20 10:22:04",48816.00,0.00,1,0.00,27,"Ana Pineda",24,OFICINA,,,0,A_ABONO_ACTIVO,2025-05-16,abonos_creditos.fecha_pago,SI,"2025-05-20 10:22:04"
21567,16241,000-001-01-00031214,"SECRETARIA DE SALUD",0.00,0,,2025-05-16,"2025-05-20 10:18:35",51801.16,0.00,1,0.00,27,"Ana Pineda",24,OFICINA,,,0,A_ABONO_ACTIVO,2025-05-16,abonos_creditos.fecha_pago,SI,"2025-05-20 10:18:35"
21574,16444,000-001-01-00031417,"SECRETARIA DE SALUD",0.00,0,,2025-05-16,"2025-05-20 10:19:27",17431.44,0.00,1,0.00,27,"Ana Pineda",24,OFICINA,,,0,A_ABONO_ACTIVO,2025-05-16,abonos_creditos.fecha_pago,SI,"2025-05-20 10:19:27"
22330,16737,000-001-01-00031705,"SECRETARIA DE EDUCACION",0.00,0,,2025-05-16,"2025-05-20 10:55:02",8081.30,0.00,1,0.00,27,"Ana Pineda",24,OFICINA,,,0,A_ABONO_ACTIVO,2025-05-16,abonos_creditos.fecha_pago,SI,"2025-05-20 10:55:02"
22340,16747,000-001-01-00031715,"INSTITUTO NACIONAL CARDIOPULMONAR TÓRAX",0.00,0,,2025-05-16,"2025-05-20 10:26:31",60387.80,0.00,1,0.00,27,"Ana Pineda",24,OFICINA,,,0,A_ABONO_ACTIVO,2025-05-16,abonos_creditos.fecha_pago,SI,"2025-05-20 10:26:31"
22085,16790,000-001-01-00031758,"SECRETARIA DE SALUD",0.00,0,,2025-05-16,"2025-05-20 10:25:35",145555.00,0.00,1,0.00,27,"Ana Pineda",24,OFICINA,,,0,A_ABONO_ACTIVO,2025-05-16,abonos_creditos.fecha_pago,SI,"2025-05-20 10:25:35"
22087,16895,000-001-01-00031861,"SECRETARIA DE SALUD",0.00,0,,2025-05-16,"2025-05-20 10:21:27",20009.04,0.00,1,0.00,27,"Ana Pineda",24,OFICINA,,,0,A_ABONO_ACTIVO,2025-05-16,abonos_creditos.fecha_pago,SI,"2025-05-20 10:21:27"
22228,17178,000-001-01-00032139,"SECRETARIA DE ESTADO EN LOS  DESPACHO DE LA PRESIDENCIA",0.00,0,,2025-05-16,"2025-05-20 10:27:18",5475.24,0.00,1,0.00,30,"Kelyn Barahona",24,OFICINA,,,0,A_ABONO_ACTIVO,2025-05-16,abonos_creditos.fecha_pago,NO,"2025-05-20 10:27:18"
22252,17297,000-001-01-00032258,"SECRETARIA DE ESTADO EN EL DESPACHO DE ENERGIA",0.00,0,,2025-05-16,"2025-05-20 10:17:00",23928.00,0.00,1,0.00,27,"Ana Pineda",24,OFICINA,,,0,A_ABONO_ACTIVO,2025-05-16,abonos_creditos.fecha_pago,SI,"2025-05-20 10:17:00"
22338,17325,000-001-01-00032286,"SECRETARIA DE SALUD",0.00,0,,2025-05-16,"2025-05-20 10:23:12",70275.05,0.00,1,0.00,27,"Ana Pineda",24,OFICINA,,,0,A_ABONO_ACTIVO,2025-05-16,abonos_creditos.fecha_pago,SI,"2025-05-20 10:23:12"
23208,17361,000-001-01-00032322,"SECRETARIA DE GOBERNACION,JUSTICIA Y DESCENTRALIZA",0.00,0,,2025-05-16,"2025-05-20 10:13:11",1018.88,0.00,1,0.00,27,"Ana Pineda",24,OFICINA,,,0,A_ABONO_ACTIVO,2025-05-16,abonos_creditos.fecha_pago,SI,"2025-05-20 10:13:11"
23214,17384,000-001-01-00032345,"SECRETARIA DE DEFENSA NACIONAL",0.00,0,,2025-05-16,"2025-05-20 10:16:20",35087.60,0.00,1,0.00,27,"Ana Pineda",24,OFICINA,,,0,A_ABONO_ACTIVO,2025-05-16,abonos_creditos.fecha_pago,SI,"2025-05-20 10:16:20"
23228,17579,000-001-01-00032535,"DIRECCION GENERAL DE CINEMATOGRAFIA",0.00,0,,2025-05-16,"2025-05-20 10:59:18",2729.86,0.00,1,0.00,27,"Ana Pineda",24,OFICINA,,,0,A_ABONO_ACTIVO,2025-05-16,abonos_creditos.fecha_pago,SI,"2025-05-20 10:59:18"
23227,17581,000-001-01-00032537,"DIRECCION DEPARTAMENTAL DE EDUCACION DE COPAN",0.00,0,,2025-05-16,"2025-05-20 10:58:35",57621.73,0.00,1,0.01,58,"Daniela Torres",14,"Sulay Pineda",,,0,A_ABONO_ACTIVO,2025-05-16,abonos_creditos.fecha_pago,NO,"2026-09-16 15:57:31"
23226,17822,000-001-01-00032771,"SECRETARIA DE ESTADO PARA EL DESARR. Y SEGUIMIENTO / SEDESPA",0.00,0,,2025-05-16,"2025-05-20 10:56:09",21296.00,0.00,1,0.00,30,"Kelyn Barahona",24,OFICINA,,,0,A_ABONO_ACTIVO,2025-05-16,abonos_creditos.fecha_pago,NO,"2025-05-20 10:56:09"
23601,18320,000-001-01-00033267,"CENTRO NACIONAL DE EDUCACION PARA EL TRABAJO (CENET)",0.00,0,,2025-05-16,"2025-06-10 10:09:03",23697.00,0.00,1,0.00,27,"Ana Pineda",24,OFICINA,,,0,A_ABONO_ACTIVO,2025-05-16,abonos_creditos.fecha_pago,SI,"2025-06-10 10:09:03"
23597,18648,000-001-01-00033592,"EMPRESA DE CORREOS DE HONDURAS",0.00,0,,2025-05-16,"2025-06-10 08:27:05",7332.40,0.00,1,0.00,27,"Ana Pineda",24,OFICINA,,,0,A_ABONO_ACTIVO,2025-05-16,abonos_creditos.fecha_pago,SI,"2025-06-10 08:27:05"
23598,18653,000-001-01-00033597,"EMPRESA DE CORREOS DE HONDURAS",0.00,0,,2025-05-16,"2025-06-10 08:28:32",862.00,0.00,1,0.00,27,"Ana Pineda",24,OFICINA,,,0,A_ABONO_ACTIVO,2025-05-16,abonos_creditos.fecha_pago,SI,"2025-06-10 08:28:32"
23599,18654,000-001-01-00033598,"EMPRESA DE CORREOS DE HONDURAS",0.00,0,,2025-05-16,"2025-06-10 08:29:29",6165.00,0.00,1,0.00,27,"Ana Pineda",24,OFICINA,,,0,A_ABONO_ACTIVO,2025-05-16,abonos_creditos.fecha_pago,SI,"2025-06-10 08:29:29"
24094,18816,000-001-01-00033760,"SECRETARIA DE SALUD",0.00,0,,2025-05-17,"2025-07-18 14:13:30",25306.20,0.00,1,0.00,27,"Ana Pineda",24,OFICINA,,,0,A_ABONO_ACTIVO,2025-05-17,abonos_creditos.fecha_pago,SI,"2025-07-18 14:13:30"
21637,16622,000-001-01-00031593,"BANCO NACIONAL DE DESARROLLO AGRICOLA",0.00,0,,2025-05-20,"2025-05-22 15:47:23",1478.00,0.00,1,0.00,27,"Ana Pineda",24,OFICINA,,,0,A_ABONO_ACTIVO,2025-05-20,abonos_creditos.fecha_pago,SI,"2025-05-22 15:47:23"
22054,16802,000-001-01-00031768,"PODER JUDICIAL",0.00,0,,2025-05-20,"2025-05-22 15:54:39",4612.32,0.00,1,0.00,58,"Daniela Torres",36,"Angel Villela",,,0,A_ABONO_ACTIVO,2025-05-20,abonos_creditos.fecha_pago,NO,"2025-05-22 15:54:39"
21233,16246,000-001-01-00031219,HONDUTEL,0.00,0,,2025-05-21,"2025-05-22 16:01:14",1478.72,0.00,1,0.00,30,"Kelyn Barahona",24,OFICINA,,,0,A_ABONO_ACTIVO,2025-05-21,abonos_creditos.fecha_pago,NO,"2025-05-22 16:01:14"
23286,18164,000-001-01-00033111,"UNIVERSIDAD PEDAGOGICA NACIONAL FRANCISCO MORAZAN",0.00,0,,2025-05-21,"2025-05-22 17:00:29",11069.85,0.00,0,0.02,27,"Ana Pineda",24,OFICINA,,,0,A_ABONO_ACTIVO,2025-05-21,abonos_creditos.fecha_pago,SI,"2025-08-22 11:24:23"
23318,18203,000-001-01-00033150,"INSTITUTO NACIONAL DE FORMACION PROFESIONAL",0.00,0,,2025-05-22,"2025-05-23 10:50:22",13861.76,0.00,1,0.00,27,"Ana Pineda",24,OFICINA,,,0,A_ABONO_ACTIVO,2025-05-22,abonos_creditos.fecha_pago,SI,"2025-05-23 10:50:22"
22092,17067,000-001-01-00032028,"ALCALDIA MUNICIPAL DE SAN PEDRO SULA",0.00,0,,2025-05-23,"2025-06-10 08:23:47",98710.68,0.00,1,0.00,30,"Kelyn Barahona",24,OFICINA,,,0,A_ABONO_ACTIVO,2025-05-23,abonos_creditos.fecha_pago,NO,"2025-06-10 08:23:47"
22789,17548,000-001-01-00032504,"MINISTERIO PUBLICO",0.00,0,,2025-05-23,"2025-06-09 14:13:43",117869.60,0.00,1,0.00,58,"Daniela Torres",13,"Belinda Lopez",,,0,A_ABONO_ACTIVO,2025-05-23,abonos_creditos.fecha_pago,NO,"2025-06-09 14:13:43"
23317,18169,000-001-01-00033116,"INSTITUTO NACIONAL DE FORMACION PROFESIONAL",0.00,0,,2025-05-24,"2025-05-26 09:30:29",86304.68,0.00,1,0.00,27,"Ana Pineda",24,OFICINA,,,0,A_ABONO_ACTIVO,2025-05-24,abonos_creditos.fecha_pago,SI,"2025-05-26 09:30:29"
22959,17555,000-001-01-00032511,"SECRETARIA DE ESTADO EN LOS DESPACHOS DE NIÑEZ, ADOLESCENCIA Y FAMILIA",0.00,0,,2025-05-26,"2025-06-09 14:16:45",50481.38,0.00,1,0.00,58,"Daniela Torres",36,"Angel Villela",,,0,A_ABONO_ACTIVO,2025-05-26,abonos_creditos.fecha_pago,NO,"2025-06-09 14:16:45"
23337,17576,000-001-01-00032532,"GRAN HOTEL KENNEDY",0.00,0,,2025-05-26,"2026-03-24 09:47:20",2297.38,0.00,0,0.00,30,"Kelyn Barahona",24,OFICINA,,,0,A_ABONO_ACTIVO,2025-05-26,abonos_creditos.fecha_pago,NO,"2026-03-24 09:47:20"
23338,18255,000-001-01-00033202,"GRAN HOTEL KENNEDY",0.00,0,,2025-05-26,"2026-03-24 09:48:02",94.44,0.00,0,0.00,30,"Kelyn Barahona",24,OFICINA,,,0,A_ABONO_ACTIVO,2025-05-26,abonos_creditos.fecha_pago,NO,"2026-03-24 09:48:02"
22417,17400,000-001-01-00032361,"MINISTERIO PUBLICO",0.00,0,,2025-05-27,"2025-06-10 08:21:27",3144.44,0.00,1,0.00,58,"Daniela Torres",13,"Belinda Lopez",,,0,A_ABONO_ACTIVO,2025-05-27,abonos_creditos.fecha_pago,NO,"2025-06-10 08:21:27"
22418,17401,000-001-01-00032362,"MINISTERIO PUBLICO",0.00,0,,2025-05-27,"2025-06-10 08:20:26",27768.00,0.00,1,0.00,58,"Daniela Torres",13,"Belinda Lopez",,,0,A_ABONO_ACTIVO,2025-05-27,abonos_creditos.fecha_pago,NO,"2025-06-10 08:20:26"
23141,17684,000-001-01-00032638,"SECRETARIA DE RECURSO NATURALES Y AMBIENTE",0.00,0,,2025-05-27,"2025-06-03 08:26:55",12888.00,0.00,1,0.00,27,"Ana Pineda",24,OFICINA,,,0,A_ABONO_ACTIVO,2025-05-27,abonos_creditos.fecha_pago,SI,"2025-06-03 08:26:55"
23142,18070,000-001-01-00033017,"SECRETARIA DE RECURSO NATURALES Y AMBIENTE",0.00,0,,2025-05-27,"2025-06-03 08:27:24",3744.00,0.00,1,0.00,27,"Ana Pineda",24,OFICINA,,,0,A_ABONO_ACTIVO,2025-05-27,abonos_creditos.fecha_pago,SI,"2025-06-03 08:27:24"
23458,17788,000-001-01-00032737,"AGENCIA REGULACION SANITARIA",0.00,0,,2025-05-28,"2025-06-03 08:29:41",55888.00,0.00,1,0.00,30,"Kelyn Barahona",24,OFICINA,,,0,A_ABONO_ACTIVO,2025-05-28,abonos_creditos.fecha_pago,NO,"2025-06-03 08:29:41"
23455,17732,000-001-01-00032681,"SECRETARIA DE AGRICULTURA Y GANADERIA (SAG)",0.00,0,,2025-05-29,"2025-06-03 08:28:59",4510.00,0.00,1,0.00,27,"Ana Pineda",24,OFICINA,,,0,A_ABONO_ACTIVO,2025-05-29,abonos_creditos.fecha_pago,SI,"2025-06-03 08:28:59"
23453,18337,000-001-01-00033284,"CONSEJO NACIONAL SUPERVISOR DE COOPERATIVAS",0.00,0,,2025-05-29,"2025-06-03 08:26:05",43546.87,0.00,1,0.00,27,"Ana Pineda",24,OFICINA,,,0,A_ABONO_ACTIVO,2025-05-29,abonos_creditos.fecha_pago,SI,"2025-07-24 11:10:40"
23510,17839,000-001-01-00032788,"HOSPITAL MILITAR",0.00,0,,2025-05-30,"2025-06-04 11:34:52",43485.42,0.00,1,0.00,58,"Daniela Torres",36,"Angel Villela",,,0,A_ABONO_ACTIVO,2025-05-30,abonos_creditos.fecha_pago,NO,"2025-06-04 11:34:52"
23488,18417,000-001-01-00033364,"ALCALDIA MUNICIPAL DE EL NEGRITO YORO",0.00,0,,2025-05-31,"2025-06-03 16:50:38",2827.62,0.00,1,0.00,27,"Ana Pineda",24,OFICINA,,,0,A_ABONO_ACTIVO,2025-05-31,abonos_creditos.fecha_pago,SI,"2025-06-03 16:50:38"
34481,18477,000-001-01-00033424,"MISS D S PLACE",0.00,0,,2025-06-02,"2026-05-25 10:22:09",4396.22,0.00,0,0.00,27,"Ana Pineda",115,"Erling Peralta",,,0,A_ABONO_ACTIVO,2025-06-02,abonos_creditos.fecha_pago,SI,"2026-05-25 10:22:09"
24139,18508,000-001-01-00033455,INPREUNAH,0.00,0,,2025-06-03,"2025-06-17 08:35:44",9292.80,0.00,1,0.00,27,"Ana Pineda",24,OFICINA,,,0,A_ABONO_ACTIVO,2025-06-03,abonos_creditos.fecha_pago,SI,"2025-06-17 08:35:44"
21645,16376,000-001-01-00031349,HONDUTEL,0.00,0,,2025-06-04,"2025-06-12 13:53:04",34664.00,0.00,1,0.00,30,"Kelyn Barahona",24,OFICINA,,,0,A_ABONO_ACTIVO,2025-06-04,abonos_creditos.fecha_pago,NO,"2025-06-12 13:53:04"
22493,16739,000-001-01-00031707,"SEDENA ,ESTADO MAYOR CONJUNTO C-2",0.00,0,,2025-06-04,"2025-06-17 08:40:41",40262.84,0.00,1,0.00,30,"Kelyn Barahona",24,OFICINA,,,0,A_ABONO_ACTIVO,2025-06-04,abonos_creditos.fecha_pago,NO,"2025-06-17 08:40:41"
22494,16740,000-001-01-00031708,"SEDENA ,ESTADO MAYOR CONJUNTO C-2",0.00,0,,2025-06-04,"2025-06-17 08:40:06",32280.96,0.00,1,0.00,30,"Kelyn Barahona",24,OFICINA,,,0,A_ABONO_ACTIVO,2025-06-04,abonos_creditos.fecha_pago,NO,"2025-06-17 08:40:06"
21620,16314,000-001-01-00031287,"OFFICE COMPUTERS S. DE R.L",0.00,0,,2025-06-05,"2025-06-18 16:25:00",778268.00,0.00,0,1800.00,30,"Kelyn Barahona",24,OFICINA,,,0,A_ABONO_ACTIVO,2025-06-05,abonos_creditos.fecha_pago,NO,"2025-11-17 10:01:20"
21646,16612,000-001-01-00031583,HONDUTEL,0.00,0,,2025-06-09,"2025-06-12 11:10:41",20443.48,0.00,1,0.00,30,"Kelyn Barahona",24,OFICINA,,,0,A_ABONO_ACTIVO,2025-06-09,abonos_creditos.fecha_pago,NO,"2025-06-12 11:10:41"
22786,17708,000-001-01-00032657,"TRIBUNAL SUPERIOR DE CUENTAS",0.00,0,,2025-06-09,"2025-06-12 11:13:52",6849.50,0.00,1,0.00,27,"Ana Pineda",24,OFICINA,,,0,A_ABONO_ACTIVO,2025-06-09,abonos_creditos.fecha_pago,SI,"2025-06-12 11:13:52"
23676,18657,000-001-01-00033601,"PATRONATO NACIONAL DE LA INFANCIA",0.00,0,,2025-06-09,"2025-06-12 11:19:12",42592.00,0.00,1,0.00,30,"Kelyn Barahona",24,OFICINA,,,0,A_ABONO_ACTIVO,2025-06-09,abonos_creditos.fecha_pago,NO,"2025-06-12 11:19:12"
18615,14036,000-001-01-00029058,"DISTRIBUIDORA UNIVERSAL",0.00,0,,,,0.00,0.00,0,43585.00,30,"Kelyn Barahona",24,OFICINA,,,0,B_OTRO_REDUCTOR,2025-06-10,otros_movimientos.created_at,NO,"2025-06-10 14:46:07"
24265,19001,000-001-01-00033940,"SECRETARIA DE SALUD",0.00,0,,2025-06-11,"2025-06-19 15:31:29",8856.48,0.00,1,0.00,27,"Ana Pineda",24,OFICINA,,,0,A_ABONO_ACTIVO,2025-06-11,abonos_creditos.fecha_pago,SI,"2025-06-19 15:31:29"
21347,16093,000-001-01-00031067,"SEDENA ,ESTADO MAYOR CONJUNTO C-2",0.00,0,,2025-06-12,"2025-06-19 14:35:58",8693.86,0.00,1,0.00,27,"Ana Pineda",24,OFICINA,,,0,A_ABONO_ACTIVO,2025-06-12,abonos_creditos.fecha_pago,SI,"2025-06-19 14:35:58"
21348,16095,000-001-01-00031069,"SEDENA ,ESTADO MAYOR CONJUNTO C-2",0.00,0,,2025-06-12,"2025-06-19 14:35:30",19127.04,0.00,1,0.00,27,"Ana Pineda",24,OFICINA,,,0,A_ABONO_ACTIVO,2025-06-12,abonos_creditos.fecha_pago,SI,"2025-06-19 14:35:30"
21349,16099,000-001-01-00031073,"SEDENA ,ESTADO MAYOR CONJUNTO C-2",0.00,0,,2025-06-12,"2025-06-19 14:36:27",7389.09,0.00,1,0.00,27,"Ana Pineda",24,OFICINA,,,0,A_ABONO_ACTIVO,2025-06-12,abonos_creditos.fecha_pago,SI,"2025-06-19 14:36:27"
24263,18674,000-001-01-00033618,"BANCO CENTRAL DE HONDURAS",0.00,0,,2025-06-12,"2025-06-19 14:34:37",4163.85,0.00,1,0.00,30,"Kelyn Barahona",24,OFICINA,,,0,A_ABONO_ACTIVO,2025-06-12,abonos_creditos.fecha_pago,NO,"2025-06-19 14:34:37"
23316,18034,000-001-01-00032981,"INSTITUTO NACIONAL DE FORMACION PROFESIONAL",0.00,0,,2025-06-13,"2025-06-16 14:16:22",3144.44,0.00,1,0.00,27,"Ana Pineda",24,OFICINA,,,0,A_ABONO_ACTIVO,2025-06-13,abonos_creditos.fecha_pago,SI,"2025-06-16 14:16:22"
23398,18233,000-001-01-00033180,"INSTITUTO NACIONAL DE CONSERVACION Y DESARROLLO F.",0.00,0,,2025-06-13,"2025-06-17 14:29:45",13119.40,0.00,1,0.00,27,"Ana Pineda",24,OFICINA,,,0,A_ABONO_ACTIVO,2025-06-13,abonos_creditos.fecha_pago,SI,"2025-06-17 14:29:45"
23259,18042,000-001-01-00032989,"BANCO NACIONAL DE DESARROLLO AGRICOLA",0.00,0,,2025-06-14,"2025-06-16 14:17:09",42754.50,0.00,1,0.00,27,"Ana Pineda",24,OFICINA,,,0,A_ABONO_ACTIVO,2025-06-14,abonos_creditos.fecha_pago,SI,"2025-06-16 14:17:09"
24140,18801,000-001-01-00033745,INPREUNAH,0.00,0,,2025-06-17,"2025-06-19 14:34:01",4337.62,0.00,1,0.00,27,"Ana Pineda",24,OFICINA,,,0,A_ABONO_ACTIVO,2025-06-17,abonos_creditos.fecha_pago,SI,"2025-06-19 14:34:01"
24242,18881,000-001-01-00033821,"ALCALDIA MUNICIPAL DE PUERTO CORTES",0.00,0,,2025-06-17,"2025-06-19 09:40:15",10212.16,0.00,1,0.00,27,"Ana Pineda",24,OFICINA,,,0,A_ABONO_ACTIVO,2025-06-17,abonos_creditos.fecha_pago,SI,"2025-06-19 09:40:15"
24243,18883,000-001-01-00033823,"ALCALDIA MUNICIPAL DE PUERTO CORTES",0.00,0,,2025-06-17,"2025-06-19 09:39:03",17140.11,0.00,1,0.00,27,"Ana Pineda",24,OFICINA,,,0,A_ABONO_ACTIVO,2025-06-17,abonos_creditos.fecha_pago,SI,"2025-06-19 09:39:03"
22963,17843,000-001-01-00032792,"MINISTERIO PUBLICO",0.00,0,,2025-06-18,"2025-06-19 14:32:57",51139.87,0.00,1,0.00,58,"Daniela Torres",13,"Belinda Lopez",,,0,A_ABONO_ACTIVO,2025-06-18,abonos_creditos.fecha_pago,NO,"2025-06-19 14:32:57"
23262,17975,000-001-01-00032922,HONDUTEL,0.00,0,,2025-06-18,"2025-06-19 13:17:23",23232.00,0.00,1,0.00,30,"Kelyn Barahona",24,OFICINA,,,0,A_ABONO_ACTIVO,2025-06-18,abonos_creditos.fecha_pago,NO,"2025-06-19 13:17:23"
24408,18235,000-001-01-00033182,"EMPRESA NACIONAL PORTUARIA",0.00,0,,2025-06-19,"2025-06-25 16:33:30",20126.49,0.00,1,97.00,27,"Ana Pineda",24,OFICINA,,,0,A_ABONO_ACTIVO,2025-06-19,abonos_creditos.fecha_pago,SI,"2025-07-24 11:26:33"
21789,16688,000-001-01-00031656,"PROCURADURIA GENERAL DE LA REPUBLICA",0.00,0,,2025-06-21,"2025-06-23 11:18:00",84046.56,0.00,1,0.00,27,"Ana Pineda",24,OFICINA,,,0,A_ABONO_ACTIVO,2025-06-21,abonos_creditos.fecha_pago,SI,"2025-06-23 11:18:00"
24010,18594,000-001-01-00033541,"INSTITUTO NACIONAL DE CONSERVACION Y DESARROLLO F.",0.00,0,,2025-06-24,"2025-06-25 16:30:01",14516.81,0.00,1,0.00,27,"Ana Pineda",24,OFICINA,,,0,A_ABONO_ACTIVO,2025-06-24,abonos_creditos.fecha_pago,SI,"2025-06-25 16:30:01"
24410,18907,000-001-01-00033847,"AGENCIA HONDUREÑA DE AERONAUTICA CIVIL",0.00,0,,2025-06-24,"2025-06-25 16:36:04",8346.78,0.00,1,0.00,30,"Kelyn Barahona",24,OFICINA,,,0,A_ABONO_ACTIVO,2025-06-24,abonos_creditos.fecha_pago,NO,"2025-06-25 16:36:04"
24432,18951,000-001-01-00033891,"MUNICIPALIDAD DE CHOLOMA",0.00,0,,2025-06-24,"2025-06-26 14:31:20",323868.25,0.00,1,0.00,27,"Ana Pineda",24,OFICINA,,,0,A_ABONO_ACTIVO,2025-06-24,abonos_creditos.fecha_pago,SI,"2025-06-26 14:31:20"
24409,18886,000-001-01-00033826,"SECRETARIA DE FINANZAS",0.00,0,,2025-06-25,"2025-06-25 16:35:05",1760.56,0.00,1,0.00,27,"Ana Pineda",24,OFICINA,,,0,A_ABONO_ACTIVO,2025-06-25,abonos_creditos.fecha_pago,SI,"2025-06-25 16:35:05"
23016,17993,000-001-01-00032940,"TRIBUNAL SUPERIOR DE CUENTAS",0.00,0,,2025-06-27,"2025-06-30 14:14:50",880.74,0.00,1,0.00,58,"Daniela Torres",36,"Angel Villela",,,0,A_ABONO_ACTIVO,2025-06-27,abonos_creditos.fecha_pago,NO,"2025-06-30 14:14:50"
23164,18107,000-001-01-00033054,"TRIBUNAL SUPERIOR DE CUENTAS",0.00,0,,2025-06-27,"2025-06-30 14:17:50",3110.36,0.00,1,0.00,58,"Daniela Torres",36,"Angel Villela",,,0,A_ABONO_ACTIVO,2025-06-27,abonos_creditos.fecha_pago,NO,"2025-06-30 14:17:50"
23165,18109,000-001-01-00033056,"TRIBUNAL SUPERIOR DE CUENTAS",0.00,0,,2025-06-27,"2025-06-30 14:12:19",9478.40,0.00,1,0.00,58,"Daniela Torres",36,"Angel Villela",,,0,A_ABONO_ACTIVO,2025-06-27,abonos_creditos.fecha_pago,NO,"2025-06-30 14:12:19"
26627,18802,000-001-01-00033746,"INSTITUTO HONDUREÑO DE GEOLOGIA Y MINAS",0.00,0,,2025-06-30,"2025-08-27 11:38:59",22232.68,0.00,1,0.00,27,"Ana Pineda",24,OFICINA,,,0,A_ABONO_ACTIVO,2025-06-30,abonos_creditos.fecha_pago,SI,"2025-08-27 11:38:59"
25329,20051,000-001-01-00034990,"SECRETARIA DE SALUD",0.00,0,,2025-06-30,"2025-08-27 11:35:55",5128.28,0.00,1,0.00,27,"Ana Pineda",24,OFICINA,,,0,A_ABONO_ACTIVO,2025-06-30,abonos_creditos.fecha_pago,SI,"2025-08-27 11:35:55"
21569,16333,000-001-01-00031306,"SECRETARIA DE SALUD",0.00,0,,2025-07-01,"2025-07-04 16:59:58",45444.00,0.00,1,0.00,27,"Ana Pineda",24,OFICINA,,,0,A_ABONO_ACTIVO,2025-07-01,abonos_creditos.fecha_pago,SI,"2025-07-04 16:59:58"
24799,16682,000-001-01-00031650,"PROGRAMA DE LA RED SOLIDARIA",0.00,0,,2025-07-01,"2025-07-05 08:36:21",201390.80,0.00,1,0.00,30,"Kelyn Barahona",24,OFICINA,,,0,A_ABONO_ACTIVO,2025-07-01,abonos_creditos.fecha_pago,NO,"2025-07-05 08:36:21"
22086,16829,000-001-01-00031795,"SECRETARIA DE SALUD",0.00,0,,2025-07-01,"2025-07-04 16:59:27",43387.70,0.00,1,0.00,27,"Ana Pineda",24,OFICINA,,,0,A_ABONO_ACTIVO,2025-07-01,abonos_creditos.fecha_pago,SI,"2025-07-04 16:59:27"
22361,16868,000-001-01-00031834,"HOSPITAL ESCUELA",0.00,0,,2025-07-01,"2025-07-05 08:30:30",77440.00,0.00,1,0.00,58,"Daniela Torres",36,"Angel Villela",,,0,A_ABONO_ACTIVO,2025-07-01,abonos_creditos.fecha_pago,NO,"2025-07-05 08:30:30"
22247,17280,000-001-01-00032241,"SECRETARIA DE SALUD",0.00,0,,2025-07-01,"2025-07-04 17:01:29",2944.00,0.00,1,0.00,27,"Ana Pineda",24,OFICINA,,,0,A_ABONO_ACTIVO,2025-07-01,abonos_creditos.fecha_pago,SI,"2025-07-04 17:01:29"
22343,17362,000-001-01-00032323,"SECRETARIA DE SALUD",0.00,0,,2025-07-01,"2025-07-04 16:39:33",6236.00,0.00,1,0.00,27,"Ana Pineda",24,OFICINA,,,0,A_ABONO_ACTIVO,2025-07-01,abonos_creditos.fecha_pago,SI,"2025-07-04 16:39:33"
22782,17515,000-001-01-00032473,"SECRETARIA DE SALUD",0.00,0,,2025-07-01,"2025-07-05 08:08:32",16757.28,0.00,1,0.00,27,"Ana Pineda",24,OFICINA,,,0,A_ABONO_ACTIVO,2025-07-01,abonos_creditos.fecha_pago,SI,"2025-07-05 08:08:32"
22947,17742,000-001-01-00032691,"SECRETARIA DE SALUD",0.00,0,,2025-07-01,"2025-07-05 08:10:18",11173.60,0.00,1,0.00,27,"Ana Pineda",24,OFICINA,,,0,A_ABONO_ACTIVO,2025-07-01,abonos_creditos.fecha_pago,SI,"2025-07-05 08:10:18"
22948,17752,000-001-01-00032701,"SECRETARIA DE SALUD",0.00,0,,2025-07-01,"2025-07-05 08:09:53",63551.14,0.00,1,0.00,27,"Ana Pineda",24,OFICINA,,,0,A_ABONO_ACTIVO,2025-07-01,abonos_creditos.fecha_pago,SI,"2025-07-05 08:09:53"
22949,17753,000-001-01-00032702,"SECRETARIA DE SALUD",0.00,0,,2025-07-01,"2025-07-05 08:09:02",28833.28,0.00,1,0.00,27,"Ana Pineda",24,OFICINA,,,0,A_ABONO_ACTIVO,2025-07-01,abonos_creditos.fecha_pago,SI,"2025-07-05 08:09:02"
24810,17826,000-001-01-00032775,"ADMINISTRACION ADUANERA DE HONDURAS",0.00,0,,2025-07-01,"2025-07-05 08:47:13",526264.20,0.00,1,0.00,30,"Kelyn Barahona",24,OFICINA,,,0,A_ABONO_ACTIVO,2025-07-01,abonos_creditos.fecha_pago,NO,"2025-07-05 08:47:13"
24807,17892,000-001-01-00032839,"SECRETARIA DE DESARROLLO ECONOMICO",0.00,0,,2025-07-01,"2025-07-05 08:41:51",3680.00,0.00,1,0.00,27,"Ana Pineda",24,OFICINA,,,0,A_ABONO_ACTIVO,2025-07-01,abonos_creditos.fecha_pago,SI,"2025-07-05 08:41:51"
23014,17920,000-001-01-00032867,"SECRETARIA DE SALUD",0.00,0,,2025-07-01,"2025-07-05 08:10:46",281867.54,0.00,1,0.00,27,"Ana Pineda",24,OFICINA,,,0,A_ABONO_ACTIVO,2025-07-01,abonos_creditos.fecha_pago,SI,"2025-07-05 08:10:46"
23456,17936,000-001-01-00032883,"SECRETARIA DE AGRICULTURA Y GANADERIA (SAG)",0.00,0,,2025-07-01,"2025-07-05 08:47:49",22216.00,0.00,1,0.00,27,"Ana Pineda",24,OFICINA,,,0,A_ABONO_ACTIVO,2025-07-01,abonos_creditos.fecha_pago,SI,"2025-07-05 08:47:49"
23217,17940,000-001-01-00032887,"SECRETARIA DE ESTADO EN EL DESPACHO DE ENERGIA",0.00,0,,2025-07-01,"2025-07-05 08:42:30",8991.36,0.00,1,0.00,27,"Ana Pineda",24,OFICINA,,,0,A_ABONO_ACTIVO,2025-07-01,abonos_creditos.fecha_pago,SI,"2025-07-05 08:42:30"
23457,17943,000-001-01-00032890,"SECRETARIA DE AGRICULTURA Y GANADERIA (SAG)",0.00,0,,2025-07-01,"2025-07-05 08:40:02",52132.80,0.00,1,0.00,27,"Ana Pineda",24,OFICINA,,,0,A_ABONO_ACTIVO,2025-07-01,abonos_creditos.fecha_pago,SI,"2025-07-05 08:40:02"
23224,18001,000-001-01-00032948,"SECRETARIA DE EDUCACION",0.00,0,,2025-07-01,"2025-07-05 08:14:45",67405.99,0.00,1,0.00,27,"Ana Pineda",24,OFICINA,,,0,A_ABONO_ACTIVO,2025-07-01,abonos_creditos.fecha_pago,SI,"2025-07-05 08:14:45"
24792,18032,000-001-01-00032979,"COMISION NACIONAL DE VIVIENDA Y ASENTAMIENTOS  HUMANOS",0.00,0,,2025-07-01,"2025-07-05 08:23:05",19052.88,0.00,1,0.00,27,"Ana Pineda",24,OFICINA,,,0,A_ABONO_ACTIVO,2025-07-01,abonos_creditos.fecha_pago,SI,"2025-07-05 08:23:05"
24793,18035,000-001-01-00032982,"COMISION NACIONAL DE VIVIENDA Y ASENTAMIENTOS  HUMANOS",0.00,0,,2025-07-01,"2025-07-05 08:41:22",5981.46,0.00,1,0.00,27,"Ana Pineda",24,OFICINA,,,0,A_ABONO_ACTIVO,2025-07-01,abonos_creditos.fecha_pago,SI,"2025-07-05 08:41:22"
24795,18036,000-001-01-00032983,"COMISION NACIONAL SUPERVISORA DE SERVICIOS PUBLICOS (CNSSP)",0.00,0,,2025-07-01,"2025-07-05 08:24:18",4639.26,0.00,1,0.00,30,"Kelyn Barahona",24,OFICINA,,,0,A_ABONO_ACTIVO,2025-07-01,abonos_creditos.fecha_pago,NO,"2025-07-05 08:24:18"
24300,18080,000-001-01-00033027,"SECRETARIA DE DESARROLLO COMUNITARIO, AGUA Y SANEAMIENTO FHIS",0.00,0,,2025-07-01,"2025-07-05 08:31:04",14042.32,0.00,1,0.00,58,"Daniela Torres",36,"Angel Villela",,,0,A_ABONO_ACTIVO,2025-07-01,abonos_creditos.fecha_pago,NO,"2025-07-05 08:31:04"
24144,18178,000-001-01-00033125,"SERVICIO DE ADMINISTRACION DE RENTAS",0.00,0,,2025-07-01,"2025-07-05 08:37:34",1489.86,0.00,1,0.00,27,"Ana Pineda",24,OFICINA,,,0,A_ABONO_ACTIVO,2025-07-01,abonos_creditos.fecha_pago,SI,"2025-07-05 08:37:34"
24087,18219,000-001-01-00033166,"SECRETARIA DE SALUD",0.00,0,,2025-07-01,"2025-07-04 16:56:46",48933.60,0.00,1,0.00,27,"Ana Pineda",24,OFICINA,,,0,A_ABONO_ACTIVO,2025-07-01,abonos_creditos.fecha_pago,SI,"2025-07-04 16:56:46"
24293,18345,000-001-01-00033292,"SECRETARIA DE ESTADO EN EL DESPACHO DE DERECHOS HUMANOS",0.00,0,,2025-07-01,"2025-07-05 08:43:48",34091.50,0.00,1,0.00,64,"Kevin Nuñez",13,"Belinda Lopez",,,0,A_ABONO_ACTIVO,2025-07-01,abonos_creditos.fecha_pago,NO,"2025-07-05 08:43:48"
24310,18368,000-001-01-00033315,"SECRETARIA DE ESTADO EN EL DESPA. PLANIFICACION  ESTRATEGICA",0.00,0,,2025-07-01,"2025-07-05 08:26:07",446.80,0.00,1,0.00,27,"Ana Pineda",24,OFICINA,,,0,A_ABONO_ACTIVO,2025-07-01,abonos_creditos.fecha_pago,SI,"2025-07-05 08:26:07"
24800,18385,000-001-01-00033332,"SECRETARIA DE TRABAJO Y SEGURIDAD SOCIAL",0.00,0,,2025-07-01,"2025-07-05 08:40:35",11271.48,0.00,1,0.00,30,"Kelyn Barahona",24,OFICINA,,,0,A_ABONO_ACTIVO,2025-07-01,abonos_creditos.fecha_pago,NO,"2025-07-05 08:40:35"
24808,18411,000-001-01-00033358,"DIRECCION DEPARTAMENTAL DE EDUCACION DE COPAN",0.00,0,,2025-07-01,"2025-07-05 08:43:13",170322.42,0.00,1,0.00,64,"Kevin Nuñez",14,"Sulay Pineda",,,0,A_ABONO_ACTIVO,2025-07-01,abonos_creditos.fecha_pago,NO,"2026-09-16 16:03:16"
24277,18506,000-001-01-00033453,"SECRETARIA DE GOBERNACION,JUSTICIA Y DESCENTRALIZA",0.00,0,,2025-07-01,"2025-07-05 08:38:19",40059.00,0.00,1,0.00,27,"Ana Pineda",24,OFICINA,,,0,A_ABONO_ACTIVO,2025-07-01,abonos_creditos.fecha_pago,SI,"2025-07-05 08:38:19"
24303,18804,000-001-01-00033748,"DIRECCION DEPARTAMENTAL DE EDUCACION DE FRANCISCO MORAZAN",0.00,0,,2025-07-01,"2025-07-05 08:34:26",43647.46,0.00,1,0.00,30,"Kelyn Barahona",24,OFICINA,,,0,A_ABONO_ACTIVO,2025-07-01,abonos_creditos.fecha_pago,NO,"2025-07-05 08:34:26"
26387,20791,000-001-01-00035730,"SECRETARIA DE EDUCACION",0.00,0,,2025-07-01,"2025-08-27 10:33:58",44395.92,0.00,1,0.00,27,"Ana Pineda",24,OFICINA,,,0,A_ABONO_ACTIVO,2025-07-01,abonos_creditos.fecha_pago,SI,"2025-08-27 10:33:58"
23145,17368,000-001-01-00032329,"INSTITUTO NACIONAL DE CONSERVACION Y DESARROLLO F.",0.00,0,,2025-07-02,"2025-07-08 16:03:38",4321.52,0.00,1,0.00,27,"Ana Pineda",24,OFICINA,,,0,A_ABONO_ACTIVO,2025-07-02,abonos_creditos.fecha_pago,SI,"2025-07-08 16:03:38"
23146,17372,000-001-01-00032333,"INSTITUTO NACIONAL DE CONSERVACION Y DESARROLLO F.",0.00,0,,2025-07-02,"2025-07-08 16:04:38",13535.59,0.00,1,0.01,27,"Ana Pineda",24,OFICINA,,,0,A_ABONO_ACTIVO,2025-07-02,abonos_creditos.fecha_pago,SI,"2025-07-24 11:34:49"
24748,19103,000-001-01-00034042,"INTERAMERICANA  DE SEGUROS S.A",0.00,0,,2025-07-02,"2025-07-04 15:45:09",12476.16,0.00,0,109.44,58,"Daniela Torres",36,"Angel Villela",,,0,A_ABONO_ACTIVO,2025-07-02,abonos_creditos.fecha_pago,NO,"2025-07-04 15:46:01"
24749,19276,000-001-01-00034215,"INTERAMERICANA  DE SEGUROS S.A",0.00,0,,2025-07-02,"2025-07-04 15:44:39",4054.75,0.00,0,35.57,58,"Daniela Torres",36,"Angel Villela",,,0,A_ABONO_ACTIVO,2025-07-02,abonos_creditos.fecha_pago,NO,"2025-07-04 15:46:56"
24963,19469,000-001-01-00034408,"INSTITUTO NACIONAL DE FORMACION PROFESIONAL",0.00,0,,2025-07-02,"2025-07-08 12:36:57",5916.60,0.00,1,0.00,64,"Kevin Nuñez",24,OFICINA,,,0,A_ABONO_ACTIVO,2025-07-02,abonos_creditos.fecha_pago,NO,"2025-07-08 12:36:57"
23363,17389,000-001-01-00032350,"INSTITUTO HONDUREÑO DE TURISMO",0.00,0,,2025-07-07,"2025-07-08 11:09:22",134756.74,0.00,1,0.00,27,"Ana Pineda",24,OFICINA,,,0,A_ABONO_ACTIVO,2025-07-07,abonos_creditos.fecha_pago,SI,"2025-07-08 11:09:22"
23163,18106,000-001-01-00033053,"TRIBUNAL SUPERIOR DE CUENTAS",0.00,0,,2025-07-07,"2025-07-08 15:29:24",15438.40,0.00,1,0.00,58,"Daniela Torres",36,"Angel Villela",,,0,A_ABONO_ACTIVO,2025-07-07,abonos_creditos.fecha_pago,NO,"2025-07-08 15:29:24"
25252,19585,000-001-01-00034524,INPREUNAH,0.00,0,,2025-07-10,"2025-07-16 12:24:22",1834.56,0.00,1,0.00,27,"Ana Pineda",24,OFICINA,,,0,A_ABONO_ACTIVO,2025-07-10,abonos_creditos.fecha_pago,SI,"2025-07-16 12:24:22"
22496,17509,000-001-01-00032467,"SEDENA ,ESTADO MAYOR CONJUNTO C-2",0.00,0,,2025-07-15,"2025-07-16 12:25:59",6793.74,0.00,1,0.00,30,"Kelyn Barahona",24,OFICINA,,,0,A_ABONO_ACTIVO,2025-07-15,abonos_creditos.fecha_pago,NO,"2025-07-16 12:25:59"
24142,18573,000-001-01-00033520,"SEDENA ,ESTADO MAYOR CONJUNTO C-2",0.00,0,,2025-07-15,"2025-07-16 12:26:37",578.80,0.00,1,0.00,30,"Kelyn Barahona",24,OFICINA,,,0,A_ABONO_ACTIVO,2025-07-15,abonos_creditos.fecha_pago,NO,"2025-07-16 12:26:37"
24275,19055,000-001-01-00033994,"INSTITUTO HONDUREÑO DEL TRANSPORTE TERRESTRE",0.00,0,,2025-07-16,"2025-07-18 14:38:11",33432.00,0.00,1,0.00,30,"Kelyn Barahona",24,OFICINA,,,0,A_ABONO_ACTIVO,2025-07-16,abonos_creditos.fecha_pago,NO,"2025-07-18 14:38:11"
22243,17028,000-001-01-00031993,"INSTITUTO NACIONAL PENITENCIARIO",0.00,0,,2025-07-17,"2025-07-18 14:32:26",4488.88,0.00,1,0.00,58,"Daniela Torres",36,"Angel Villela",,,0,A_ABONO_ACTIVO,2025-07-17,abonos_creditos.fecha_pago,NO,"2025-07-18 14:32:26"
22405,17367,000-001-01-00032328,"SECRETARIA DE SALUD",0.00,0,,2025-07-17,"2025-07-18 13:49:51",26729.70,0.00,1,0.00,27,"Ana Pineda",24,OFICINA,,,0,A_ABONO_ACTIVO,2025-07-17,abonos_creditos.fecha_pago,SI,"2025-07-18 13:49:51"
22407,17383,000-001-01-00032344,"SECRETARIA DE SALUD",0.00,0,,2025-07-17,"2025-07-18 13:50:46",158082.10,0.00,1,0.00,27,"Ana Pineda",24,OFICINA,,,0,A_ABONO_ACTIVO,2025-07-17,abonos_creditos.fecha_pago,SI,"2025-07-18 13:50:46"
22958,17517,000-001-01-00032475,"SECRETARIA DE ESTADO EN LOS DESPACHOS DE NIÑEZ, ADOLESCENCIA Y FAMILIA",0.00,0,,2025-07-17,"2025-07-18 12:09:12",16491.90,0.00,1,0.00,64,"Kevin Nuñez",36,"Angel Villela",,,0,A_ABONO_ACTIVO,2025-07-17,abonos_creditos.fecha_pago,NO,"2025-07-18 12:09:12"
22783,17544,000-001-01-00032500,"SECRETARIA DE SALUD",0.00,0,,2025-07-17,"2025-07-18 13:51:15",26833.76,0.00,1,0.00,27,"Ana Pineda",24,OFICINA,,,0,A_ABONO_ACTIVO,2025-07-17,abonos_creditos.fecha_pago,SI,"2025-07-18 13:51:15"
24491,17775,000-001-01-00032724,"INSTITUTO NACIONAL PENITENCIARIO",0.00,0,,2025-07-17,"2025-07-18 14:32:00",715.44,0.00,1,0.00,58,"Daniela Torres",36,"Angel Villela",,,0,A_ABONO_ACTIVO,2025-07-17,abonos_creditos.fecha_pago,NO,"2025-07-18 14:32:00"
23134,18002,000-001-01-00032949,"SECRETARIA DE SALUD",0.00,0,,2025-07-17,"2025-07-18 13:49:12",231825.00,0.00,1,0.00,30,"Kelyn Barahona",24,OFICINA,,,0,A_ABONO_ACTIVO,2025-07-17,abonos_creditos.fecha_pago,NO,"2025-07-18 13:49:12"
23135,18006,000-001-01-00032953,"SECRETARIA DE SALUD",0.00,0,,2025-07-17,"2025-07-18 13:48:10",263715.87,0.00,1,0.00,30,"Kelyn Barahona",24,OFICINA,,,0,A_ABONO_ACTIVO,2025-07-17,abonos_creditos.fecha_pago,NO,"2025-07-18 13:48:10"
23222,18078,000-001-01-00033025,"SECRETARIA DE ESTADO EN LOS  DESPACHO DE LA PRESIDENCIA",0.00,0,,2025-07-17,"2025-07-18 14:36:49",40643.52,0.00,1,0.00,30,"Kelyn Barahona",24,OFICINA,,,0,A_ABONO_ACTIVO,2025-07-17,abonos_creditos.fecha_pago,NO,"2025-07-18 14:36:49"
23218,18139,000-001-01-00033086,"SECRETARIA DE SALUD",0.00,0,,2025-07-17,"2025-07-18 14:00:37",7456.84,0.00,1,0.00,27,"Ana Pineda",24,OFICINA,,,0,A_ABONO_ACTIVO,2025-07-17,abonos_creditos.fecha_pago,SI,"2025-08-18 08:57:59"
24088,18285,000-001-01-00033232,"SECRETARIA DE SALUD",0.00,0,,2025-07-17,"2025-07-18 13:45:51",56788.56,0.00,1,0.00,30,"Kelyn Barahona",24,OFICINA,,,0,A_ABONO_ACTIVO,2025-07-17,abonos_creditos.fecha_pago,NO,"2025-07-18 13:45:51"
24089,18319,000-001-01-00033266,"SECRETARIA DE SALUD",0.00,0,,2025-07-17,"2025-07-18 13:52:20",290962.29,0.00,1,0.00,27,"Ana Pineda",24,OFICINA,,,0,A_ABONO_ACTIVO,2025-07-17,abonos_creditos.fecha_pago,SI,"2025-07-18 13:52:20"
24801,18395,000-001-01-00033342,"SECRETARIA DE TRABAJO Y SEGURIDAD SOCIAL",0.00,0,,2025-07-17,"2025-07-18 13:39:25",19331.20,0.00,1,0.00,27,"Ana Pineda",24,OFICINA,,,0,A_ABONO_ACTIVO,2025-07-17,abonos_creditos.fecha_pago,SI,"2025-07-18 13:39:25"
24091,18640,000-001-01-00033584,"SECRETARIA DE SALUD",0.00,0,,2025-07-17,"2025-07-18 14:01:39",72919.44,0.00,1,0.71,27,"Ana Pineda",24,OFICINA,,,0,A_ABONO_ACTIVO,2025-07-17,abonos_creditos.fecha_pago,SI,"2025-08-18 08:55:15"
24092,18798,000-001-01-00033742,"SECRETARIA DE SALUD",0.00,0,,2025-07-17,"2025-07-18 14:23:51",37205.00,0.00,1,0.00,27,"Ana Pineda",24,OFICINA,,,0,A_ABONO_ACTIVO,2025-07-17,abonos_creditos.fecha_pago,SI,"2025-08-18 08:49:46"
24306,18908,000-001-01-00033848,"DIRECCION DEPARTAMENTAL DE EDUCACION DE FRANCISCO MORAZAN",0.00,0,,2025-07-17,"2025-07-18 14:29:30",92928.00,0.00,1,0.00,30,"Kelyn Barahona",24,OFICINA,,,0,A_ABONO_ACTIVO,2025-07-17,abonos_creditos.fecha_pago,NO,"2025-07-18 14:29:30"
24294,18983,000-001-01-00033922,"SECRETARIA DE AGRICULTURA Y GANADERIA (SAG)",0.00,0,,2025-07-17,"2025-07-18 13:36:34",4903.28,0.00,1,0.00,27,"Ana Pineda",24,OFICINA,,,0,A_ABONO_ACTIVO,2025-07-17,abonos_creditos.fecha_pago,SI,"2025-07-18 13:36:34"
25322,18999,000-001-01-00033938,"SECRETARIA DE TRANSPARENCIA Y LUCHA CONTRA LA CORRUPCIÓN",0.00,0,,2025-07-17,"2025-07-18 12:18:27",2950.74,0.00,1,0.00,27,"Ana Pineda",24,OFICINA,,,0,A_ABONO_ACTIVO,2025-07-17,abonos_creditos.fecha_pago,SI,"2025-07-18 12:18:27"
24802,19002,000-001-01-00033941,"SECRETARIA DE TRABAJO Y SEGURIDAD SOCIAL",0.00,0,,2025-07-17,"2025-07-18 13:38:56",12985.56,0.00,1,0.00,27,"Ana Pineda",24,OFICINA,,,0,A_ABONO_ACTIVO,2025-07-17,abonos_creditos.fecha_pago,SI,"2025-07-18 13:38:56"
24296,19003,000-001-01-00033942,"INSTITUTO DE ACCESO A LA INFORMACIÓN PUBLICA",0.00,0,,2025-07-17,"2025-07-18 14:35:07",444.40,0.00,1,0.00,27,"Ana Pineda",24,OFICINA,,,0,A_ABONO_ACTIVO,2025-07-17,abonos_creditos.fecha_pago,SI,"2025-07-18 14:35:07"
24297,19004,000-001-01-00033943,"INSTITUTO DE ACCESO A LA INFORMACIÓN PUBLICA",0.00,0,,2025-07-17,"2025-07-18 14:35:31",2148.80,0.00,1,0.00,27,"Ana Pineda",24,OFICINA,,,0,A_ABONO_ACTIVO,2025-07-17,abonos_creditos.fecha_pago,SI,"2025-07-18 14:35:31"
24501,19195,000-001-01-00034134,"SECRETARIA DE SALUD",0.00,0,,2025-07-17,"2025-07-18 14:23:17",8186.56,0.00,1,0.00,27,"Ana Pineda",24,OFICINA,,,0,A_ABONO_ACTIVO,2025-07-17,abonos_creditos.fecha_pago,SI,"2025-07-18 14:23:17"
24502,19196,000-001-01-00034135,"SECRETARIA DE SALUD",0.00,0,,2025-07-17,"2025-07-18 14:25:35",34200.72,0.00,1,0.00,27,"Ana Pineda",24,OFICINA,,,0,A_ABONO_ACTIVO,2025-07-17,abonos_creditos.fecha_pago,SI,"2025-07-18 14:25:35"
24503,19198,000-001-01-00034137,"SECRETARIA DE SALUD",0.00,0,,2025-07-17,"2025-07-18 14:24:50",68024.00,0.00,1,0.00,27,"Ana Pineda",24,OFICINA,,,0,A_ABONO_ACTIVO,2025-07-17,abonos_creditos.fecha_pago,SI,"2025-07-18 14:24:50"
24504,19209,000-001-01-00034148,"SECRETARIA DE SALUD",0.00,0,,2025-07-17,"2025-07-18 14:27:07",105466.00,0.00,1,0.00,27,"Ana Pineda",24,OFICINA,,,0,A_ABONO_ACTIVO,2025-07-17,abonos_creditos.fecha_pago,SI,"2025-07-18 14:27:07"
24803,19249,000-001-01-00034188,"SECRETARIA DE TRABAJO Y SEGURIDAD SOCIAL",0.00,0,,2025-07-17,"2025-07-18 13:39:51",36769.44,0.00,1,0.00,27,"Ana Pineda",24,OFICINA,,,0,A_ABONO_ACTIVO,2025-07-17,abonos_creditos.fecha_pago,SI,"2025-07-18 13:39:51"
24804,19251,000-001-01-00034190,"SECRETARIA DE TRABAJO Y SEGURIDAD SOCIAL",0.00,0,,2025-07-17,"2025-07-18 13:37:16",33588.76,0.00,1,0.00,27,"Ana Pineda",24,OFICINA,,,0,A_ABONO_ACTIVO,2025-07-17,abonos_creditos.fecha_pago,SI,"2025-07-18 13:37:16"
25321,19618,000-001-01-00034557,"SECRETARIA DE INFRAESTRUCTURA Y TRANSPORTE",0.00,0,,2025-07-17,"2025-07-18 12:16:55",182420.00,0.00,1,0.00,27,"Ana Pineda",24,OFICINA,,,0,A_ABONO_ACTIVO,2025-07-17,abonos_creditos.fecha_pago,SI,"2025-07-18 12:16:55"
25291,19785,000-001-01-00034724,"COMISION NACIONAL DE VIVIENDA Y ASENTAMIENTOS  HUMANOS",0.00,0,,2025-07-17,"2025-07-18 14:34:32",2233.76,0.00,1,0.00,27,"Ana Pineda",24,OFICINA,,,0,A_ABONO_ACTIVO,2025-07-17,abonos_creditos.fecha_pago,SI,"2025-07-18 14:34:32"
25292,19786,000-001-01-00034725,"COMISION NACIONAL DE VIVIENDA Y ASENTAMIENTOS  HUMANOS",0.00,0,,2025-07-17,"2025-07-18 14:34:07",4646.40,0.00,1,0.00,27,"Ana Pineda",24,OFICINA,,,0,A_ABONO_ACTIVO,2025-07-17,abonos_creditos.fecha_pago,SI,"2025-07-18 14:34:07"
25328,19800,000-001-01-00034739,"SECRETARIA DE GOBERNACION,JUSTICIA Y DESCENTRALIZA",0.00,0,,2025-07-17,"2025-07-18 13:43:26",41187.00,0.00,1,0.00,27,"Ana Pineda",24,OFICINA,,,0,A_ABONO_ACTIVO,2025-07-17,abonos_creditos.fecha_pago,SI,"2025-07-18 13:43:26"
25281,19807,000-001-01-00034746,"SECRETARIA DE ESTADO EN EL DESPACHO DE DERECHOS HUMANOS",0.00,0,,2025-07-17,"2025-07-18 12:22:26",3709.51,0.00,1,0.00,58,"Daniela Torres",13,"Belinda Lopez",,,0,A_ABONO_ACTIVO,2025-07-17,abonos_creditos.fecha_pago,NO,"2025-07-18 12:22:26"
26385,20789,000-001-01-00035728,"SECRETARIA DE EDUCACION",0.00,0,,2025-07-17,"2025-08-27 10:29:07",24882.00,0.00,1,0.00,27,"Ana Pineda",24,OFICINA,,,0,A_ABONO_ACTIVO,2025-07-17,abonos_creditos.fecha_pago,SI,"2025-08-27 10:29:07"
26386,20790,000-001-01-00035729,"SECRETARIA DE EDUCACION",0.00,0,,2025-07-17,"2025-08-27 10:26:51",22660.80,0.00,1,0.00,27,"Ana Pineda",24,OFICINA,,,0,A_ABONO_ACTIVO,2025-07-17,abonos_creditos.fecha_pago,SI,"2025-08-27 10:26:51"
26388,20792,000-001-01-00035731,"SECRETARIA DE EDUCACION",0.00,0,,2025-07-17,"2025-08-27 10:15:24",113861.32,0.00,1,0.00,27,"Ana Pineda",24,OFICINA,,,0,A_ABONO_ACTIVO,2025-07-17,abonos_creditos.fecha_pago,SI,"2025-08-27 10:15:24"
26389,20795,000-001-01-00035734,"SECRETARIA DE EDUCACION",0.00,0,,2025-07-17,"2025-08-27 10:30:52",20390.00,0.00,1,0.00,27,"Ana Pineda",24,OFICINA,,,0,A_ABONO_ACTIVO,2025-07-17,abonos_creditos.fecha_pago,SI,"2025-08-27 10:30:52"
22358,17265,000-001-01-00032226,"OFFICE COMPUTERS S. DE R.L",0.00,0,,2025-07-21,"2025-07-23 14:10:56",778268.00,0.00,0,1800.00,27,"Ana Pineda",24,OFICINA,,,0,A_ABONO_ACTIVO,2025-07-21,abonos_creditos.fecha_pago,SI,"2025-11-17 10:09:03"
25663,18504,000-001-01-00033451,"UNIDAD MUNICIPAL DE AGUA POTABLE Y SANEAMIENTO DEL DISTRITO CENTRAL(UMAPS)",0.00,0,,2025-07-23,"2025-07-24 11:54:08",5469.20,0.00,1,0.00,27,"Ana Pineda",24,OFICINA,,,0,A_ABONO_ACTIVO,2025-07-23,abonos_creditos.fecha_pago,SI,"2025-07-24 11:54:08"
24228,18505,000-001-01-00033452,"PROCURADURIA GENERAL DE LA REPUBLICA",0.00,0,,2025-07-23,"2025-07-24 11:14:57",1999.44,0.00,1,0.00,27,"Ana Pineda",24,OFICINA,,,0,A_ABONO_ACTIVO,2025-07-23,abonos_creditos.fecha_pago,SI,"2025-07-24 11:14:57"
25664,18650,000-001-01-00033594,"UNIDAD MUNICIPAL DE AGUA POTABLE Y SANEAMIENTO DEL DISTRITO CENTRAL(UMAPS)",0.00,0,,2025-07-23,"2025-07-24 11:55:33",2944.00,0.00,1,0.00,27,"Ana Pineda",24,OFICINA,,,0,A_ABONO_ACTIVO,2025-07-23,abonos_creditos.fecha_pago,SI,"2025-07-24 11:55:33"
24229,18799,000-001-01-00033743,"PROCURADURIA GENERAL DE LA REPUBLICA",0.00,0,,2025-07-23,"2025-07-24 11:16:10",16220.00,0.00,1,0.00,27,"Ana Pineda",24,OFICINA,,,0,A_ABONO_ACTIVO,2025-07-23,abonos_creditos.fecha_pago,SI,"2025-07-24 11:16:10"
25074,19735,000-001-01-00034674,"INSTITUTO NACIONAL DE FORMACION PROFESIONAL",0.00,0,,2025-07-23,"2025-08-04 16:30:34",21334.00,0.00,1,0.00,27,"Ana Pineda",24,OFICINA,,,0,A_ABONO_ACTIVO,2025-07-23,abonos_creditos.fecha_pago,SI,"2025-08-04 16:30:34"
24260,18794,000-001-01-00033738,"MINISTERIO PUBLICO",0.00,0,,2025-07-25,"2025-07-26 11:08:46",1247.20,0.00,1,0.00,58,"Daniela Torres",13,"Belinda Lopez",,,0,A_ABONO_ACTIVO,2025-07-25,abonos_creditos.fecha_pago,NO,"2025-07-26 11:08:46"
25677,20178,000-001-01-00035117,"BANCO ATLANTIDA",0.00,0,,2025-07-30,"2025-08-04 16:02:13",70041.60,0.00,0,614.40,58,"Daniela Torres",36,"Angel Villela",,,0,A_ABONO_ACTIVO,2025-07-30,abonos_creditos.fecha_pago,NO,"2025-09-03 10:46:31"
24141,17584,000-001-01-00032540,"SEDENA ,ESTADO MAYOR CONJUNTO C-2",0.00,0,,2025-08-01,"2025-08-06 15:45:01",333852.18,0.00,1,0.00,30,"Kelyn Barahona",24,OFICINA,,,0,A_ABONO_ACTIVO,2025-08-01,abonos_creditos.fecha_pago,NO,"2025-08-06 15:45:01"
12661,10958,000-001-01-00026198,"DESARROLLOS INMOBILIARIOS  CASCADAS DE HONDURAS SA DE C.V",0.00,0,,,,0.00,0.00,0,24598.50,57,"Josue Cerritos",36,"Angel Villela",,,0,B_OTRO_REDUCTOR,2025-08-04,otros_movimientos.created_at,NO,"2025-08-04 09:51:43"
23583,18447,000-001-01-00033394,"MINISTERIO PUBLICO",0.00,0,,2025-08-04,"2025-08-06 15:58:06",98092.80,0.00,1,0.00,58,"Daniela Torres",13,"Belinda Lopez",,,0,A_ABONO_ACTIVO,2025-08-04,abonos_creditos.fecha_pago,NO,"2025-08-06 15:58:06"
26102,20370,000-001-01-00035309,INPREUNAH,0.00,0,,2025-08-04,"2025-08-06 15:51:34",2218.68,0.00,1,0.00,27,"Ana Pineda",24,OFICINA,,,0,A_ABONO_ACTIVO,2025-08-04,abonos_creditos.fecha_pago,SI,"2025-08-06 15:51:34"
27723,21924,000-001-01-00036852,"BANCO DE OCCIDENTE S.A",0.00,0,,2025-08-05,"2026-03-10 09:54:36",229673.40,0.00,0,0.00,58,"Daniela Torres",13,"Belinda Lopez",,,0,A_ABONO_ACTIVO,2025-08-05,abonos_creditos.fecha_pago,NO,"2026-03-10 09:54:36"
26260,20365,000-001-01-00035304,"PROGRAMA DE LA RED SOLIDARIA",0.00,0,,2025-08-06,"2025-08-12 14:38:02",21465.24,0.00,1,0.00,30,"Kelyn Barahona",24,OFICINA,,,0,A_ABONO_ACTIVO,2025-08-06,abonos_creditos.fecha_pago,NO,"2025-08-12 14:38:02"
25149,19162,000-001-01-00034101,"HOSPITAL MILITAR",0.00,0,,2025-08-07,"2025-08-12 14:03:23",127791.05,0.00,1,0.00,58,"Daniela Torres",36,"Angel Villela",,,0,A_ABONO_ACTIVO,2025-08-07,abonos_creditos.fecha_pago,NO,"2025-08-12 14:03:23"
24013,18895,000-001-01-00033835,"INSTITUTO NACIONAL DE CONSERVACION Y DESARROLLO F.",0.00,0,,2025-08-08,"2025-08-12 14:32:50",176050.90,0.00,1,0.02,27,"Ana Pineda",24,OFICINA,,,0,A_ABONO_ACTIVO,2025-08-08,abonos_creditos.fecha_pago,SI,"2026-07-31 11:19:51"
26304,20786,000-001-01-00035725,"HELADOS  Y MAS",0.00,0,,2025-08-12,"2025-08-13 12:58:24",900.00,225.00,0,0.00,27,"Ana Pineda",115,"Erling Peralta",,,0,A_ABONO_ACTIVO,2025-08-12,abonos_creditos.fecha_pago,SI,"2025-08-13 12:58:24"
26238,19868,000-001-01-00034807,"HOSPITAL MILITAR",0.00,0,,2025-08-14,"2025-08-15 12:01:36",31711.32,0.00,1,0.00,58,"Daniela Torres",36,"Angel Villela",,,0,A_ABONO_ACTIVO,2025-08-14,abonos_creditos.fecha_pago,NO,"2025-08-15 12:01:36"
24090,18330,000-001-01-00033277,"SECRETARIA DE SALUD",0.00,0,,2025-08-18,"2025-08-19 09:26:27",121127.00,0.00,1,0.00,27,"Ana Pineda",24,OFICINA,,,0,A_ABONO_ACTIVO,2025-08-18,abonos_creditos.fecha_pago,SI,"2025-08-19 09:26:27"
25440,19213,000-001-01-00034152,"REGISTRO NACIONAL DE LAS PERSONAS",0.00,0,,2025-08-18,"2025-08-19 09:42:21",7742.87,0.00,0,0.01,58,"Daniela Torres",36,"Angel Villela",,,0,A_ABONO_ACTIVO,2025-08-18,abonos_creditos.fecha_pago,NO,"2026-08-21 10:02:54"
24684,19415,000-001-01-00034354,"INSTITUTO NACIONAL DE CONSERVACION Y DESARROLLO F.",0.00,0,,2025-08-18,"2025-08-19 09:21:37",66272.40,0.00,1,0.00,27,"Ana Pineda",24,OFICINA,,,0,A_ABONO_ACTIVO,2025-08-18,abonos_creditos.fecha_pago,SI,"2025-08-19 09:21:37"
25332,19723,000-001-01-00034662,"INSTITUTO NACIONAL PENITENCIARIO",0.00,0,,2025-08-18,"2025-08-19 10:22:48",1340.56,0.00,1,0.00,58,"Daniela Torres",36,"Angel Villela",,,0,A_ABONO_ACTIVO,2025-08-18,abonos_creditos.fecha_pago,NO,"2025-08-19 10:22:48"
25333,19727,000-001-01-00034666,"INSTITUTO NACIONAL PENITENCIARIO",0.00,0,,2025-08-18,"2025-08-19 10:22:15",135580.00,0.00,1,0.00,58,"Daniela Torres",36,"Angel Villela",,,0,A_ABONO_ACTIVO,2025-08-18,abonos_creditos.fecha_pago,NO,"2025-08-19 10:22:15"
25334,19738,000-001-01-00034677,"INSTITUTO NACIONAL PENITENCIARIO",0.00,0,,2025-08-18,"2025-08-19 10:21:39",32344.96,0.00,1,0.00,58,"Daniela Torres",36,"Angel Villela",,,0,A_ABONO_ACTIVO,2025-08-18,abonos_creditos.fecha_pago,NO,"2025-08-19 10:21:39"
26479,19752,000-001-01-00034691,"DIRECCION DEPARTAMENTAL DE EDUCACION DE LA PAZ",0.00,0,,2025-08-18,"2025-08-19 09:32:44",7518.46,0.00,1,0.00,27,"Ana Pineda",24,OFICINA,,,0,A_ABONO_ACTIVO,2025-08-18,abonos_creditos.fecha_pago,SI,"2025-08-19 09:32:44"
25280,19797,000-001-01-00034736,"SECRETARIA DE TRABAJO Y SEGURIDAD SOCIAL",0.00,0,,2025-08-18,"2025-08-19 09:35:47",143600.62,0.00,1,0.00,27,"Ana Pineda",24,OFICINA,,,0,A_ABONO_ACTIVO,2025-08-18,abonos_creditos.fecha_pago,SI,"2025-08-19 09:35:47"
25325,20046,000-001-01-00034985,"SECRETARIA DE TRABAJO Y SEGURIDAD SOCIAL",0.00,0,,2025-08-18,"2025-08-19 09:34:53",16432.28,0.00,1,0.00,27,"Ana Pineda",24,OFICINA,,,0,A_ABONO_ACTIVO,2025-08-18,abonos_creditos.fecha_pago,SI,"2025-08-19 09:34:53"
25326,20048,000-001-01-00034987,"SECRETARIA DE TRABAJO Y SEGURIDAD SOCIAL",0.00,0,,2025-08-18,"2025-08-19 09:34:18",2407.78,0.00,1,0.00,27,"Ana Pineda",24,OFICINA,,,0,A_ABONO_ACTIVO,2025-08-18,abonos_creditos.fecha_pago,SI,"2025-08-19 09:34:18"
25656,20180,000-001-01-00035119,"SECRETARIA DE GOBERNACION,JUSTICIA Y DESCENTRALIZA",0.00,0,,2025-08-18,"2025-08-19 10:24:27",23232.00,0.00,1,0.00,27,"Ana Pineda",24,OFICINA,,,0,A_ABONO_ACTIVO,2025-08-18,abonos_creditos.fecha_pago,SI,"2025-08-19 10:24:27"
25657,20181,000-001-01-00035120,"SECRETARIA DE GOBERNACION,JUSTICIA Y DESCENTRALIZA",0.00,0,,2025-08-18,"2025-08-19 10:23:29",5461.60,0.00,1,0.00,27,"Ana Pineda",24,OFICINA,,,0,A_ABONO_ACTIVO,2025-08-18,abonos_creditos.fecha_pago,SI,"2025-08-19 10:23:29"
26480,20473,000-001-01-00035412,"DIRECCION DEPARTAMENTAL DE EDUCACION DE COPAN",0.00,0,,2025-08-18,"2025-08-19 09:33:44",23558.79,0.00,1,0.07,64,"Kevin Nuñez",14,"Sulay Pineda",,,0,A_ABONO_ACTIVO,2025-08-18,abonos_creditos.fecha_pago,NO,"2026-09-16 16:02:15"
26293,20568,000-001-01-00035507,"DIRECCION DEPARTAMENTAL DE EDUCACION DE FRANCISCO MORAZAN",0.00,0,,2025-08-18,"2025-08-19 09:18:57",17776.00,0.00,1,0.00,30,"Kelyn Barahona",24,OFICINA,,,0,A_ABONO_ACTIVO,2025-08-18,abonos_creditos.fecha_pago,NO,"2025-08-19 09:18:57"
26497,20740,000-001-01-00035679,"COMISION NACIONAL SUPERVISORA DE SERVICIOS PUBLICOS (CNSSP)",0.00,0,,2025-08-18,"2025-08-19 10:26:56",14558.72,0.00,1,0.00,27,"Ana Pineda",24,OFICINA,,,0,A_ABONO_ACTIVO,2025-08-18,abonos_creditos.fecha_pago,SI,"2025-08-19 10:26:56"
24282,19016,000-001-01-00033955,"ALCALDIA MUNICIPAL DEL DISTRITO CENTRAL",0.00,0,,2025-08-23,"2025-08-25 13:59:41",138115.68,0.00,1,0.00,58,"Daniela Torres",36,"Angel Villela",,,0,A_ABONO_ACTIVO,2025-08-23,abonos_creditos.fecha_pago,NO,"2025-08-25 13:59:41"
23114,15789,000-001-01-00030765,"EMPRESA NACIONAL DE ARTES GRAFICAS",0.00,0,,2025-08-27,"2025-08-28 11:27:20",13056.00,0.00,1,0.00,27,"Ana Pineda",24,OFICINA,,,0,A_ABONO_ACTIVO,2025-08-27,abonos_creditos.fecha_pago,SI,"2025-08-28 11:27:20"
23115,15821,000-001-01-00030797,"EMPRESA NACIONAL DE ARTES GRAFICAS",0.00,0,,2025-08-27,"2025-08-28 11:27:52",32660.40,0.00,1,0.00,27,"Ana Pineda",24,OFICINA,,,0,A_ABONO_ACTIVO,2025-08-27,abonos_creditos.fecha_pago,SI,"2025-08-28 11:27:52"
27182,21351,000-001-01-00036287,"ENTE REGULADOR DE SERVICIOS DE AGUA POTABLE Y SANEAMIENTO",0.00,0,,2025-09-04,"2025-09-22 14:47:43",7744.00,0.00,1,0.00,27,"Ana Pineda",24,OFICINA,,,0,A_ABONO_ACTIVO,2025-09-04,abonos_creditos.fecha_pago,SI,"2025-09-22 14:47:43"
20442,15610,000-001-01-00030588,"PAPELERIA LA PROFE",0.00,0,,2025-09-10,"2025-09-23 10:02:28",655500.00,0.00,0,117300.00,64,"Kevin Nuñez",14,"Sulay Pineda",,,0,A_ABONO_ACTIVO,2025-09-10,abonos_creditos.fecha_pago,NO,"2026-02-05 15:29:48"
24643,19239,000-001-01-00034178,"SEDENA ,ESTADO MAYOR CONJUNTO C-2",0.00,0,,2025-09-10,"2025-09-26 10:40:53",27521.40,0.00,1,0.00,27,"Ana Pineda",24,OFICINA,,,0,A_ABONO_ACTIVO,2025-09-10,abonos_creditos.fecha_pago,SI,"2025-09-26 10:40:53"
25015,19468,000-001-01-00034407,"TRIBUNAL SUPERIOR DE CUENTAS",0.00,0,,2025-09-10,"2025-09-20 10:41:42",16388.20,0.00,1,0.00,58,"Daniela Torres",36,"Angel Villela",,,0,A_ABONO_ACTIVO,2025-09-10,abonos_creditos.fecha_pago,NO,"2025-09-20 10:41:42"
27240,21391,000-001-01-00036327,"SECRETARIA DE ESTADO EN EL DESPACHO DE DERECHOS HUMANOS",0.00,0,,2025-09-10,"2025-09-23 13:36:43",86299.12,0.00,1,0.00,58,"Daniela Torres",13,"Belinda Lopez",,,0,A_ABONO_ACTIVO,2025-09-10,abonos_creditos.fecha_pago,NO,"2025-09-23 13:36:43"
25027,19715,000-001-01-00034654,"DISTRIBUCIONES Y REPRESENTACIONES GENERALES S. DE R.L. DE C.V. DIRGEN",0.00,0,,2025-09-11,"2025-09-23 12:16:13",13661.37,0.00,0,627.83,27,"Ana Pineda",115,"Erling Peralta",,,0,A_ABONO_ACTIVO,2025-09-11,abonos_creditos.fecha_pago,SI,"2025-11-17 11:43:20"
27159,21043,000-001-01-00035981,"SECRETARIA DE DEFENSA NACIONAL",0.00,0,,2025-09-12,"2025-09-20 10:17:17",2145.95,0.00,1,0.00,27,"Ana Pineda",24,OFICINA,,,0,A_ABONO_ACTIVO,2025-09-12,abonos_creditos.fecha_pago,SI,"2025-09-20 10:17:17"
28577,22565,000-001-01-00037493,"DIRECCION DEPARTAMENTAL DE EDUCACION DE COMAYAGUA",0.00,0,,2025-09-17,"2025-10-31 15:13:37",512.77,0.00,1,0.00,30,"Kelyn Barahona",24,OFICINA,,,0,A_ABONO_ACTIVO,2025-09-17,abonos_creditos.fecha_pago,NO,"2025-10-31 15:13:37"
27243,20963,000-001-01-00035901,"HOSPITAL MILITAR",0.00,0,,2025-09-19,"2025-09-23 14:10:21",26097.28,0.00,1,0.00,58,"Daniela Torres",36,"Angel Villela",,,0,A_ABONO_ACTIVO,2025-09-19,abonos_creditos.fecha_pago,NO,"2025-09-23 14:10:21"
23466,18431,000-001-01-00033378,"OFFICE COMPUTERS S. DE R.L",0.00,0,,2025-09-26,"2025-10-07 14:01:03",761432.00,0.00,0,1800.00,30,"Kelyn Barahona",24,OFICINA,,,0,A_ABONO_ACTIVO,2025-09-26,abonos_creditos.fecha_pago,NO,"2025-11-17 10:17:14"
26766,20692,000-001-01-00035631,HONDUTEL,0.00,0,,2025-09-30,"2025-10-08 11:58:42",3280.85,0.00,1,0.00,30,"Kelyn Barahona",24,OFICINA,,,0,A_ABONO_ACTIVO,2025-09-30,abonos_creditos.fecha_pago,NO,"2025-10-08 11:58:42"
26963,21061,000-001-01-00035997,"LIBRERIA JULIO VERNE",0.00,0,,2025-10-01,"2025-10-09 10:30:22",786.59,0.00,0,4733.41,30,"Kelyn Barahona",4,"Roy Zelaya",,,0,A_ABONO_ACTIVO,2025-10-01,abonos_creditos.fecha_pago,NO,"2026-01-23 15:03:46"
27733,20812,000-001-01-00035751,"INSTITUTO DE LA PROPIEDAD",0.00,0,,2025-10-09,"2025-10-10 15:21:55",22946.00,0.00,1,0.00,27,"Ana Pineda",24,OFICINA,,,0,A_ABONO_ACTIVO,2025-10-09,abonos_creditos.fecha_pago,SI,"2025-10-10 15:21:55"
28186,21628,000-001-01-00036556,"BANCO NACIONAL DE DESARROLLO AGRICOLA",0.00,0,,2025-10-16,"2025-10-23 09:39:04",319040.00,0.00,1,0.00,27,"Ana Pineda",24,OFICINA,,,0,A_ABONO_ACTIVO,2025-10-16,abonos_creditos.fecha_pago,SI,"2025-10-23 09:39:04"
27950,21657,000-001-01-00036585,"SECRETARIA DE AGRICULTURA Y GANADERIA (SAG)",0.00,0,,2025-10-17,"2025-10-20 08:43:29",92928.00,0.00,1,0.00,27,"Ana Pineda",24,OFICINA,,,0,A_ABONO_ACTIVO,2025-10-17,abonos_creditos.fecha_pago,SI,"2025-10-20 08:43:29"
27951,21658,000-001-01-00036586,"SECRETARIA DE AGRICULTURA Y GANADERIA (SAG)",0.00,0,,2025-10-17,"2025-10-20 08:42:17",25158.10,0.00,1,0.00,27,"Ana Pineda",24,OFICINA,,,0,A_ABONO_ACTIVO,2025-10-17,abonos_creditos.fecha_pago,SI,"2025-10-20 08:42:17"
26655,21076,000-001-01-00036012,"ALCALDIA MUNICIPAL DEL DISTRITO CENTRAL",0.00,0,,2025-10-22,"2025-10-24 13:51:59",49652.96,0.00,1,0.00,58,"Daniela Torres",36,"Angel Villela",,,0,A_ABONO_ACTIVO,2025-10-22,abonos_creditos.fecha_pago,NO,"2025-10-24 13:51:59"
27734,20817,000-001-01-00035756,"INSTITUTO DE LA PROPIEDAD",0.00,0,,2025-10-23,"2025-10-27 11:48:50",242892.23,0.00,1,0.01,27,"Ana Pineda",24,OFICINA,,,0,A_ABONO_ACTIVO,2025-10-23,abonos_creditos.fecha_pago,SI,"2025-11-25 10:24:19"
27735,21263,000-001-01-00036199,"INSTITUTO DE LA PROPIEDAD",0.00,0,,2025-10-23,"2025-10-27 11:50:15",96774.40,0.00,1,0.00,27,"Ana Pineda",24,OFICINA,,,0,A_ABONO_ACTIVO,2025-10-23,abonos_creditos.fecha_pago,SI,"2025-10-27 11:50:15"
28399,22416,000-001-01-00037344,"LAPICES Y MAS",0.00,0,,2025-10-24,"2025-10-27 16:42:27",8806.89,700.16,0,0.00,27,"Ana Pineda",115,"Erling Peralta",,,0,A_ABONO_ACTIVO,2025-10-24,abonos_creditos.fecha_pago,SI,"2025-11-13 16:15:22"
24770,19374,000-001-01-00034313,"OFFICE COMPUTERS S. DE R.L",0.00,0,,2025-11-03,"2025-11-04 13:41:21",714696.00,0.00,0,1800.00,58,"Daniela Torres",24,OFICINA,,,0,A_ABONO_ACTIVO,2025-11-03,abonos_creditos.fecha_pago,NO,"2025-11-17 10:29:59"
27559,22040,000-001-01-00036968,"MINISTERIO PUBLICO",0.00,0,,2025-11-05,"2025-11-08 08:43:06",123660.00,0.00,1,0.00,58,"Daniela Torres",13,"Belinda Lopez",,,0,A_ABONO_ACTIVO,2025-11-05,abonos_creditos.fecha_pago,NO,"2025-11-08 08:43:06"
27334,21520,000-001-01-00036455,"SEDENA ,ESTADO MAYOR CONJUNTO C-2",0.00,0,,2025-11-12,"2025-11-13 09:44:40",14154.72,0.00,1,0.00,30,"Kelyn Barahona",24,OFICINA,,,0,A_ABONO_ACTIVO,2025-11-12,abonos_creditos.fecha_pago,NO,"2025-11-13 09:44:40"
29011,22750,000-001-01-00037678,"TRIBUNAL SUPERIOR DE CUENTAS",0.00,0,,2025-11-12,"2025-11-13 09:48:48",14358.00,0.00,1,0.00,58,"Daniela Torres",36,"Angel Villela",,,0,A_ABONO_ACTIVO,2025-11-12,abonos_creditos.fecha_pago,NO,"2025-11-13 09:48:48"
27335,21440,000-001-01-00036376,"MINISTERIO PUBLICO",0.00,0,,,,0.00,0.00,0,229253.20,58,"Daniela Torres",13,"Belinda Lopez",,,0,B_OTRO_REDUCTOR,2025-11-17,otros_movimientos.created_at,NO,"2025-11-17 11:58:54"
29084,22812,000-001-01-00037740,"SECRETARIA DE AGRICULTURA Y GANADERIA (SAG)",0.00,0,,2025-11-17,"2025-11-18 09:39:10",34720.00,0.00,1,0.00,58,"Daniela Torres",24,OFICINA,,,0,A_ABONO_ACTIVO,2025-11-17,abonos_creditos.fecha_pago,NO,"2025-11-18 09:39:10"
28724,22355,000-001-01-00037283,"MINISTERIO PUBLICO",0.00,0,,2025-11-24,"2025-12-01 13:22:08",169824.00,0.00,1,0.00,64,"Kevin Nuñez",13,"Belinda Lopez",,,0,A_ABONO_ACTIVO,2025-11-24,abonos_creditos.fecha_pago,NO,"2025-12-01 13:22:08"
29450,22607,000-001-01-00037535,"PROCURADURIA GENERAL DE LA REPUBLICA",0.00,0,,2025-11-26,"2025-12-01 13:33:05",20827.48,0.00,1,0.00,27,"Ana Pineda",24,OFICINA,,,0,A_ABONO_ACTIVO,2025-11-26,abonos_creditos.fecha_pago,SI,"2025-12-01 13:33:05"
29452,22625,000-001-01-00037553,"PROCURADURIA GENERAL DE LA REPUBLICA",0.00,0,,2025-11-26,"2025-12-01 13:32:37",8110.00,0.00,1,0.00,27,"Ana Pineda",24,OFICINA,,,0,A_ABONO_ACTIVO,2025-11-26,abonos_creditos.fecha_pago,SI,"2025-12-01 13:32:37"
27736,21495,000-001-01-00036430,"INSTITUTO DE LA PROPIEDAD",0.00,0,,2025-11-29,"2025-12-01 14:58:42",1636.00,0.00,1,0.00,27,"Ana Pineda",24,OFICINA,,,0,A_ABONO_ACTIVO,2025-11-29,abonos_creditos.fecha_pago,SI,"2025-12-01 14:58:42"
18780,13867,000-001-01-00028889,"INVERSIONES TECNOLOGICAS CORPORATIVAS S. de R.L",0.00,0,,2025-12-07,"2025-01-07 13:23:45",12475.20,0.00,0,427.80,27,"Ana Pineda",115,"Erling Peralta",,,0,A_ABONO_ACTIVO,2025-12-07,abonos_creditos.fecha_pago,SI,"2025-02-13 15:46:27"
28878,23000,000-001-01-00037928,"UNION COMERCIAL DE HONDURAS S.A DE C.V.",0.00,0,,2025-12-12,"2026-03-11 11:57:31",57549.40,0.00,0,0.00,30,"Kelyn Barahona",24,OFICINA,,,0,A_ABONO_ACTIVO,2025-12-12,abonos_creditos.fecha_pago,NO,"2026-03-11 11:57:31"
27834,21662,000-001-01-00036590,"COMISION NACIONAL DE BANCOS Y SEGUROS",0.00,0,,2025-12-13,"2025-12-15 09:23:47",1747.00,0.00,1,0.00,58,"Daniela Torres",36,"Angel Villela",,,0,A_ABONO_ACTIVO,2025-12-13,abonos_creditos.fecha_pago,NO,"2025-12-15 09:23:47"
29446,23191,000-001-01-00038119,"MINISTERIO PUBLICO",0.00,0,,2025-12-15,"2025-12-26 15:08:06",203908.00,0.00,1,0.00,58,"Daniela Torres",13,"Belinda Lopez",,,0,A_ABONO_ACTIVO,2025-12-15,abonos_creditos.fecha_pago,NO,"2025-12-26 15:08:06"
29454,23255,000-001-01-00038183,"PROCURADURIA GENERAL DE LA REPUBLICA",0.00,0,,2025-12-17,"2025-12-18 09:38:24",26842.96,0.00,1,0.00,27,"Ana Pineda",24,OFICINA,,,0,A_ABONO_ACTIVO,2025-12-17,abonos_creditos.fecha_pago,SI,"2025-12-18 09:38:24"
29510,23020,000-001-01-00037948,"BANCO CENTRAL DE HONDURAS",0.00,0,,2025-12-18,"2025-12-26 15:07:29",2846.60,0.00,1,0.00,64,"Kevin Nuñez",36,"Angel Villela",,,0,A_ABONO_ACTIVO,2025-12-18,abonos_creditos.fecha_pago,NO,"2025-12-26 15:07:29"
30095,23537,000-001-01-00038465,"BANCO CENTRAL DE HONDURAS",0.00,0,,2025-12-18,"2025-12-26 15:06:54",229157.40,0.00,1,0.00,27,"Ana Pineda",36,"Angel Villela",,,0,A_ABONO_ACTIVO,2025-12-18,abonos_creditos.fecha_pago,SI,"2025-12-26 15:06:54"
30110,23863,000-001-01-00038791,"QUIMICOS DYD",0.00,0,,2025-12-19,"2025-12-27 09:45:23",32843.00,247.76,0,0.00,30,"Kelyn Barahona",87,"Mauricio Zavala",,,0,A_ABONO_ACTIVO,2025-12-19,abonos_creditos.fecha_pago,NO,"2026-01-08 11:12:05"
19849,14553,000-001-01-00029533,"INSTITUTO NACIONAL DE ESTADISTICA",0.00,0,,2025-12-23,"2025-01-30 15:10:05",19667.20,0.00,1,0.00,27,"Ana Pineda",24,OFICINA,,,0,A_ABONO_ACTIVO,2025-12-23,abonos_creditos.fecha_pago,SI,"2025-01-30 15:10:05"
26583,20816,000-001-01-00035755,"DESARROLLOS INMOBILIARIOS  CASCADAS DE HONDURAS SA DE C.V",0.00,0,,,,0.00,21816.43,0,0.00,58,"Daniela Torres",36,"Angel Villela",,,0,B_OTRO_REDUCTOR,2026-01-12,aplicacion_pagos.updated_at,NO,"2026-01-12 08:43:20"
29038,23097,000-001-01-00038025,"MINISTERIO PUBLICO",0.00,0,,2026-01-15,"2026-02-03 11:15:41",44620.40,0.00,1,0.00,58,"Daniela Torres",13,"Belinda Lopez",,,0,A_ABONO_ACTIVO,2026-01-15,abonos_creditos.fecha_pago,NO,"2026-02-03 11:15:41"
29530,23472,000-001-01-00038400,"MINISTERIO PUBLICO",0.00,0,,2026-01-21,"2026-02-03 11:31:35",74940.00,0.00,1,0.00,27,"Ana Pineda",13,"Belinda Lopez",,,0,A_ABONO_ACTIVO,2026-01-21,abonos_creditos.fecha_pago,SI,"2026-02-03 11:31:35"
29531,23474,000-001-01-00038402,"MINISTERIO PUBLICO",0.00,0,,2026-01-21,"2026-02-03 11:34:03",47446.20,0.00,1,0.00,27,"Ana Pineda",13,"Belinda Lopez",,,0,A_ABONO_ACTIVO,2026-01-21,abonos_creditos.fecha_pago,SI,"2026-02-03 11:34:03"
30097,23608,000-001-01-00038536,"MINISTERIO PUBLICO",0.00,0,,2026-01-23,"2026-02-03 11:44:33",51009.40,0.00,1,0.00,57,"Josue Cerritos",13,"Belinda Lopez",,,0,A_ABONO_ACTIVO,2026-01-23,abonos_creditos.fecha_pago,NO,"2026-02-03 11:44:33"
28686,22649,000-001-01-00037577,"PAPELERIA HONDURAS",0.00,0,,2026-01-26,"2026-03-09 11:15:47",19550.00,0.00,0,0.00,30,"Kelyn Barahona",24,OFICINA,,,0,A_ABONO_ACTIVO,2026-01-26,abonos_creditos.fecha_pago,NO,"2026-03-09 11:15:47"
28746,22951,000-001-01-00037879,"PAPELERIA HONDURAS",0.00,0,,2026-01-26,"2026-03-09 11:14:34",41852.18,0.00,0,0.00,30,"Kelyn Barahona",24,OFICINA,,,0,A_ABONO_ACTIVO,2026-01-26,abonos_creditos.fecha_pago,NO,"2026-03-09 11:14:34"
29220,23273,000-001-01-00038201,"PAPELERIA HONDURAS",0.00,0,,2026-01-26,"2026-03-09 11:18:37",27025.00,0.00,0,0.00,30,"Kelyn Barahona",24,OFICINA,,,0,A_ABONO_ACTIVO,2026-01-26,abonos_creditos.fecha_pago,NO,"2026-03-09 11:18:37"
29480,23355,000-001-01-00038283,"PAPELERIA HONDURAS",0.00,0,,2026-01-26,"2026-03-09 11:19:23",862.51,0.00,0,0.00,89,"Jonathan Lopez",24,OFICINA,,,0,A_ABONO_ACTIVO,2026-01-26,abonos_creditos.fecha_pago,NO,"2026-03-09 11:19:23"
30726,24511,000-001-01-00039437,"PAPELERIA PRINT",0.00,0,,2026-01-28,"2026-02-02 18:42:54",355.48,179.47,0,0.00,98,"Yimmy Funes",65,"Jessy Alvarado",,,0,A_ABONO_ACTIVO,2026-01-28,abonos_creditos.fecha_pago,NO,"2026-02-02 18:42:54"
28569,22784,000-001-01-00037712,"DISTRIBUCIONES Y REPRESENTACIONES GENERALES S. DE R.L. DE C.V. DIRGEN",0.00,0,,2026-02-05,"2026-03-10 12:03:27",1725.00,0.00,0,0.00,27,"Ana Pineda",115,"Erling Peralta",,,0,A_ABONO_ACTIVO,2026-02-05,abonos_creditos.fecha_pago,SI,"2026-03-10 12:03:27"
30167,24078,000-001-01-00039006,"EDITORIAL TORRES LAZO",0.00,0,,2026-02-06,"2026-03-11 11:10:42",12765.00,0.00,0,0.00,57,"Josue Cerritos",13,"Belinda Lopez",,,0,A_ABONO_ACTIVO,2026-02-06,abonos_creditos.fecha_pago,NO,"2026-03-11 11:10:42"
31237,24615,000-001-01-00039537,"MEDILAB S.A DE C.V",0.00,0,,2026-02-07,"2026-03-11 11:13:47",4629.21,0.00,0,0.00,27,"Ana Pineda",24,OFICINA,,,0,A_ABONO_ACTIVO,2026-02-07,abonos_creditos.fecha_pago,SI,"2026-03-11 11:13:47"
32735,25067,000-001-01-00039986,"DE TODO UN POCO",0.00,0,,2026-02-08,"2026-04-24 08:29:14",1326.32,0.00,0,0.00,86,"Jose Luque Vendedor",14,"Sulay Pineda",,,0,A_ABONO_ACTIVO,2026-02-08,abonos_creditos.fecha_pago,NO,"2026-04-24 08:29:14"
30682,24400,000-001-01-00039326,"CORPORACION INDUSTRIAL RIVERA S. DE R.L DE C.V",0.00,0,,2026-02-09,"2026-03-25 15:58:43",10902.00,0.00,0,0.00,83,"Yosselin Palma",24,OFICINA,,,0,A_ABONO_ACTIVO,2026-02-09,abonos_creditos.fecha_pago,NO,"2026-03-25 15:58:43"
27687,21985,000-001-01-00036913,"SUPER OFERTAS MADRID",0.00,0,,2026-02-10,"2026-03-19 11:33:50",159548.48,0.00,0,0.00,27,"Ana Pineda",115,"Erling Peralta",,,0,A_ABONO_ACTIVO,2026-02-10,abonos_creditos.fecha_pago,SI,"2026-03-19 11:33:50"
27688,21986,000-001-01-00036914,"SUPER OFERTAS MADRID",0.00,0,,2026-02-10,"2026-03-19 11:56:09",73635.40,0.00,0,0.00,27,"Ana Pineda",115,"Erling Peralta",,,0,A_ABONO_ACTIVO,2026-02-10,abonos_creditos.fecha_pago,SI,"2026-03-19 11:56:09"
27689,21987,000-001-01-00036915,"SUPER OFERTAS MADRID",0.00,0,,2026-02-10,"2026-03-19 11:54:31",935.64,0.00,0,0.00,27,"Ana Pineda",115,"Erling Peralta",,,0,A_ABONO_ACTIVO,2026-02-10,abonos_creditos.fecha_pago,SI,"2026-03-19 11:54:31"
27690,21993,000-001-01-00036921,"SUPER OFERTAS MADRID",0.00,0,,2026-02-10,"2026-03-19 11:55:13",2371.73,0.00,0,0.00,27,"Ana Pineda",115,"Erling Peralta",,,0,A_ABONO_ACTIVO,2026-02-10,abonos_creditos.fecha_pago,SI,"2026-03-19 11:55:13"
27691,22001,000-001-01-00036929,"SUPER OFERTAS MADRID",0.00,0,,2026-02-10,"2026-03-19 11:53:21",1601.68,0.00,0,0.00,27,"Ana Pineda",115,"Erling Peralta",,,0,A_ABONO_ACTIVO,2026-02-10,abonos_creditos.fecha_pago,SI,"2026-03-19 11:53:21"
29877,23572,000-001-01-00038500,"SUPER OFERTAS MADRID",0.00,0,,2026-02-10,"2026-03-19 11:51:31",8121.62,0.00,0,0.00,89,"Jonathan Lopez",24,OFICINA,,,0,A_ABONO_ACTIVO,2026-02-10,abonos_creditos.fecha_pago,NO,"2026-03-19 11:51:31"
29878,23582,000-001-01-00038510,"SUPER OFERTAS MADRID",0.00,0,,2026-02-10,"2026-03-19 11:49:39",15865.56,0.00,0,0.00,64,"Kevin Nuñez",24,OFICINA,,,0,A_ABONO_ACTIVO,2026-02-10,abonos_creditos.fecha_pago,NO,"2026-03-19 11:49:39"
31278,24957,000-001-01-00039876,"CAR WASH KUWAIT / RAUL ESTANISLAO GIRON ROMERO",0.00,0,,2026-02-10,"2026-03-11 11:37:59",25000.00,0.00,0,0.00,27,"Ana Pineda",24,OFICINA,,,0,A_ABONO_ACTIVO,2026-02-10,abonos_creditos.fecha_pago,SI,"2026-03-11 11:37:59"
33749,25253,000-001-01-00040172,"AUTO RESPUESTO LA ESPERANZA  ARLE",0.00,0,,2026-02-10,"2026-04-15 15:16:50",5290.00,0.00,0,0.00,86,"Jose Luque Vendedor",14,"Sulay Pineda",,,0,A_ABONO_ACTIVO,2026-02-10,abonos_creditos.fecha_pago,NO,"2026-04-15 15:16:50"
31279,24347,000-001-01-00039275,"UNION COMERCIAL DE HONDURAS S.A DE C.V.",0.00,0,,2026-02-11,"2026-03-11 11:57:57",50950.34,0.00,0,0.00,27,"Ana Pineda",24,OFICINA,,,0,A_ABONO_ACTIVO,2026-02-11,abonos_creditos.fecha_pago,SI,"2026-03-11 11:57:57"
31831,25236,000-001-01-00040155,"CREDITO EMPLEADOS",0.00,0,,2026-02-11,"2026-03-24 12:06:25",96.45,0.00,0,0.00,27,"Ana Pineda",24,OFICINA,,,0,A_ABONO_ACTIVO,2026-02-11,abonos_creditos.fecha_pago,SI,"2026-03-24 12:06:25"
31367,23417,000-001-01-00038345,HONDUTEL,0.00,0,,2026-02-12,"2026-02-16 14:14:22",42164.00,0.00,1,0.00,30,"Kelyn Barahona",24,OFICINA,,,0,A_ABONO_ACTIVO,2026-02-12,abonos_creditos.fecha_pago,NO,"2026-02-16 14:14:22"
31234,24616,000-001-01-00039538,"FARMACEUTICA INTERNATIONAL S.A DE C.V",0.00,0,,2026-02-12,"2026-03-11 12:03:25",334.75,0.00,0,0.00,27,"Ana Pineda",24,OFICINA,,,0,A_ABONO_ACTIVO,2026-02-12,abonos_creditos.fecha_pago,SI,"2026-03-11 12:03:25"
31472,24953,000-001-01-00039872,"BANCO DE OCCIDENTE S.A",0.00,0,,2026-02-12,"2026-03-10 09:46:25",243183.60,0.00,0,0.00,57,"Josue Cerritos",13,"Belinda Lopez",,,0,A_ABONO_ACTIVO,2026-02-12,abonos_creditos.fecha_pago,NO,"2026-03-10 09:46:25"
31499,25097,000-001-01-00040016,"BANCO ATLANTIDA",0.00,0,,2026-02-12,"2026-03-12 08:36:10",393.78,0.00,0,0.00,89,"Jonathan Lopez",36,"Angel Villela",,,0,A_ABONO_ACTIVO,2026-02-12,abonos_creditos.fecha_pago,NO,"2026-03-12 08:36:10"
29665,23540,000-001-01-00038468,"PROCURADURIA GENERAL DE LA REPUBLICA",0.00,0,,2026-02-13,"2026-02-16 14:22:15",15498.00,0.00,1,0.00,27,"Ana Pineda",24,OFICINA,,,0,A_ABONO_ACTIVO,2026-02-13,abonos_creditos.fecha_pago,SI,"2026-02-16 14:22:15"
29777,23728,000-001-01-00038656,"PROCURADURIA GENERAL DE LA REPUBLICA",0.00,0,,2026-02-13,"2026-02-16 14:19:55",21168.28,0.00,1,0.00,27,"Ana Pineda",24,OFICINA,,,0,A_ABONO_ACTIVO,2026-02-13,abonos_creditos.fecha_pago,SI,"2026-02-16 14:19:55"
32938,24097,000-001-01-00039025,"COOPERATIVA DE AHORRO Y CREDITO EDUCADORES DE HONDURAS LIMITADA (COACEHL)",0.00,0,,2026-02-13,"2026-03-09 16:38:39",143244.00,0.00,0,0.00,57,"Josue Cerritos",13,"Belinda Lopez",,,0,A_ABONO_ACTIVO,2026-02-13,abonos_creditos.fecha_pago,NO,"2026-03-09 16:38:39"
32939,24100,000-001-01-00039028,"COOPERATIVA DE AHORRO Y CREDITO EDUCADORES DE HONDURAS LIMITADA (COACEHL)",0.00,0,,2026-02-13,"2026-03-09 16:39:28",37932.65,0.00,0,0.00,57,"Josue Cerritos",13,"Belinda Lopez",,,0,A_ABONO_ACTIVO,2026-02-13,abonos_creditos.fecha_pago,NO,"2026-03-09 16:39:28"
30444,24141,000-001-01-00039069,"DEL CAMPO INTERNATIONAL SCHOOL S.A DE C.V",0.00,0,,2026-02-13,"2026-05-07 14:10:35",11847.76,0.00,0,0.00,30,"Kelyn Barahona",24,OFICINA,,,0,A_ABONO_ACTIVO,2026-02-13,abonos_creditos.fecha_pago,NO,"2026-05-07 14:10:35"
30462,24311,000-001-01-00039239,"DESARROLLOS INMOBILIARIOS  CASCADAS DE HONDURAS SA DE C.V",0.00,0,,2026-02-13,"2026-03-11 13:17:19",20454.64,0.00,0,0.00,89,"Jonathan Lopez",36,"Angel Villela",,,0,A_ABONO_ACTIVO,2026-02-13,abonos_creditos.fecha_pago,NO,"2026-03-11 13:17:19"
27911,22197,000-001-01-00037125,"EMBOTELLADORA LA REYNA S.A",0.00,0,,2026-02-16,"2026-03-11 13:24:21",42780.00,0.00,0,0.00,30,"Kelyn Barahona",13,"Belinda Lopez",,,0,A_ABONO_ACTIVO,2026-02-16,abonos_creditos.fecha_pago,NO,"2026-03-11 13:24:21"
28082,22313,000-001-01-00037241,"LIBRERÍA UNIVERSAL",0.00,0,,2026-02-19,"2026-02-20 10:03:07",14896.70,2145.00,0,0.00,30,"Kelyn Barahona",4,"Roy Zelaya",,,0,A_ABONO_ACTIVO,2026-02-19,abonos_creditos.fecha_pago,NO,"2026-02-20 10:03:07"
29654,23503,000-001-01-00038431,"LIBRERIA JULIO VERNE",0.00,0,,2026-02-19,"2026-02-20 11:12:33",19004.09,188.64,0,0.00,89,"Jonathan Lopez",4,"Roy Zelaya",,,0,A_ABONO_ACTIVO,2026-02-19,abonos_creditos.fecha_pago,NO,"2026-02-20 11:12:33"
30685,24423,000-001-01-00039349,"COMERCIAL SINAI",0.00,0,,2026-02-20,"2026-03-12 09:45:57",667000.00,11500.00,0,0.00,57,"Josue Cerritos",24,OFICINA,,,0,A_ABONO_ACTIVO,2026-02-20,abonos_creditos.fecha_pago,NO,"2026-03-12 09:45:57"
31720,24592,000-001-01-00039514,"ESCUELA AMERICANA",0.00,0,,2026-02-20,"2026-03-24 16:38:16",7590.00,0.00,0,0.00,57,"Josue Cerritos",13,"Belinda Lopez",,,0,A_ABONO_ACTIVO,2026-02-20,abonos_creditos.fecha_pago,NO,"2026-03-24 16:38:16"
32795,25418,000-001-01-00040337,"LA CEIBA BILINGUAL SCHOOL",0.00,0,,2026-02-20,"2026-04-16 10:33:26",2012.50,0.00,0,0.00,97,"Madelin Sierra",115,"Erling Peralta",,,0,A_ABONO_ACTIVO,2026-02-20,abonos_creditos.fecha_pago,NO,"2026-04-16 10:33:26"
32465,25542,000-001-01-00040460,"LAPICES Y MAS",0.00,0,,2026-02-21,"2026-02-25 09:39:30",20700.00,12420.00,0,0.00,57,"Josue Cerritos",87,"Mauricio Zavala",,,0,A_ABONO_ACTIVO,2026-02-21,abonos_creditos.fecha_pago,NO,"2026-02-25 09:39:30"
29031,23112,000-001-01-00038040,"PAPELERIA HONDURAS",0.00,0,,2026-02-23,"2026-03-09 11:08:45",733700.00,0.00,0,0.00,30,"Kelyn Barahona",24,OFICINA,,,0,A_ABONO_ACTIVO,2026-02-23,abonos_creditos.fecha_pago,NO,"2026-03-09 11:08:45"
29624,23517,000-001-01-00038445,"LIBRERIA FERNANDO",0.00,0,,2026-02-24,"2026-03-25 10:41:38",65732.97,0.00,0,0.00,88,"Camila Pineda",4,"Roy Zelaya",,,0,A_ABONO_ACTIVO,2026-02-24,abonos_creditos.fecha_pago,NO,"2026-03-25 10:41:38"
32577,24847,000-001-01-00039767,"FUNDACION TERRA",0.00,0,,2026-02-26,"2026-03-17 14:10:49",259834.79,0.00,0,0.00,83,"Yosselin Palma",83,"Yosselin Palma",,,0,A_ABONO_ACTIVO,2026-02-26,abonos_creditos.fecha_pago,NO,"2026-03-17 14:10:49"
32947,25252,000-001-01-00040171,"BANCO DE DESARROLLO RURAL HONDURAS S.A",0.00,0,,2026-02-26,"2026-03-10 11:13:44",53812.64,0.00,0,0.00,57,"Josue Cerritos",13,"Belinda Lopez",,,0,A_ABONO_ACTIVO,2026-02-26,abonos_creditos.fecha_pago,NO,"2026-03-10 11:13:44"
32948,25460,000-001-01-00040379,"BANCO DE DESARROLLO RURAL HONDURAS S.A",0.00,0,,2026-02-26,"2026-03-10 11:12:41",115187.86,0.00,0,0.00,57,"Josue Cerritos",13,"Belinda Lopez",,,0,A_ABONO_ACTIVO,2026-02-26,abonos_creditos.fecha_pago,NO,"2026-03-10 11:12:41"
32949,25461,000-001-01-00040380,"BANCO DE DESARROLLO RURAL HONDURAS S.A",0.00,0,,2026-02-26,"2026-03-10 11:11:17",2645.00,0.00,0,0.00,57,"Josue Cerritos",13,"Belinda Lopez",,,0,A_ABONO_ACTIVO,2026-02-26,abonos_creditos.fecha_pago,NO,"2026-03-10 11:11:17"
32518,25718,000-001-01-00040635,"NOVEDADES Y PAPELERIA PATY",0.00,0,,2026-02-26,"2026-03-21 11:28:08",242021.34,0.00,0,0.00,27,"Ana Pineda",24,OFICINA,,,0,A_ABONO_ACTIVO,2026-02-26,abonos_creditos.fecha_pago,SI,"2026-03-21 11:28:08"
30504,24357,000-001-01-00039285,"A Z COMERCIAL",0.00,0,,2026-02-28,"2026-03-18 09:15:16",2225.94,0.00,0,0.00,27,"Ana Pineda",24,OFICINA,,,0,A_ABONO_ACTIVO,2026-02-28,abonos_creditos.fecha_pago,SI,"2026-03-18 09:15:16"
28637,22775,000-001-01-00037703,"DISTRIBUIDORA MARTINEZ",0.00,0,,2026-03-02,"2026-03-09 14:47:23",16003.29,0.00,0,0.00,27,"Ana Pineda",13,"Belinda Lopez",,,0,A_ABONO_ACTIVO,2026-03-02,abonos_creditos.fecha_pago,SI,"2026-03-09 14:47:23"
29343,22889,000-001-01-00037817,"TIENDA HILDA",0.00,0,,2026-03-02,"2026-03-26 12:15:08",16658.46,0.00,0,0.00,27,"Ana Pineda",80,"Jose Zambrano",,,0,A_ABONO_ACTIVO,2026-03-02,abonos_creditos.fecha_pago,SI,"2026-03-26 12:15:08"
31129,24838,000-001-01-00039758,"CREDITO EMPLEADOS",0.00,0,,2026-03-02,"2026-03-31 15:41:49",950.20,0.00,0,0.00,57,"Josue Cerritos",24,OFICINA,,,0,A_ABONO_ACTIVO,2026-03-02,abonos_creditos.fecha_pago,NO,"2026-03-31 15:41:49"
31391,25048,000-001-01-00039967,"CREDITO EMPLEADOS",0.00,0,,2026-03-02,"2026-03-31 15:41:15",891.71,0.00,0,0.00,27,"Ana Pineda",24,OFICINA,,,0,A_ABONO_ACTIVO,2026-03-02,abonos_creditos.fecha_pago,SI,"2026-03-31 15:41:15"
31229,24939,000-001-01-00039858,"CREDITO EMPLEADOS",0.00,0,,2026-03-03,"2026-04-11 11:48:30",1229.82,0.00,0,0.00,27,"Ana Pineda",24,OFICINA,,,0,A_ABONO_ACTIVO,2026-03-03,abonos_creditos.fecha_pago,SI,"2026-04-11 11:48:30"
33424,25362,000-001-01-00040281,"COLEGIO MEDICO DE HONDURAS",0.00,0,,2026-03-03,"2026-03-26 12:23:04",8208.70,0.00,0,0.00,97,"Madelin Sierra",120,"CHRISTIAN ESTRADA",,,0,A_ABONO_ACTIVO,2026-03-03,abonos_creditos.fecha_pago,NO,"2026-03-26 12:23:04"
31853,25469,000-001-01-00040388,"CREDITO EMPLEADOS",0.00,0,,2026-03-03,"2026-04-11 11:49:01",115.45,0.00,0,0.00,27,"Ana Pineda",24,OFICINA,,,0,A_ABONO_ACTIVO,2026-03-03,abonos_creditos.fecha_pago,SI,"2026-04-11 11:49:01"
27822,22230,000-001-01-00037158,"TECHNO OFFICE SUPPLIES",0.00,0,,2026-03-04,"2026-03-13 13:58:59",18400.00,0.00,0,0.00,30,"Kelyn Barahona",24,OFICINA,,,0,A_ABONO_ACTIVO,2026-03-04,abonos_creditos.fecha_pago,NO,"2026-03-13 13:58:59"
29472,22844,000-001-01-00037772,"EMBOTELLADORA LA REYNA S.A",0.00,0,,2026-03-04,"2026-03-26 15:19:49",21331.35,0.00,0,0.00,64,"Kevin Nuñez",13,"Belinda Lopez",,,0,A_ABONO_ACTIVO,2026-03-04,abonos_creditos.fecha_pago,NO,"2026-03-26 15:19:49"
30641,24466,000-001-01-00039392,"CREDITO EMPLEADOS",0.00,0,,2026-03-04,"2026-03-18 11:24:57",579.56,0.00,0,0.00,57,"Josue Cerritos",24,OFICINA,,,0,A_ABONO_ACTIVO,2026-03-04,abonos_creditos.fecha_pago,NO,"2026-03-18 11:24:57"
30880,24536,000-001-01-00039458,"CREDITO EMPLEADOS",0.00,0,,2026-03-04,"2026-03-18 11:34:11",443.70,0.00,0,0.00,97,"Madelin Sierra",24,OFICINA,,,0,A_ABONO_ACTIVO,2026-03-04,abonos_creditos.fecha_pago,NO,"2026-03-18 11:34:11"
30881,24587,000-001-01-00039509,"CREDITO EMPLEADOS",0.00,0,,2026-03-04,"2026-03-18 11:15:27",830.58,0.00,0,0.00,27,"Ana Pineda",24,OFICINA,,,0,A_ABONO_ACTIVO,2026-03-04,abonos_creditos.fecha_pago,SI,"2026-03-18 11:15:27"
31614,24945,000-001-01-00039864,"EDITORIAL TORRES LAZO",0.00,0,,2026-03-04,"2026-03-20 10:51:58",11914.00,0.00,0,0.00,57,"Josue Cerritos",13,"Belinda Lopez",,,0,A_ABONO_ACTIVO,2026-03-04,abonos_creditos.fecha_pago,NO,"2026-03-20 10:51:58"
31841,25320,000-001-01-00040239,"CREDITO EMPLEADOS",0.00,0,,2026-03-04,"2026-03-18 11:22:08",749.69,0.00,0,0.00,27,"Ana Pineda",24,OFICINA,,,0,A_ABONO_ACTIVO,2026-03-04,abonos_creditos.fecha_pago,SI,"2026-03-18 11:22:08"
32328,25516,000-001-01-00040435,"CREDITO EMPLEADOS",0.00,0,,2026-03-04,"2026-03-18 11:22:48",1431.47,0.00,0,0.00,27,"Ana Pineda",24,OFICINA,,,0,A_ABONO_ACTIVO,2026-03-04,abonos_creditos.fecha_pago,SI,"2026-03-18 11:22:48"
32510,25709,000-001-01-00040626,"NOVEDADES Y PAPELERIA PATY",0.00,0,,2026-03-04,"2026-03-21 11:25:45",644.00,0.00,0,0.00,27,"Ana Pineda",24,OFICINA,,,0,A_ABONO_ACTIVO,2026-03-04,abonos_creditos.fecha_pago,SI,"2026-03-21 11:25:45"
33140,25895,000-001-01-00040811,"PAPELERIA EMANUEL",0.00,0,,2026-03-04,"2026-03-18 11:13:20",5506.92,0.00,0,0.00,64,"Kevin Nuñez",115,"Erling Peralta",,,0,A_ABONO_ACTIVO,2026-03-04,abonos_creditos.fecha_pago,NO,"2026-03-18 11:13:20"
32674,25906,000-001-01-00040822,"DENNIS  ALEJANDRO PEREZ MARTINEZ",0.00,0,,2026-03-04,"2026-03-18 11:23:34",3283.25,0.00,0,0.00,57,"Josue Cerritos",24,OFICINA,,,0,A_ABONO_ACTIVO,2026-03-04,abonos_creditos.fecha_pago,NO,"2026-03-18 11:23:34"
32702,25907,000-001-01-00040823,"GAMEDICAL S DE R.L",0.00,0,,2026-03-04,"2026-03-18 11:15:51",770.50,0.00,0,0.00,57,"Josue Cerritos",24,OFICINA,,,0,A_ABONO_ACTIVO,2026-03-04,abonos_creditos.fecha_pago,NO,"2026-03-18 11:15:51"
32941,25923,000-001-01-00040839,"COOPERATIVA DE AHORRO Y CREDITO EDUCADORES DE HONDURAS LIMITADA (COACEHL)",0.00,0,,2026-03-04,"2026-03-18 11:27:02",328.44,0.00,0,0.00,27,"Ana Pineda",13,"Belinda Lopez",,,0,A_ABONO_ACTIVO,2026-03-04,abonos_creditos.fecha_pago,SI,"2026-03-18 11:27:02"
33258,25992,000-001-01-00040908,"AURORA REAL ESTATE S.A.",0.00,0,,2026-03-04,"2026-03-19 16:52:55",22742.57,0.00,0,0.00,57,"Josue Cerritos",87,"Mauricio Zavala",,,0,A_ABONO_ACTIVO,2026-03-04,abonos_creditos.fecha_pago,NO,"2026-03-19 16:52:55"
30385,23967,000-001-01-00038895,"LIBRERÍA UNIVERSAL",0.00,0,,2026-03-05,"2026-03-18 16:04:03",15504.22,0.00,0,0.00,89,"Jonathan Lopez",4,"Roy Zelaya",,,0,A_ABONO_ACTIVO,2026-03-05,abonos_creditos.fecha_pago,NO,"2026-03-18 16:04:03"
30386,23974,000-001-01-00038902,"LIBRERÍA UNIVERSAL",0.00,0,,2026-03-05,"2026-03-18 16:11:05",10141.42,1311.50,0,0.00,89,"Jonathan Lopez",4,"Roy Zelaya",,,0,A_ABONO_ACTIVO,2026-03-05,abonos_creditos.fecha_pago,NO,"2026-03-18 16:11:05"
30608,24310,000-001-01-00039238,"LIBRERÍA UNIVERSAL",0.00,0,,2026-03-05,"2026-03-18 16:13:24",10320.01,0.00,0,0.00,64,"Kevin Nuñez",4,"Roy Zelaya",,,0,A_ABONO_ACTIVO,2026-03-05,abonos_creditos.fecha_pago,NO,"2026-03-18 16:13:24"
31609,24842,000-001-01-00039762,"VARIEDADES Y PAPELERIA LA TECNOLOGICA",0.00,0,,2026-03-05,"2026-03-19 16:41:58",771.14,0.00,0,0.00,86,"Jose Luque Vendedor",65,"Jessy Alvarado",,,0,A_ABONO_ACTIVO,2026-03-05,abonos_creditos.fecha_pago,NO,"2026-03-19 16:41:58"
31610,24844,000-001-01-00039764,"VARIEDADES Y PAPELERIA LA TECNOLOGICA",0.00,0,,2026-03-05,"2026-03-19 16:40:53",275.17,0.00,0,0.00,98,"Yimmy Funes",50,Vendedor,,,0,A_ABONO_ACTIVO,2026-03-05,abonos_creditos.fecha_pago,NO,"2026-03-19 16:40:53"
31387,24946,000-001-01-00039865,"DELIVERY EXPRESS HONDURAS S.A. DE C.V.",0.00,0,,2026-03-05,"2026-04-16 15:28:25",4186.69,0.00,0,0.00,27,"Ana Pineda",24,OFICINA,,,0,A_ABONO_ACTIVO,2026-03-05,abonos_creditos.fecha_pago,SI,"2026-04-16 15:28:25"
31695,24975,000-001-01-00039894,"COPIAS Y MAS  ZABDI",0.00,0,,2026-03-05,"2026-03-19 14:53:44",3489.42,0.00,0,0.00,57,"Josue Cerritos",87,"Mauricio Zavala",,,0,A_ABONO_ACTIVO,2026-03-05,abonos_creditos.fecha_pago,NO,"2026-03-19 14:53:44"
31696,24976,000-001-01-00039895,"COPIAS Y MAS  ZABDI",0.00,0,,2026-03-05,"2026-03-19 14:51:48",6670.00,0.00,0,0.00,57,"Josue Cerritos",87,"Mauricio Zavala",,,0,A_ABONO_ACTIVO,2026-03-05,abonos_creditos.fecha_pago,NO,"2026-03-19 14:51:48"
32887,24985,000-001-01-00039904,"COMERCIAL ARCE",0.00,0,,2026-03-05,"2026-04-24 16:28:02",1385.44,0.00,0,0.00,27,"Ana Pineda",24,OFICINA,,,0,A_ABONO_ACTIVO,2026-03-05,abonos_creditos.fecha_pago,SI,"2026-04-24 16:28:02"
33252,25832,000-001-01-00040748,"PAPELERIA JADAMI",0.00,0,,2026-03-05,"2026-03-19 16:34:51",3033.16,0.00,0,0.00,64,"Kevin Nuñez",65,"Jessy Alvarado",,,0,A_ABONO_ACTIVO,2026-03-05,abonos_creditos.fecha_pago,NO,"2026-03-19 16:34:51"
32632,25858,000-001-01-00040774,"CLIENTE GENERICO",0.00,0,,2026-03-05,"2026-03-19 16:35:38",237.75,0.00,0,0.00,57,"Josue Cerritos",24,OFICINA,,,0,A_ABONO_ACTIVO,2026-03-05,abonos_creditos.fecha_pago,NO,"2026-03-19 16:35:38"
33267,25998,000-001-01-00040914,"DISTRIBUIDORA MELISSA S, DE RL DE CV",0.00,0,,2026-03-05,"2026-03-20 10:53:27",1955.00,0.00,0,0.00,27,"Ana Pineda",24,OFICINA,,,0,A_ABONO_ACTIVO,2026-03-05,abonos_creditos.fecha_pago,SI,"2026-03-20 10:53:27"
32928,26008,000-001-01-00040924,"INVERSIONES CARACHO",0.00,0,,2026-03-05,"2026-03-18 14:27:52",5523.20,0.00,0,0.00,86,"Jose Luque Vendedor",14,"Sulay Pineda",,,0,A_ABONO_ACTIVO,2026-03-05,abonos_creditos.fecha_pago,NO,"2026-03-18 14:27:52"
32864,26025,000-001-01-00040941,"CLIENTE GENERICO",0.00,0,,2026-03-05,"2026-03-23 16:20:57",221.32,0.00,0,0.00,27,"Ana Pineda",24,OFICINA,,,0,A_ABONO_ACTIVO,2026-03-05,abonos_creditos.fecha_pago,SI,"2026-03-23 16:20:57"
33241,26049,000-001-01-00040965,"RIBATEL S.A",0.00,0,,2026-03-05,"2026-03-19 14:36:23",1889.77,0.00,0,0.00,27,"Ana Pineda",24,OFICINA,,,0,A_ABONO_ACTIVO,2026-03-05,abonos_creditos.fecha_pago,SI,"2026-03-19 14:36:23"
19508,14835,000-001-01-00029814,"TECNO SB SOLUCIONES",0.00,0,,2026-03-06,"2026-03-20 10:34:53",5619.73,0.00,0,0.00,27,"Ana Pineda",115,"Erling Peralta",,,0,A_ABONO_ACTIVO,2026-03-06,abonos_creditos.fecha_pago,SI,"2026-03-20 10:34:53"
19509,14836,000-001-01-00029815,"TECNO SB SOLUCIONES",0.00,0,,2026-03-06,"2026-03-20 10:35:27",17186.41,0.00,0,0.00,27,"Ana Pineda",115,"Erling Peralta",,,0,A_ABONO_ACTIVO,2026-03-06,abonos_creditos.fecha_pago,SI,"2026-03-20 10:35:27"
28429,22616,000-001-01-00037544,"SAMMY S ESCOLARES",0.00,0,,2026-03-06,"2026-03-17 12:01:01",23121.20,0.00,0,0.00,58,"Daniela Torres",115,"Erling Peralta",,,0,A_ABONO_ACTIVO,2026-03-06,abonos_creditos.fecha_pago,NO,"2026-03-17 12:01:01"
28430,22619,000-001-01-00037547,"SAMMY S ESCOLARES",0.00,0,,2026-03-06,"2026-03-17 12:01:52",80253.51,0.00,0,0.00,58,"Daniela Torres",115,"Erling Peralta",,,0,A_ABONO_ACTIVO,2026-03-06,abonos_creditos.fecha_pago,NO,"2026-03-17 12:01:52"
28431,22628,000-001-01-00037556,"SAMMY S ESCOLARES",0.00,0,,2026-03-06,"2026-03-17 12:02:33",68317.59,13276.92,0,0.00,64,"Kevin Nuñez",115,"Erling Peralta",,,0,A_ABONO_ACTIVO,2026-03-06,abonos_creditos.fecha_pago,NO,"2026-03-17 12:02:33"
28432,22630,000-001-01-00037558,"SAMMY S ESCOLARES",0.00,0,,2026-03-06,"2026-03-17 12:03:11",15960.20,0.00,0,0.00,64,"Kevin Nuñez",115,"Erling Peralta",,,0,A_ABONO_ACTIVO,2026-03-06,abonos_creditos.fecha_pago,NO,"2026-03-17 12:03:11"
28433,22632,000-001-01-00037560,"SAMMY S ESCOLARES",0.00,0,,2026-03-06,"2026-03-17 12:03:48",14490.00,0.00,0,0.00,27,"Ana Pineda",115,"Erling Peralta",,,0,A_ABONO_ACTIVO,2026-03-06,abonos_creditos.fecha_pago,SI,"2026-03-17 12:03:48"
28434,22633,000-001-01-00037561,"SAMMY S ESCOLARES",0.00,0,,2026-03-06,"2026-03-17 12:05:06",2553.00,0.00,0,0.00,27,"Ana Pineda",115,"Erling Peralta",,,0,A_ABONO_ACTIVO,2026-03-06,abonos_creditos.fecha_pago,SI,"2026-03-17 12:05:06"
28435,22635,000-001-01-00037563,"SAMMY S ESCOLARES",0.00,0,,2026-03-06,"2026-03-17 12:04:29",2671.68,0.00,0,0.00,64,"Kevin Nuñez",115,"Erling Peralta",,,0,A_ABONO_ACTIVO,2026-03-06,abonos_creditos.fecha_pago,NO,"2026-03-17 12:04:29"
28436,22638,000-001-01-00037566,"SAMMY S ESCOLARES",0.00,0,,2026-03-06,"2026-03-17 11:59:40",8625.00,0.00,0,0.00,27,"Ana Pineda",115,"Erling Peralta",,,0,A_ABONO_ACTIVO,2026-03-06,abonos_creditos.fecha_pago,SI,"2026-03-17 11:59:40"
29907,23638,000-001-01-00038566,"COMERCIAL EL DIAMANTE S DE R.L",0.00,0,,2026-03-06,"2026-03-20 10:56:34",106911.19,0.00,0,0.00,27,"Ana Pineda",24,OFICINA,,,0,A_ABONO_ACTIVO,2026-03-06,abonos_creditos.fecha_pago,SI,"2026-03-20 10:56:34"
29908,23639,000-001-01-00038567,"COMERCIAL EL DIAMANTE S DE R.L",0.00,0,,2026-03-06,"2026-03-20 09:03:49",16070.10,0.00,0,0.00,27,"Ana Pineda",24,OFICINA,,,0,A_ABONO_ACTIVO,2026-03-06,abonos_creditos.fecha_pago,SI,"2026-03-20 09:03:49"
29909,23640,000-001-01-00038568,"COMERCIAL EL DIAMANTE S DE R.L",0.00,0,,2026-03-06,"2026-03-20 09:02:41",1052.93,0.00,0,0.00,27,"Ana Pineda",24,OFICINA,,,0,A_ABONO_ACTIVO,2026-03-06,abonos_creditos.fecha_pago,SI,"2026-03-20 09:02:41"
29910,23642,000-001-01-00038570,"COMERCIAL EL DIAMANTE S DE R.L",0.00,0,,2026-03-06,"2026-03-20 09:00:16",91760.53,0.00,0,0.00,27,"Ana Pineda",24,OFICINA,,,0,A_ABONO_ACTIVO,2026-03-06,abonos_creditos.fecha_pago,SI,"2026-03-20 09:00:16"
29911,23674,000-001-01-00038602,"COMERCIAL EL DIAMANTE S DE R.L",0.00,0,,2026-03-06,"2026-03-20 08:58:31",128013.82,0.00,0,0.00,27,"Ana Pineda",24,OFICINA,,,0,A_ABONO_ACTIVO,2026-03-06,abonos_creditos.fecha_pago,SI,"2026-03-20 08:58:31"
30324,23903,000-001-01-00038831,ATEXA,0.00,0,,2026-03-06,"2026-03-24 14:50:56",4686.25,0.00,0,0.00,57,"Josue Cerritos",13,"Belinda Lopez",,,0,A_ABONO_ACTIVO,2026-03-06,abonos_creditos.fecha_pago,NO,"2026-03-24 14:50:56"
30503,24352,000-001-01-00039280,"A Z COMERCIAL",0.00,0,,2026-03-06,"2026-03-17 14:31:54",414281.75,0.00,0,0.00,27,"Ana Pineda",24,OFICINA,,,0,A_ABONO_ACTIVO,2026-03-06,abonos_creditos.fecha_pago,SI,"2026-03-17 14:31:54"
31727,24750,000-001-01-00039671,"DISTRIBUIDORA MONTECRISTO",0.00,0,,2026-03-06,"2026-03-17 13:39:52",11934.24,0.00,0,0.00,27,"Ana Pineda",24,OFICINA,,,0,A_ABONO_ACTIVO,2026-03-06,abonos_creditos.fecha_pago,SI,"2026-03-17 13:39:52"
31728,25023,000-001-01-00039942,"DISTRIBUIDORA MONTECRISTO",0.00,0,,2026-03-06,"2026-03-17 13:40:57",14512.94,0.00,0,0.00,57,"Josue Cerritos",24,OFICINA,,,0,A_ABONO_ACTIVO,2026-03-06,abonos_creditos.fecha_pago,NO,"2026-03-17 13:40:57"
31721,25053,000-001-01-00039972,"ESCUELA AMERICANA",0.00,0,,2026-03-06,"2026-03-24 16:37:51",30640.09,0.00,0,0.00,57,"Josue Cerritos",13,"Belinda Lopez",,,0,A_ABONO_ACTIVO,2026-03-06,abonos_creditos.fecha_pago,NO,"2026-03-24 16:37:51"
32232,25059,000-001-01-00039978,"MONTECRISTO COMERCIAL  S. DE R.L",0.00,0,,2026-03-06,"2026-03-18 12:40:45",83534.82,0.00,0,0.00,97,"Madelin Sierra",4,"Roy Zelaya",,,0,A_ABONO_ACTIVO,2026-03-06,abonos_creditos.fecha_pago,NO,"2026-03-18 12:40:45"
32233,25069,000-001-01-00039988,"MONTECRISTO COMERCIAL  S. DE R.L",0.00,0,,2026-03-06,"2026-03-18 12:39:49",14364.00,0.00,0,0.00,97,"Madelin Sierra",4,"Roy Zelaya",,,0,A_ABONO_ACTIVO,2026-03-06,abonos_creditos.fecha_pago,NO,"2026-03-18 12:39:49"
33752,25095,000-001-01-00040014,"DEL CAMPO INTERNATIONAL SCHOOL S.A DE C.V",0.00,0,,2026-03-06,"2026-05-07 14:11:25",7108.66,0.00,0,0.00,27,"Ana Pineda",24,OFICINA,,,0,A_ABONO_ACTIVO,2026-03-06,abonos_creditos.fecha_pago,SI,"2026-05-07 14:11:25"
33180,25728,000-001-01-00040645,"INVERSIONES DIANA MAYOREO",0.00,0,,2026-03-06,"2026-03-26 14:40:22",864.10,0.00,0,0.00,57,"Josue Cerritos",14,"Sulay Pineda",,,0,A_ABONO_ACTIVO,2026-03-06,abonos_creditos.fecha_pago,NO,"2026-03-26 14:40:22"
32771,25821,000-001-01-00040737,COPYTRAX,0.00,0,,2026-03-06,"2026-03-19 16:45:49",1585.25,0.00,0,0.00,97,"Madelin Sierra",65,"Jessy Alvarado",,,0,A_ABONO_ACTIVO,2026-03-06,abonos_creditos.fecha_pago,NO,"2026-03-19 16:45:49"
32793,25964,000-001-01-00040880,"IGLESIA CATOLICA /INSTITUTO MARIA REGINA",0.00,0,,2026-03-06,"2026-03-19 12:06:45",4364.25,0.00,0,0.00,64,"Kevin Nuñez",115,"Erling Peralta",,,0,A_ABONO_ACTIVO,2026-03-06,abonos_creditos.fecha_pago,NO,"2026-03-19 12:06:45"
33244,26009,000-001-01-00040925,COMPUPLANET,0.00,0,,2026-03-06,"2026-03-19 15:00:40",17751.01,0.00,0,0.00,57,"Josue Cerritos",87,"Mauricio Zavala",,,0,A_ABONO_ACTIVO,2026-03-06,abonos_creditos.fecha_pago,NO,"2026-03-19 15:00:40"
33029,26028,000-001-01-00040944,"VARIEDADES RODRIGUEZ",0.00,0,,2026-03-06,"2026-03-18 17:13:30",11409.89,3549.00,0,0.00,97,"Madelin Sierra",120,"CHRISTIAN ESTRADA",,,0,A_ABONO_ACTIVO,2026-03-06,abonos_creditos.fecha_pago,NO,"2026-03-18 17:13:30"
32934,26051,000-001-01-00040967,"CLIENTE GENERICO",0.00,0,,2026-03-06,"2026-03-19 14:33:59",1109.86,0.00,0,0.00,27,"Ana Pineda",24,OFICINA,,,0,A_ABONO_ACTIVO,2026-03-06,abonos_creditos.fecha_pago,SI,"2026-03-19 14:33:59"
27879,22267,000-001-01-00037195,"DISTRIBUIDORA VENECIA",0.00,0,,2026-03-07,"2026-03-23 11:46:10",180338.40,0.00,0,0.00,30,"Kelyn Barahona",24,OFICINA,,,0,A_ABONO_ACTIVO,2026-03-07,abonos_creditos.fecha_pago,NO,"2026-03-23 11:46:10"
29573,23510,000-001-01-00038438,"INVERSIONES VICTORIA",0.00,0,,2026-03-07,"2026-03-18 12:37:31",3117.84,0.00,0,0.00,27,"Ana Pineda",14,"Sulay Pineda",,,0,A_ABONO_ACTIVO,2026-03-07,abonos_creditos.fecha_pago,SI,"2026-03-18 12:37:31"
29574,23512,000-001-01-00038440,"INVERSIONES VICTORIA",0.00,0,,2026-03-07,"2026-03-18 13:47:45",49420.08,4909.50,0,0.00,27,"Ana Pineda",14,"Sulay Pineda",,,0,A_ABONO_ACTIVO,2026-03-07,abonos_creditos.fecha_pago,SI,"2026-03-18 13:47:45"
29575,23513,000-001-01-00038441,"INVERSIONES VICTORIA",0.00,0,,2026-03-07,"2026-03-18 12:47:00",2016.51,0.00,0,0.00,27,"Ana Pineda",14,"Sulay Pineda",,,0,A_ABONO_ACTIVO,2026-03-07,abonos_creditos.fecha_pago,SI,"2026-03-18 12:47:00"
29576,23522,000-001-01-00038450,"INVERSIONES VICTORIA",0.00,0,,2026-03-07,"2026-03-18 12:48:01",12650.00,0.00,0,0.00,27,"Ana Pineda",14,"Sulay Pineda",,,0,A_ABONO_ACTIVO,2026-03-07,abonos_creditos.fecha_pago,SI,"2026-03-18 12:48:01"
29883,23686,000-001-01-00038614,"DROGUERIA Y TIENDAS SAN MIGUEL  S. DE R.L.",0.00,0,,2026-03-07,"2026-03-20 12:19:47",802786.25,34940.25,0,0.00,30,"Kelyn Barahona",24,OFICINA,,,0,A_ABONO_ACTIVO,2026-03-07,abonos_creditos.fecha_pago,NO,"2026-03-20 12:19:47"
30913,24431,000-001-01-00039357,"PAPELERIA Y LIBRERIA AGAPE",0.00,0,,2026-03-07,"2026-03-17 13:45:29",31008.21,0.00,0,0.00,57,"Josue Cerritos",13,"Belinda Lopez",,,0,A_ABONO_ACTIVO,2026-03-07,abonos_creditos.fecha_pago,NO,"2026-03-17 13:45:29"
31618,24680,000-001-01-00039602,"PAPELERIA SAN DIEGO",0.00,0,,2026-03-07,"2026-03-18 16:32:33",13012.25,0.00,0,0.00,97,"Madelin Sierra",4,"Roy Zelaya",,,0,A_ABONO_ACTIVO,2026-03-07,abonos_creditos.fecha_pago,NO,"2026-03-18 16:32:33"
31647,25259,000-001-01-00040178,"PAPELERIA SAN DIEGO",0.00,0,,2026-03-07,"2026-03-18 16:36:56",69000.00,0.00,0,0.00,97,"Madelin Sierra",4,"Roy Zelaya",,,0,A_ABONO_ACTIVO,2026-03-07,abonos_creditos.fecha_pago,NO,"2026-03-18 16:36:56"
32348,25335,000-001-01-00040254,"PAPELERIA SAN DIEGO",0.00,0,,2026-03-07,"2026-03-18 16:33:47",8308.75,0.00,0,0.00,64,"Kevin Nuñez",4,"Roy Zelaya",,,0,A_ABONO_ACTIVO,2026-03-07,abonos_creditos.fecha_pago,NO,"2026-03-18 16:33:47"
31851,25451,000-001-01-00040370,"CREDITO EMPLEADOS",0.00,0,,2026-03-07,"2026-03-19 16:44:49",3415.50,0.00,0,0.00,27,"Ana Pineda",24,OFICINA,,,0,A_ABONO_ACTIVO,2026-03-07,abonos_creditos.fecha_pago,SI,"2026-03-19 16:44:49"
32970,25558,000-001-01-00040476,"FARMACEUTICA INTERNATIONAL S.A DE C.V",0.00,0,,2026-03-07,"2026-03-20 10:52:32",41852.94,0.00,0,0.00,27,"Ana Pineda",24,OFICINA,,,0,A_ABONO_ACTIVO,2026-03-07,abonos_creditos.fecha_pago,SI,"2026-03-20 10:52:32"
32770,25818,000-001-01-00040734,COPYTRAX,0.00,0,,2026-03-07,"2026-03-19 16:46:42",1454.31,0.00,0,0.00,97,"Madelin Sierra",65,"Jessy Alvarado",,,0,A_ABONO_ACTIVO,2026-03-07,abonos_creditos.fecha_pago,NO,"2026-03-19 16:46:42"
32466,25701,000-001-01-00040618,"PLASTICOS CEIBEÑOS",0.00,0,,2026-03-08,"2026-03-19 12:09:48",3622.50,0.00,0,0.00,64,"Kevin Nuñez",115,"Erling Peralta",,,0,A_ABONO_ACTIVO,2026-03-08,abonos_creditos.fecha_pago,NO,"2026-03-19 12:09:48"
32821,25746,000-001-01-00040663,"THE LIGHTHOUSE CHRISTIAN BILINGUAL  SCHOOL S.A DE C.V",0.00,0,,2026-03-08,"2026-03-19 12:13:05",4483.72,0.00,0,0.00,64,"Kevin Nuñez",115,"Erling Peralta",,,0,A_ABONO_ACTIVO,2026-03-08,abonos_creditos.fecha_pago,NO,"2026-03-19 12:13:05"
32822,25754,000-001-01-00040671,"THE LIGHTHOUSE CHRISTIAN BILINGUAL  SCHOOL S.A DE C.V",0.00,0,,2026-03-08,"2026-03-19 12:12:21",413.64,0.00,0,0.00,64,"Kevin Nuñez",115,"Erling Peralta",,,0,A_ABONO_ACTIVO,2026-03-08,abonos_creditos.fecha_pago,NO,"2026-03-19 12:12:21"
32823,25756,000-001-01-00040673,"THE LIGHTHOUSE CHRISTIAN BILINGUAL  SCHOOL S.A DE C.V",0.00,0,,2026-03-08,"2026-03-19 12:11:22",359.66,0.00,0,0.00,64,"Kevin Nuñez",115,"Erling Peralta",,,0,A_ABONO_ACTIVO,2026-03-08,abonos_creditos.fecha_pago,NO,"2026-03-19 12:11:22"
28713,22799,000-001-01-00037727,"TECHNO OFFICE SUPPLIES",0.00,0,,2026-03-09,"2026-03-20 12:25:23",1101.60,0.00,0,0.00,30,"Kelyn Barahona",24,OFICINA,,,0,A_ABONO_ACTIVO,2026-03-09,abonos_creditos.fecha_pago,NO,"2026-03-20 12:25:23"
28887,22852,000-001-01-00037780,"DISTRIBUIDORA GLOBAL S. DE R.L",0.00,0,,2026-03-09,"2026-03-19 12:48:06",8383.50,0.00,0,0.00,64,"Kevin Nuñez",13,"Belinda Lopez",,,0,A_ABONO_ACTIVO,2026-03-09,abonos_creditos.fecha_pago,NO,"2026-03-19 12:48:06"
28888,22853,000-001-01-00037781,"DISTRIBUIDORA GLOBAL S. DE R.L",0.00,0,,2026-03-09,"2026-03-19 12:46:19",25903.75,0.00,0,0.00,64,"Kevin Nuñez",13,"Belinda Lopez",,,0,A_ABONO_ACTIVO,2026-03-09,abonos_creditos.fecha_pago,NO,"2026-03-19 12:46:19"
28889,22854,000-001-01-00037782,"DISTRIBUIDORA GLOBAL S. DE R.L",0.00,0,,2026-03-09,"2026-03-19 12:41:04",70103.14,0.00,0,0.00,64,"Kevin Nuñez",13,"Belinda Lopez",,,0,A_ABONO_ACTIVO,2026-03-09,abonos_creditos.fecha_pago,NO,"2026-03-19 12:41:04"
28890,22855,000-001-01-00037783,"DISTRIBUIDORA GLOBAL S. DE R.L",0.00,0,,2026-03-09,"2026-03-19 12:39:37",23314.03,0.00,0,0.00,64,"Kevin Nuñez",13,"Belinda Lopez",,,0,A_ABONO_ACTIVO,2026-03-09,abonos_creditos.fecha_pago,NO,"2026-03-19 12:39:37"
28891,22857,000-001-01-00037785,"DISTRIBUIDORA GLOBAL S. DE R.L",0.00,0,,2026-03-09,"2026-03-19 12:37:57",7407.65,0.00,0,0.00,64,"Kevin Nuñez",13,"Belinda Lopez",,,0,A_ABONO_ACTIVO,2026-03-09,abonos_creditos.fecha_pago,NO,"2026-03-19 12:37:57"
29036,22921,000-001-01-00037849,"CONEXION PLUS",0.00,0,,2026-03-09,"2026-03-18 14:21:44",23587.05,0.00,0,0.00,64,"Kevin Nuñez",14,"Sulay Pineda",,,0,A_ABONO_ACTIVO,2026-03-09,abonos_creditos.fecha_pago,NO,"2026-03-18 14:21:44"
29039,23021,000-001-01-00037949,"DISTRIBUIDORA GLOBAL S. DE R.L",0.00,0,,2026-03-09,"2026-03-19 12:36:28",8748.63,0.00,0,0.00,30,"Kelyn Barahona",13,"Belinda Lopez",,,0,A_ABONO_ACTIVO,2026-03-09,abonos_creditos.fecha_pago,NO,"2026-03-19 12:36:28"
29040,23121,000-001-01-00038049,"DISTRIBUIDORA GLOBAL S. DE R.L",0.00,0,,2026-03-09,"2026-03-19 12:34:53",3988.20,0.00,0,0.00,58,"Daniela Torres",13,"Belinda Lopez",,,0,A_ABONO_ACTIVO,2026-03-09,abonos_creditos.fecha_pago,NO,"2026-03-19 12:34:53"
29272,23265,000-001-01-00038193,"DISTRIBUIDORA GLOBAL S. DE R.L",0.00,0,,2026-03-09,"2026-03-19 12:34:08",6555.00,0.00,0,0.00,58,"Daniela Torres",13,"Belinda Lopez",,,0,A_ABONO_ACTIVO,2026-03-09,abonos_creditos.fecha_pago,NO,"2026-03-19 12:34:08"
29739,23354,000-001-01-00038282,"DISTRIBUIDORA GLOBAL S. DE R.L",0.00,0,,2026-03-09,"2026-03-19 12:33:26",12668.40,0.00,0,0.00,88,"Camila Pineda",13,"Belinda Lopez",,,0,A_ABONO_ACTIVO,2026-03-09,abonos_creditos.fecha_pago,NO,"2026-03-19 12:33:26"
29769,23611,000-001-01-00038539,"CONEXION PLUS",0.00,0,,2026-03-09,"2026-03-18 14:20:44",9458.40,0.00,0,0.00,27,"Ana Pineda",14,"Sulay Pineda",,,0,A_ABONO_ACTIVO,2026-03-09,abonos_creditos.fecha_pago,SI,"2026-03-18 14:20:44"
30144,23759,000-001-01-00038687,"DISTRIBUIDORA GLOBAL S. DE R.L",0.00,0,,2026-03-09,"2026-03-19 12:32:23",45502.63,0.00,0,0.00,57,"Josue Cerritos",13,"Belinda Lopez",,,0,A_ABONO_ACTIVO,2026-03-09,abonos_creditos.fecha_pago,NO,"2026-03-19 12:32:23"
30295,23839,000-001-01-00038767,"DISTRIBUIDORA MARTINEZ",0.00,0,,2026-03-09,"2026-03-17 13:25:03",12924.28,0.00,0,0.00,57,"Josue Cerritos",13,"Belinda Lopez",,,0,A_ABONO_ACTIVO,2026-03-09,abonos_creditos.fecha_pago,NO,"2026-03-17 13:25:03"
30145,23842,000-001-01-00038770,"DISTRIBUIDORA GLOBAL S. DE R.L",0.00,0,,2026-03-09,"2026-03-19 12:31:37",100050.00,0.00,0,0.00,57,"Josue Cerritos",13,"Belinda Lopez",,,0,A_ABONO_ACTIVO,2026-03-09,abonos_creditos.fecha_pago,NO,"2026-03-19 12:31:37"
30273,23855,000-001-01-00038783,"UTILES VILLANUEVA",0.00,0,,2026-03-09,"2026-03-17 14:15:57",2659.81,0.00,0,0.00,30,"Kelyn Barahona",24,OFICINA,,,0,A_ABONO_ACTIVO,2026-03-09,abonos_creditos.fecha_pago,NO,"2026-03-17 14:15:57"
30274,23856,000-001-01-00038784,"UTILES VILLANUEVA",0.00,0,,2026-03-09,"2026-03-17 14:16:27",8028.27,0.00,0,0.00,30,"Kelyn Barahona",24,OFICINA,,,0,A_ABONO_ACTIVO,2026-03-09,abonos_creditos.fecha_pago,NO,"2026-03-17 14:16:27"
30275,23857,000-001-01-00038785,"UTILES VILLANUEVA",0.00,0,,2026-03-09,"2026-03-17 14:15:23",3993.86,0.00,0,0.00,30,"Kelyn Barahona",24,OFICINA,,,0,A_ABONO_ACTIVO,2026-03-09,abonos_creditos.fecha_pago,NO,"2026-03-17 14:15:23"
30276,23858,000-001-01-00038786,"UTILES VILLANUEVA",0.00,0,,2026-03-09,"2026-03-17 14:14:48",2623.94,0.00,0,0.00,30,"Kelyn Barahona",24,OFICINA,,,0,A_ABONO_ACTIVO,2026-03-09,abonos_creditos.fecha_pago,NO,"2026-03-17 14:14:48"
30277,23860,000-001-01-00038788,"UTILES VILLANUEVA",0.00,0,,2026-03-09,"2026-03-17 14:13:58",59803.16,0.00,0,0.00,30,"Kelyn Barahona",24,OFICINA,,,0,A_ABONO_ACTIVO,2026-03-09,abonos_creditos.fecha_pago,NO,"2026-03-17 14:13:58"
30278,23861,000-001-01-00038789,"UTILES VILLANUEVA",0.00,0,,2026-03-09,"2026-03-17 14:08:24",34155.00,0.00,0,0.00,30,"Kelyn Barahona",24,OFICINA,,,0,A_ABONO_ACTIVO,2026-03-09,abonos_creditos.fecha_pago,NO,"2026-03-17 14:08:24"
30248,24113,000-001-01-00039041,"DISTRIBUIDORA GLOBAL S. DE R.L",0.00,0,,2026-03-09,"2026-03-19 12:30:47",2013.65,0.00,0,0.00,57,"Josue Cerritos",13,"Belinda Lopez",,,0,A_ABONO_ACTIVO,2026-03-09,abonos_creditos.fecha_pago,NO,"2026-03-19 12:30:47"
30242,24139,000-001-01-00039067,"CREDITO EMPLEADOS",0.00,0,,2026-03-09,"2026-03-20 11:50:23",397.73,0.00,0,0.00,30,"Kelyn Barahona",24,OFICINA,,,0,A_ABONO_ACTIVO,2026-03-09,abonos_creditos.fecha_pago,NO,"2026-03-20 11:50:23"
31672,24229,000-001-01-00039157,"CORPORATE INVESTMENTS SOCIEDAD DE RESPONSABILIDAD LIMITADA",0.00,0,,2026-03-09,"2026-03-20 10:58:14",34575.90,0.00,0,0.00,30,"Kelyn Barahona",24,OFICINA,,,0,A_ABONO_ACTIVO,2026-03-09,abonos_creditos.fecha_pago,NO,"2026-03-20 10:58:14"
31026,24345,000-001-01-00039273,"DISTRIBUIDORA GLOBAL S. DE R.L",0.00,0,,2026-03-09,"2026-03-19 12:48:51",1857.25,0.00,0,0.00,57,"Josue Cerritos",13,"Belinda Lopez",,,0,A_ABONO_ACTIVO,2026-03-09,abonos_creditos.fecha_pago,NO,"2026-03-19 12:48:51"
31027,24354,000-001-01-00039282,"DISTRIBUIDORA GLOBAL S. DE R.L",0.00,0,,2026-03-09,"2026-03-19 14:01:41",9867.00,0.00,0,0.00,57,"Josue Cerritos",13,"Belinda Lopez",,,0,A_ABONO_ACTIVO,2026-03-09,abonos_creditos.fecha_pago,NO,"2026-03-19 14:01:41"
31200,24414,000-001-01-00039340,"ADMINISTRADORA DE SERVICIOS INMOBILIARIOS S.A. DE .C.V",0.00,0,,2026-03-09,"2026-03-30 15:28:44",4416.00,0.00,0,0.00,89,"Jonathan Lopez",36,"Angel Villela",,,0,A_ABONO_ACTIVO,2026-03-09,abonos_creditos.fecha_pago,NO,"2026-03-30 15:28:44"
30780,24420,000-001-01-00039346,"CONEXION PLUS",0.00,0,,2026-03-09,"2026-03-18 14:19:33",2559.88,0.00,0,0.00,86,"Jose Luque Vendedor",14,"Sulay Pineda",,,0,A_ABONO_ACTIVO,2026-03-09,abonos_creditos.fecha_pago,NO,"2026-03-18 14:19:33"
30972,24667,000-001-01-00039589,"CREDITO EMPLEADOS",0.00,0,,2026-03-09,"2026-03-20 11:52:01",117.61,0.00,0,0.00,97,"Madelin Sierra",24,OFICINA,,,0,A_ABONO_ACTIVO,2026-03-09,abonos_creditos.fecha_pago,NO,"2026-03-20 11:52:01"
31108,24703,000-001-01-00039625,"HECTOR S OFFICE",0.00,0,,2026-03-09,"2026-03-19 12:02:09",14720.00,7475.00,0,0.00,97,"Madelin Sierra",100,"Kevin Vendedor",,,0,A_ABONO_ACTIVO,2026-03-09,abonos_creditos.fecha_pago,NO,"2026-03-19 12:02:09"
32188,24898,000-001-01-00039817,"PULPERIA DAYANNA",0.00,0,,2026-03-09,"2026-03-18 09:36:41",690.00,0.00,0,0.00,86,"Jose Luque Vendedor",14,"Sulay Pineda",,,0,A_ABONO_ACTIVO,2026-03-09,abonos_creditos.fecha_pago,NO,"2026-03-18 09:36:41"
31729,25100,000-001-01-00040019,"DISTRIBUIDORA MONTECRISTO",0.00,0,,2026-03-09,"2026-03-17 13:40:18",2735.56,0.00,0,0.00,27,"Ana Pineda",24,OFICINA,,,0,A_ABONO_ACTIVO,2026-03-09,abonos_creditos.fecha_pago,SI,"2026-03-17 13:40:18"
31817,25132,000-001-01-00040051,"CREDITO EMPLEADOS",0.00,0,,2026-03-09,"2026-03-20 11:54:08",3485.86,0.00,0,0.00,27,"Ana Pineda",24,OFICINA,,,0,A_ABONO_ACTIVO,2026-03-09,abonos_creditos.fecha_pago,SI,"2026-03-20 11:54:08"
32249,25174,000-001-01-00040093,DISFERRO,0.00,0,,2026-03-09,"2026-03-17 13:55:56",4264.20,0.00,0,0.00,89,"Jonathan Lopez",36,"Angel Villela",,,0,A_ABONO_ACTIVO,2026-03-09,abonos_creditos.fecha_pago,NO,"2026-03-17 13:55:56"
31829,25233,000-001-01-00040152,"CREDITO EMPLEADOS",0.00,0,,2026-03-09,"2026-03-20 11:53:21",559.71,0.00,0,0.00,27,"Ana Pineda",24,OFICINA,,,0,A_ABONO_ACTIVO,2026-03-09,abonos_creditos.fecha_pago,SI,"2026-03-20 11:53:21"
31693,25359,000-001-01-00040278,"EL BODEGON DE LOS PRECIOS BAJOS",0.00,0,,2026-03-09,"2026-03-19 12:08:52",13832.20,0.00,0,0.00,64,"Kevin Nuñez",115,"Erling Peralta",,,0,A_ABONO_ACTIVO,2026-03-09,abonos_creditos.fecha_pago,NO,"2026-03-19 12:08:52"
32284,25440,000-001-01-00040359,"CORPORATE INVESTMENTS SOCIEDAD DE RESPONSABILIDAD LIMITADA",0.00,0,,2026-03-09,"2026-03-20 10:57:37",1826.00,0.00,0,0.00,27,"Ana Pineda",24,OFICINA,,,0,A_ABONO_ACTIVO,2026-03-09,abonos_creditos.fecha_pago,SI,"2026-03-20 10:57:37"
32727,25724,000-001-01-00040641,"DISTRIBUIDORA MARTINEZ",0.00,0,,2026-03-09,"2026-03-17 13:24:25",16818.75,0.00,0,0.00,57,"Josue Cerritos",13,"Belinda Lopez",,,0,A_ABONO_ACTIVO,2026-03-09,abonos_creditos.fecha_pago,NO,"2026-03-17 13:24:25"
32817,25864,000-001-01-00040780,"BANCO FINANCIERA COMERCIAL HONDUREÑA, S.A.",0.00,0,,2026-03-09,"2026-03-18 17:11:48",10697.76,0.00,0,0.00,89,"Jonathan Lopez",36,"Angel Villela",,,0,A_ABONO_ACTIVO,2026-03-09,abonos_creditos.fecha_pago,NO,"2026-03-18 17:11:48"
32819,25871,000-001-01-00040787,"BANCO FINANCIERA COMERCIAL HONDUREÑA, S.A.",0.00,0,,2026-03-09,"2026-03-18 17:11:04",65445.12,0.00,0,0.00,89,"Jonathan Lopez",36,"Angel Villela",,,0,A_ABONO_ACTIVO,2026-03-09,abonos_creditos.fecha_pago,NO,"2026-03-18 17:11:04"
33158,26005,000-001-01-00040921,"INVERSIONES OFIMUNDO",0.00,0,,2026-03-09,"2026-03-18 14:17:02",4235.94,0.00,0,0.00,86,"Jose Luque Vendedor",14,"Sulay Pineda",,,0,A_ABONO_ACTIVO,2026-03-09,abonos_creditos.fecha_pago,NO,"2026-03-18 14:17:02"
33159,26040,000-001-01-00040956,"INVERSIONES OFIMUNDO",0.00,0,,2026-03-09,"2026-03-18 14:15:43",43.72,0.00,0,0.00,86,"Jose Luque Vendedor",14,"Sulay Pineda",,,0,A_ABONO_ACTIVO,2026-03-09,abonos_creditos.fecha_pago,NO,"2026-03-18 14:15:43"
32959,26087,000-001-01-00041003,"CENTRAL AMERICA TRADING",0.00,0,,2026-03-09,"2026-03-20 10:53:49",1451.30,0.00,0,0.00,57,"Josue Cerritos",24,OFICINA,,,0,A_ABONO_ACTIVO,2026-03-09,abonos_creditos.fecha_pago,NO,"2026-03-20 10:53:49"
33291,26101,000-001-01-00041017,"MARTHA ELENA REYES REYES",0.00,0,,2026-03-09,"2026-03-20 12:15:06",496.85,0.00,0,0.00,83,"Yosselin Palma",24,OFICINA,,,0,A_ABONO_ACTIVO,2026-03-09,abonos_creditos.fecha_pago,NO,"2026-03-20 12:15:06"
29627,23346,000-001-01-00038274,"VARIEDADES EL AHORRO",0.00,0,,2026-03-10,"2026-03-18 14:00:19",31240.10,0.00,0,0.00,27,"Ana Pineda",14,"Sulay Pineda",,,0,A_ABONO_ACTIVO,2026-03-10,abonos_creditos.fecha_pago,SI,"2026-03-18 14:00:19"
29628,23347,000-001-01-00038275,"VARIEDADES EL AHORRO",0.00,0,,2026-03-10,"2026-03-18 13:53:24",5115.73,0.00,0,0.00,27,"Ana Pineda",14,"Sulay Pineda",,,0,A_ABONO_ACTIVO,2026-03-10,abonos_creditos.fecha_pago,SI,"2026-03-18 13:53:24"
30141,23976,000-001-01-00038904,"COMERCIAL EL DIAMANTE S DE R.L",0.00,0,,2026-03-10,"2026-03-20 08:48:10",311040.00,0.00,0,0.00,27,"Ana Pineda",24,OFICINA,,,0,A_ABONO_ACTIVO,2026-03-10,abonos_creditos.fecha_pago,SI,"2026-03-20 08:48:10"
30534,24362,000-001-01-00039290,"PAPELERIA ELYON",0.00,0,,2026-03-10,"2026-03-18 14:14:20",9487.69,0.00,0,0.00,89,"Jonathan Lopez",14,"Sulay Pineda",,,0,A_ABONO_ACTIVO,2026-03-10,abonos_creditos.fecha_pago,NO,"2026-03-18 14:14:20"
31049,24570,000-001-01-00039492,"SUPERMERCADO LA COLONIA S.A. DE C.V.",0.00,0,,2026-03-10,"2026-03-17 12:10:53",140599.00,0.00,0,0.00,98,"Yimmy Funes",36,"Angel Villela",,,0,A_ABONO_ACTIVO,2026-03-10,abonos_creditos.fecha_pago,NO,"2026-03-17 12:10:53"
30874,24617,000-001-01-00039539,"COMERCIAL SINAI",0.00,0,,2026-03-10,"2026-03-17 09:05:21",77629.60,0.00,0,0.00,27,"Ana Pineda",24,OFICINA,,,0,A_ABONO_ACTIVO,2026-03-10,abonos_creditos.fecha_pago,SI,"2026-03-17 09:05:21"
30875,24619,000-001-01-00039541,"COMERCIAL SINAI",0.00,0,,2026-03-10,"2026-03-17 09:03:34",53187.50,0.00,0,0.00,27,"Ana Pineda",24,OFICINA,,,0,A_ABONO_ACTIVO,2026-03-10,abonos_creditos.fecha_pago,SI,"2026-03-17 09:03:34"
31109,24720,000-001-01-00039642,"HECTOR S OFFICE",0.00,0,,2026-03-10,"2026-03-19 12:05:13",23345.00,0.00,0,0.00,97,"Madelin Sierra",100,"Kevin Vendedor",,,0,A_ABONO_ACTIVO,2026-03-10,abonos_creditos.fecha_pago,NO,"2026-03-19 12:05:13"
31588,24743,000-001-01-00039664,OFFICETEC,0.00,0,,2026-03-10,"2026-03-18 17:14:31",3852.50,0.00,0,0.00,83,"Yosselin Palma",83,"Yosselin Palma",,,0,A_ABONO_ACTIVO,2026-03-10,abonos_creditos.fecha_pago,NO,"2026-03-18 17:14:31"
31148,24860,000-001-01-00039780,"DISTRIBUIDORA CLIPS S. DE R.L.",0.00,0,,2026-03-10,"2026-03-20 11:55:24",146.73,0.00,0,0.00,64,"Kevin Nuñez",24,OFICINA,,,0,A_ABONO_ACTIVO,2026-03-10,abonos_creditos.fecha_pago,NO,"2026-03-20 11:55:24"
32200,24950,000-001-01-00039869,"DISTRIBUIDORA CLIPS S. DE R.L.",0.00,0,,2026-03-10,"2026-03-20 12:10:47",14338.00,0.00,0,0.00,27,"Ana Pineda",24,OFICINA,,,0,A_ABONO_ACTIVO,2026-03-10,abonos_creditos.fecha_pago,SI,"2026-03-20 12:10:47"
31415,25128,000-001-01-00040047,"CREDITO EMPLEADOS",0.00,0,,2026-03-10,"2026-03-18 10:41:38",1635.09,0.00,0,0.00,64,"Kevin Nuñez",24,OFICINA,,,0,A_ABONO_ACTIVO,2026-03-10,abonos_creditos.fecha_pago,NO,"2026-03-18 10:41:38"
32966,25238,000-001-01-00040157,"UNION COMERCIAL DE HONDURAS S.A DE C.V.",0.00,0,,2026-03-10,"2026-03-20 10:52:59",45703.14,0.00,0,0.00,27,"Ana Pineda",24,OFICINA,,,0,A_ABONO_ACTIVO,2026-03-10,abonos_creditos.fecha_pago,SI,"2026-03-20 10:52:59"
33292,25239,000-001-01-00040158,"MINISTERIO PUBLICO",0.00,0,,2026-03-10,"2026-03-20 12:15:38",224096.00,0.00,1,0.00,57,"Josue Cerritos",13,"Belinda Lopez",,,0,A_ABONO_ACTIVO,2026-03-10,abonos_creditos.fecha_pago,NO,"2026-03-20 12:15:38"
32594,25519,000-001-01-00040438,"DISTRIBUIDORA CLIPS S. DE R.L.",0.00,0,,2026-03-10,"2026-03-20 12:08:52",5903.37,0.00,0,0.00,27,"Ana Pineda",24,OFICINA,,,0,A_ABONO_ACTIVO,2026-03-10,abonos_creditos.fecha_pago,SI,"2026-03-20 12:08:52"
32760,25551,000-001-01-00040469,"GRUPO ARSA S.A",0.00,0,,2026-03-10,"2026-03-18 14:42:18",1300.69,0.00,0,0.00,86,"Jose Luque Vendedor",14,"Sulay Pineda",,,0,A_ABONO_ACTIVO,2026-03-10,abonos_creditos.fecha_pago,NO,"2026-03-18 14:42:18"
32761,25552,000-001-01-00040470,"GRUPO ARSA S.A",0.00,0,,2026-03-10,"2026-03-18 14:41:18",3105.00,0.00,0,0.00,86,"Jose Luque Vendedor",14,"Sulay Pineda",,,0,A_ABONO_ACTIVO,2026-03-10,abonos_creditos.fecha_pago,NO,"2026-03-18 14:41:18"
32818,25868,000-001-01-00040784,"BANCO FINANCIERA COMERCIAL HONDUREÑA, S.A.",0.00,0,,2026-03-10,"2026-03-18 17:09:44",23598.00,0.00,0,0.00,89,"Jonathan Lopez",36,"Angel Villela",,,0,A_ABONO_ACTIVO,2026-03-10,abonos_creditos.fecha_pago,NO,"2026-03-18 17:09:44"
32869,25928,000-001-01-00040844,"DISTRIBUIDORA CLIPS S. DE R.L.",0.00,0,,2026-03-10,"2026-03-20 11:59:34",32775.00,0.00,0,0.00,27,"Ana Pineda",24,OFICINA,,,0,A_ABONO_ACTIVO,2026-03-10,abonos_creditos.fecha_pago,SI,"2026-03-20 11:59:34"
32870,25949,000-001-01-00040865,"DISTRIBUIDORA CLIPS S. DE R.L.",0.00,0,,2026-03-10,"2026-03-20 12:00:06",2534.00,0.00,0,0.00,27,"Ana Pineda",24,OFICINA,,,0,A_ABONO_ACTIVO,2026-03-10,abonos_creditos.fecha_pago,SI,"2026-03-20 12:00:06"
33113,25970,000-001-01-00040886,"COMPUMUNDO  S. DE  R.L.",0.00,0,,2026-03-10,"2026-03-18 10:27:39",977.50,0.00,0,0.00,64,"Kevin Nuñez",115,"Erling Peralta",,,0,A_ABONO_ACTIVO,2026-03-10,abonos_creditos.fecha_pago,NO,"2026-03-18 10:27:39"
33110,25999,000-001-01-00040915,"LAPICES Y MAS",0.00,0,,2026-03-10,"2026-03-18 10:26:00",31165.00,0.00,0,0.00,57,"Josue Cerritos",87,"Mauricio Zavala",,,0,A_ABONO_ACTIVO,2026-03-10,abonos_creditos.fecha_pago,NO,"2026-03-18 10:26:00"
33132,26004,000-001-01-00040920,"DISTRIBUIDORA COMERCIAL BKS",0.00,0,,2026-03-10,"2026-03-18 10:43:38",310.50,0.00,0,0.00,57,"Josue Cerritos",36,"Angel Villela",,,0,A_ABONO_ACTIVO,2026-03-10,abonos_creditos.fecha_pago,NO,"2026-03-18 10:43:38"
33109,26010,000-001-01-00040926,"ABARROTERIA ENMANUEL",0.00,0,,2026-03-10,"2026-03-18 10:07:37",1426.23,0.00,0,0.00,57,"Josue Cerritos",87,"Mauricio Zavala",,,0,A_ABONO_ACTIVO,2026-03-10,abonos_creditos.fecha_pago,NO,"2026-03-18 10:07:37"
32862,26015,000-001-01-00040931,"CLIENTE GENERICO",0.00,0,,2026-03-10,"2026-03-18 10:42:27",195.47,0.00,0,0.00,27,"Ana Pineda",24,OFICINA,,,0,A_ABONO_ACTIVO,2026-03-10,abonos_creditos.fecha_pago,SI,"2026-03-18 10:42:27"
33111,26017,000-001-01-00040933,"LAPICES Y MAS",0.00,0,,2026-03-10,"2026-03-18 10:26:35",1949.94,0.00,0,0.00,57,"Josue Cerritos",87,"Mauricio Zavala",,,0,A_ABONO_ACTIVO,2026-03-10,abonos_creditos.fecha_pago,NO,"2026-03-18 10:26:35"
32865,26029,000-001-01-00040945,"CLIENTE GENERICO",0.00,0,,2026-03-10,"2026-03-18 10:29:13",31.61,0.00,0,0.00,27,"Ana Pineda",24,OFICINA,,,0,A_ABONO_ACTIVO,2026-03-10,abonos_creditos.fecha_pago,SI,"2026-03-18 10:29:13"
32885,26031,000-001-01-00040947,"CREDITO EMPLEADOS",0.00,0,,2026-03-10,"2026-03-18 10:34:20",229.43,0.00,0,0.00,57,"Josue Cerritos",24,OFICINA,,,0,A_ABONO_ACTIVO,2026-03-10,abonos_creditos.fecha_pago,NO,"2026-03-18 10:34:20"
32924,26038,000-001-01-00040954,"PAPELERIA LA PROFE",0.00,0,,2026-03-10,"2026-03-18 13:47:32",1920.30,0.00,0,0.00,86,"Jose Luque Vendedor",14,"Sulay Pineda",,,0,A_ABONO_ACTIVO,2026-03-10,abonos_creditos.fecha_pago,NO,"2026-03-18 13:47:32"
33131,26042,000-001-01-00040958,"MARLO ALFREDO  ZELAYA FUNEZ",0.00,0,,2026-03-10,"2026-03-18 10:38:17",911.95,0.00,0,0.00,27,"Ana Pineda",24,OFICINA,,,0,A_ABONO_ACTIVO,2026-03-10,abonos_creditos.fecha_pago,SI,"2026-03-18 10:38:17"
32925,26045,000-001-01-00040961,"PAPELERIA LA PROFE",0.00,0,,2026-03-10,"2026-03-18 13:48:03",1379.45,0.00,0,0.00,86,"Jose Luque Vendedor",14,"Sulay Pineda",,,0,A_ABONO_ACTIVO,2026-03-10,abonos_creditos.fecha_pago,NO,"2026-03-18 13:48:03"
32926,26046,000-001-01-00040962,"PAPELERIA LA PROFE",0.00,0,,2026-03-10,"2026-04-23 11:04:43",2161.71,0.00,0,0.00,86,"Jose Luque Vendedor",14,"Sulay Pineda",,,0,A_ABONO_ACTIVO,2026-03-10,abonos_creditos.fecha_pago,NO,"2026-04-23 11:04:43"
33032,26080,000-001-01-00040996,"EDITORIAL DEKAS",0.00,0,,2026-03-10,"2026-03-14 08:31:19",5393.50,0.00,0,0.00,57,"Josue Cerritos",24,OFICINA,,,0,A_ABONO_ACTIVO,2026-03-10,abonos_creditos.fecha_pago,NO,"2026-03-14 08:31:19"
33177,26099,000-001-01-00041015,"PAPELERIA LA PROFE",0.00,0,,2026-03-10,"2026-03-18 13:48:35",925.29,0.00,0,0.00,86,"Jose Luque Vendedor",14,"Sulay Pineda",,,0,A_ABONO_ACTIVO,2026-03-10,abonos_creditos.fecha_pago,NO,"2026-03-18 13:48:35"
33030,26125,000-001-01-00041041,"VARIEDADES RODRIGUEZ",0.00,0,,2026-03-10,"2026-03-18 17:12:35",47833.10,0.00,0,0.00,57,"Josue Cerritos",120,"CHRISTIAN ESTRADA",,,0,A_ABONO_ACTIVO,2026-03-10,abonos_creditos.fecha_pago,NO,"2026-03-18 17:12:35"
33137,26130,000-001-01-00041046,"BOOK MASTER",0.00,0,,2026-03-10,"2026-03-18 11:10:35",759.00,0.00,0,0.00,120,"CHRISTIAN ESTRADA",120,"CHRISTIAN ESTRADA",,,0,A_ABONO_ACTIVO,2026-03-10,abonos_creditos.fecha_pago,NO,"2026-03-18 11:10:35"
33138,26134,000-001-01-00041050,"BOOK MASTER",0.00,0,,2026-03-10,"2026-03-18 11:11:01",759.00,0.00,0,0.00,120,"CHRISTIAN ESTRADA",120,"CHRISTIAN ESTRADA",,,0,A_ABONO_ACTIVO,2026-03-10,abonos_creditos.fecha_pago,NO,"2026-03-18 11:11:01"
33288,26135,000-001-01-00041051,"DLEITE Y ETIQUETA, S. DE R.L DE C.V",0.00,0,,2026-03-10,"2026-03-20 12:12:21",1229.35,0.00,0,0.00,27,"Ana Pineda",24,OFICINA,,,0,A_ABONO_ACTIVO,2026-03-10,abonos_creditos.fecha_pago,SI,"2026-03-20 12:12:21"
30624,24406,000-001-01-00039332,"MERCADITO EL ROSQUILLERO",0.00,0,,2026-03-11,"2026-03-18 14:33:32",598.00,0.00,0,0.00,89,"Jonathan Lopez",14,"Sulay Pineda",,,0,A_ABONO_ACTIVO,2026-03-11,abonos_creditos.fecha_pago,NO,"2026-03-18 14:33:32"
30625,24407,000-001-01-00039333,"MERCADITO EL ROSQUILLERO",0.00,0,,2026-03-11,"2026-03-18 14:34:19",5319.90,0.00,0,0.00,89,"Jonathan Lopez",14,"Sulay Pineda",,,0,A_ABONO_ACTIVO,2026-03-11,abonos_creditos.fecha_pago,NO,"2026-03-18 14:34:19"
31541,24893,000-001-01-00039813,"INVERSIONES DIANA MAYOREO",0.00,0,,2026-03-11,"2026-03-18 14:29:59",5836.41,0.00,0,0.00,86,"Jose Luque Vendedor",14,"Sulay Pineda",,,0,A_ABONO_ACTIVO,2026-03-11,abonos_creditos.fecha_pago,NO,"2026-03-18 14:29:59"
31542,24897,000-001-01-00039816,"INVERSIONES DIANA MAYOREO",0.00,0,,2026-03-11,"2026-03-18 14:28:51",7148.58,0.00,0,0.00,86,"Jose Luque Vendedor",14,"Sulay Pineda",,,0,A_ABONO_ACTIVO,2026-03-11,abonos_creditos.fecha_pago,NO,"2026-03-18 14:28:51"
31724,25297,000-001-01-00040216,MARVE,0.00,0,,2026-03-11,"2026-03-17 13:47:13",20010.00,0.00,0,0.00,27,"Ana Pineda",24,OFICINA,,,0,A_ABONO_ACTIVO,2026-03-11,abonos_creditos.fecha_pago,SI,"2026-03-17 13:47:13"
32975,26083,000-001-01-00040999,"ALCANCE S.A DE C.V.",0.00,0,,2026-03-11,"2026-03-18 17:08:40",943.92,0.00,0,0.00,83,"Yosselin Palma",36,"Angel Villela",,,0,A_ABONO_ACTIVO,2026-03-11,abonos_creditos.fecha_pago,NO,"2026-03-18 17:08:40"
32976,26085,000-001-01-00041001,"ALCANCE S.A DE C.V.",0.00,0,,2026-03-11,"2026-03-18 17:07:55",44049.60,0.00,0,0.00,36,"Angel Villela",36,"Angel Villela",,,0,A_ABONO_ACTIVO,2026-03-11,abonos_creditos.fecha_pago,NO,"2026-03-18 17:07:55"
32958,26092,000-001-01-00041008,"COLEGIO DE INGENIEROS CIVILES DE HONDURAS",0.00,0,,2026-03-11,"2026-03-17 11:07:18",7590.00,0.00,0,0.00,120,"CHRISTIAN ESTRADA",120,"CHRISTIAN ESTRADA",,,0,A_ABONO_ACTIVO,2026-03-11,abonos_creditos.fecha_pago,NO,"2026-03-17 11:07:18"
33063,26143,000-001-01-00041059,"CLIENTE GENERICO",0.00,0,,2026-03-11,"2026-03-18 11:06:32",174.36,0.00,0,0.00,27,"Ana Pineda",24,OFICINA,,,0,A_ABONO_ACTIVO,2026-03-11,abonos_creditos.fecha_pago,SI,"2026-03-18 11:06:32"
27316,21701,000-001-01-00036629,"DECO Y MAS",0.00,0,,2026-03-12,"2026-03-18 14:39:11",4410.48,0.00,0,0.00,64,"Kevin Nuñez",14,"Sulay Pineda",,,0,A_ABONO_ACTIVO,2026-03-12,abonos_creditos.fecha_pago,NO,"2026-03-18 14:39:11"
29473,22983,000-001-01-00037911,"EMBOTELLADORA LA REYNA S.A",0.00,0,,2026-03-12,"2026-03-20 10:49:18",35650.00,0.00,0,0.00,58,"Daniela Torres",13,"Belinda Lopez",,,0,A_ABONO_ACTIVO,2026-03-12,abonos_creditos.fecha_pago,NO,"2026-03-20 10:49:18"
29474,23025,000-001-01-00037953,"EMBOTELLADORA LA REYNA S.A",0.00,0,,2026-03-12,"2026-03-20 10:48:38",13340.00,0.00,0,0.00,30,"Kelyn Barahona",13,"Belinda Lopez",,,0,A_ABONO_ACTIVO,2026-03-12,abonos_creditos.fecha_pago,NO,"2026-03-20 10:48:38"
29475,23026,000-001-01-00037954,"EMBOTELLADORA LA REYNA S.A",0.00,0,,2026-03-12,"2026-03-20 10:38:06",29550.43,0.00,0,0.00,64,"Kevin Nuñez",13,"Belinda Lopez",,,0,A_ABONO_ACTIVO,2026-03-12,abonos_creditos.fecha_pago,NO,"2026-03-20 10:38:06"
31117,24859,000-001-01-00039779,"KING CHEMICALS",0.00,0,,2026-03-12,"2026-03-25 15:36:13",329.13,0.00,0,0.00,27,"Ana Pineda",24,OFICINA,,,0,A_ABONO_ACTIVO,2026-03-12,abonos_creditos.fecha_pago,SI,"2026-03-25 15:36:13"
33263,25324,000-001-01-00040243,"REMARCO S. A. DE C. V.",0.00,0,,2026-03-12,"2026-03-20 10:49:44",20226.39,0.00,0,0.00,27,"Ana Pineda",24,OFICINA,,,0,A_ABONO_ACTIVO,2026-03-12,abonos_creditos.fecha_pago,SI,"2026-03-20 10:49:44"
32962,25559,000-001-01-00040477,"MEDILAB S.A DE C.V",0.00,0,,2026-03-12,"2026-03-20 10:51:26",4921.23,0.00,0,0.00,27,"Ana Pineda",24,OFICINA,,,0,A_ABONO_ACTIVO,2026-03-12,abonos_creditos.fecha_pago,SI,"2026-03-20 10:51:26"
33190,25987,000-001-01-00040903,"UTILES ESCOLARES LA CATRACHITA",0.00,0,,2026-03-12,"2026-03-18 16:38:50",10892.78,0.00,0,0.00,97,"Madelin Sierra",4,"Roy Zelaya",,,0,A_ABONO_ACTIVO,2026-03-12,abonos_creditos.fecha_pago,NO,"2026-03-18 16:38:50"
32874,26030,000-001-01-00040946,"BANCO FINANCIERA COMERCIAL HONDUREÑA, S.A.",0.00,0,,2026-03-12,"2026-04-21 15:34:09",10697.76,0.00,0,0.00,64,"Kevin Nuñez",36,"Angel Villela",,,0,A_ABONO_ACTIVO,2026-03-12,abonos_creditos.fecha_pago,NO,"2026-04-21 15:34:09"
32927,26082,000-001-01-00040998,"BANCO FINANCIERA COMERCIAL HONDUREÑA, S.A.",0.00,0,,2026-03-12,"2026-04-21 15:35:18",50342.40,0.00,0,0.00,83,"Yosselin Palma",36,"Angel Villela",,,0,A_ABONO_ACTIVO,2026-03-12,abonos_creditos.fecha_pago,NO,"2026-04-21 15:35:18"
33221,26108,000-001-01-00041024,"DIXA KARINA HERNANDEZ TURCIOS",0.00,0,,2026-03-12,"2026-03-19 11:59:00",1886.00,0.00,0,0.00,64,"Kevin Nuñez",115,"Erling Peralta",,,0,A_ABONO_ACTIVO,2026-03-12,abonos_creditos.fecha_pago,NO,"2026-03-19 11:59:00"
33133,26212,000-001-01-00041128,"REENCAUCHE Y DISTRIBUCION DE LLANTAS S.A. DE C.V.",0.00,0,,2026-03-12,"2026-03-18 10:57:27",5313.00,0.00,0,0.00,97,"Madelin Sierra",24,OFICINA,,,0,A_ABONO_ACTIVO,2026-03-12,abonos_creditos.fecha_pago,NO,"2026-03-18 10:57:27"
33273,26219,000-001-01-00041135,"YOJOA NET",0.00,0,,2026-03-12,"2026-03-20 11:04:37",1236.49,0.00,0,0.00,97,"Madelin Sierra",24,OFICINA,,,0,A_ABONO_ACTIVO,2026-03-12,abonos_creditos.fecha_pago,NO,"2026-03-20 11:04:37"
29414,23398,000-001-01-00038326,"GRAPHIC CENTER",0.00,0,,2026-03-13,"2026-03-18 12:14:05",74611.08,0.00,0,0.00,27,"Ana Pineda",14,"Sulay Pineda",,,0,A_ABONO_ACTIVO,2026-03-13,abonos_creditos.fecha_pago,SI,"2026-03-18 12:14:05"
29415,23400,000-001-01-00038328,"GRAPHIC CENTER",0.00,0,,2026-03-13,"2026-03-18 12:13:10",1821.80,0.00,0,0.00,27,"Ana Pineda",14,"Sulay Pineda",,,0,A_ABONO_ACTIVO,2026-03-13,abonos_creditos.fecha_pago,SI,"2026-03-18 12:13:10"
29416,23402,000-001-01-00038330,"GRAPHIC CENTER",0.00,0,,2026-03-13,"2026-03-18 12:12:36",14090.32,0.00,0,0.00,27,"Ana Pineda",14,"Sulay Pineda",,,0,A_ABONO_ACTIVO,2026-03-13,abonos_creditos.fecha_pago,SI,"2026-03-18 12:12:36"
29417,23403,000-001-01-00038331,"GRAPHIC CENTER",0.00,0,,2026-03-13,"2026-03-18 12:12:02",14375.00,0.00,0,0.00,27,"Ana Pineda",14,"Sulay Pineda",,,0,A_ABONO_ACTIVO,2026-03-13,abonos_creditos.fecha_pago,SI,"2026-03-18 12:12:02"
29418,23404,000-001-01-00038332,"GRAPHIC CENTER",0.00,0,,2026-03-13,"2026-03-18 12:11:36",2405.98,0.00,0,0.00,27,"Ana Pineda",14,"Sulay Pineda",,,0,A_ABONO_ACTIVO,2026-03-13,abonos_creditos.fecha_pago,SI,"2026-03-18 12:11:36"
29419,23411,000-001-01-00038339,"GRAPHIC CENTER",0.00,0,,2026-03-13,"2026-03-18 12:15:32",10195.52,0.00,0,0.00,27,"Ana Pineda",14,"Sulay Pineda",,,0,A_ABONO_ACTIVO,2026-03-13,abonos_creditos.fecha_pago,SI,"2026-03-18 12:15:32"
29420,23418,000-001-01-00038346,"GRAPHIC CENTER",0.00,0,,2026-03-13,"2026-03-18 12:35:53",45270.90,0.00,0,0.00,27,"Ana Pineda",14,"Sulay Pineda",,,0,A_ABONO_ACTIVO,2026-03-13,abonos_creditos.fecha_pago,SI,"2026-03-18 12:35:53"
29421,23420,000-001-01-00038348,"GRAPHIC CENTER",0.00,0,,2026-03-13,"2026-03-18 12:34:12",105172.22,0.00,0,0.00,27,"Ana Pineda",14,"Sulay Pineda",,,0,A_ABONO_ACTIVO,2026-03-13,abonos_creditos.fecha_pago,SI,"2026-03-18 12:34:12"
29422,23421,000-001-01-00038349,"GRAPHIC CENTER",0.00,0,,2026-03-13,"2026-03-18 12:30:34",23158.72,0.00,0,0.00,27,"Ana Pineda",14,"Sulay Pineda",,,0,A_ABONO_ACTIVO,2026-03-13,abonos_creditos.fecha_pago,SI,"2026-03-18 12:30:34"
29812,23619,000-001-01-00038547,"GRAPHIC CENTER",0.00,0,,2026-03-13,"2026-03-18 12:29:13",57500.00,0.00,0,0.00,27,"Ana Pineda",14,"Sulay Pineda",,,0,A_ABONO_ACTIVO,2026-03-13,abonos_creditos.fecha_pago,SI,"2026-03-18 12:29:13"
30093,23896,000-001-01-00038824,"GRAPHIC CENTER",0.00,0,,2026-03-13,"2026-03-18 12:27:07",73576.08,0.00,0,0.00,27,"Ana Pineda",14,"Sulay Pineda",,,0,A_ABONO_ACTIVO,2026-03-13,abonos_creditos.fecha_pago,SI,"2026-03-18 12:27:07"
30464,24227,000-001-01-00039155,"OFFICE COMPUTERS S. DE R.L",0.00,0,,2026-03-13,"2026-04-16 09:25:16",31740.00,0.00,0,0.00,30,"Kelyn Barahona",24,OFICINA,,,0,A_ABONO_ACTIVO,2026-03-13,abonos_creditos.fecha_pago,NO,"2026-04-16 09:25:16"
31023,24429,000-001-01-00039355,DIREMAS,0.00,0,,2026-03-13,"2026-03-20 11:46:26",4807.00,0.00,0,0.00,86,"Jose Luque Vendedor",24,OFICINA,,,0,A_ABONO_ACTIVO,2026-03-13,abonos_creditos.fecha_pago,NO,"2026-03-20 11:46:26"
31572,24896,000-001-01-00039815,"POWER CLEAN S.DE R.L DE CV",0.00,0,,2026-03-13,"2026-03-20 11:54:56",5416.73,0.00,0,0.00,27,"Ana Pineda",24,OFICINA,,,0,A_ABONO_ACTIVO,2026-03-13,abonos_creditos.fecha_pago,SI,"2026-03-20 11:54:56"
32429,25383,000-001-01-00040302,"PAPER ON",0.00,0,,2026-03-13,"2026-03-19 14:50:51",4894.50,0.00,0,0.00,57,"Josue Cerritos",87,"Mauricio Zavala",,,0,A_ABONO_ACTIVO,2026-03-13,abonos_creditos.fecha_pago,NO,"2026-03-19 14:50:51"
33865,25816,000-001-01-00040732,"LOARQUE COMERCIAL",0.00,0,,2026-03-13,"2026-04-21 12:25:51",13553.25,0.00,0,0.00,57,"Josue Cerritos",24,OFICINA,,,0,A_ABONO_ACTIVO,2026-03-13,abonos_creditos.fecha_pago,NO,"2026-04-21 12:25:51"
32979,25958,000-001-01-00040874,"BANCO ATLANTIDA",0.00,0,,2026-03-13,"2026-03-19 16:29:03",165751.80,0.00,0,0.00,89,"Jonathan Lopez",36,"Angel Villela",,,0,A_ABONO_ACTIVO,2026-03-13,abonos_creditos.fecha_pago,NO,"2026-03-19 16:29:03"
33264,26137,000-001-01-00041053,"PANGEA INVERSIONES, S. DE R.L.",0.00,0,,2026-03-13,"2026-03-20 10:50:43",1351.37,0.00,0,0.00,57,"Josue Cerritos",36,"Angel Villela",,,0,A_ABONO_ACTIVO,2026-03-13,abonos_creditos.fecha_pago,NO,"2026-03-20 10:50:43"
33108,26210,000-001-01-00041126,"SERVICIOS INTEGRADOS DE HONDURAS",0.00,0,,2026-03-13,"2026-03-20 12:12:56",1362.75,0.00,0,0.00,64,"Kevin Nuñez",24,OFICINA,,,0,A_ABONO_ACTIVO,2026-03-13,abonos_creditos.fecha_pago,NO,"2026-03-20 12:12:56"
33696,26486,000-001-01-00041402,"BANCO ATLANTIDA",0.00,0,,2026-03-13,"2026-04-14 16:50:20",165751.80,0.00,0,0.00,57,"Josue Cerritos",36,"Angel Villela",,,0,A_ABONO_ACTIVO,2026-03-13,abonos_creditos.fecha_pago,NO,"2026-04-14 16:50:20"
28475,22703,000-001-01-00037631,"REPRESENTACIONES Y DISTRIBUCIONES PONCE",0.00,0,,2026-03-14,"2026-03-17 14:20:19",1022.30,0.00,0,0.00,64,"Kevin Nuñez",13,"Belinda Lopez",,,0,A_ABONO_ACTIVO,2026-03-14,abonos_creditos.fecha_pago,NO,"2026-03-17 14:20:19"
28477,22709,000-001-01-00037637,"REPRESENTACIONES Y DISTRIBUCIONES PONCE",0.00,0,,2026-03-14,"2026-03-17 14:23:19",32399.20,0.00,0,0.00,64,"Kevin Nuñez",13,"Belinda Lopez",,,0,A_ABONO_ACTIVO,2026-03-14,abonos_creditos.fecha_pago,NO,"2026-03-17 14:23:19"
28478,22715,000-001-01-00037643,"REPRESENTACIONES Y DISTRIBUCIONES PONCE",0.00,0,,2026-03-14,"2026-03-17 14:22:41",3325.63,0.00,0,0.00,64,"Kevin Nuñez",13,"Belinda Lopez",,,0,A_ABONO_ACTIVO,2026-03-14,abonos_creditos.fecha_pago,NO,"2026-03-17 14:22:41"
28479,22716,000-001-01-00037644,"REPRESENTACIONES Y DISTRIBUCIONES PONCE",0.00,0,,2026-03-14,"2026-03-17 14:21:56",3133.27,0.00,0,0.00,64,"Kevin Nuñez",13,"Belinda Lopez",,,0,A_ABONO_ACTIVO,2026-03-14,abonos_creditos.fecha_pago,NO,"2026-03-17 14:21:56"
28480,22721,000-001-01-00037649,"REPRESENTACIONES Y DISTRIBUCIONES PONCE",0.00,0,,2026-03-14,"2026-03-17 14:21:15",12545.24,0.00,0,0.00,64,"Kevin Nuñez",13,"Belinda Lopez",,,0,A_ABONO_ACTIVO,2026-03-14,abonos_creditos.fecha_pago,NO,"2026-03-17 14:21:15"
28491,22727,000-001-01-00037655,"SAMMY S ESCOLARES",0.00,0,,2026-03-14,"2026-03-17 11:53:43",17845.71,0.00,0,8996.22,64,"Kevin Nuñez",115,"Erling Peralta",,,0,A_ABONO_ACTIVO,2026-03-14,abonos_creditos.fecha_pago,NO,"2026-03-17 11:53:43"
28580,22749,000-001-01-00037677,"REPRESENTACIONES Y DISTRIBUCIONES PONCE",0.00,0,,2026-03-14,"2026-03-17 14:20:46",441.60,0.00,0,0.00,64,"Kevin Nuñez",13,"Belinda Lopez",,,0,A_ABONO_ACTIVO,2026-03-14,abonos_creditos.fecha_pago,NO,"2026-03-17 14:20:46"
29882,23684,000-001-01-00038612,"DROGUERIA Y TIENDAS SAN MIGUEL  S. DE R.L.",0.00,0,,2026-03-14,"2026-03-20 12:18:59",104670.72,0.00,0,0.00,30,"Kelyn Barahona",24,OFICINA,,,0,A_ABONO_ACTIVO,2026-03-14,abonos_creditos.fecha_pago,NO,"2026-03-20 12:18:59"
29884,23687,000-001-01-00038615,"DROGUERIA Y TIENDAS SAN MIGUEL  S. DE R.L.",0.00,0,,2026-03-14,"2026-03-20 12:18:27",91218.00,0.00,0,0.00,30,"Kelyn Barahona",24,OFICINA,,,0,A_ABONO_ACTIVO,2026-03-14,abonos_creditos.fecha_pago,NO,"2026-03-20 12:18:27"
30217,24019,000-001-01-00038947,"SAMMY S ESCOLARES",0.00,0,,2026-03-14,"2026-03-17 11:47:23",69267.51,0.00,0,0.00,89,"Jonathan Lopez",87,"Mauricio Zavala",,,0,A_ABONO_ACTIVO,2026-03-14,abonos_creditos.fecha_pago,NO,"2026-03-17 11:47:23"
30342,24035,000-001-01-00038963,"DROGUERIA Y TIENDAS SAN MIGUEL  S. DE R.L.",0.00,0,,2026-03-14,"2026-03-20 12:20:52",690690.00,0.00,0,0.00,57,"Josue Cerritos",24,OFICINA,,,0,A_ABONO_ACTIVO,2026-03-14,abonos_creditos.fecha_pago,NO,"2026-03-20 12:20:52"
31371,24633,000-001-01-00039555,"EDICIONES E IMPRESIONES SPACIO GRAFICO S DE R L",0.00,0,,2026-03-14,"2026-03-17 11:01:38",1823.88,0.00,0,0.00,27,"Ana Pineda",24,OFICINA,,,0,A_ABONO_ACTIVO,2026-03-14,abonos_creditos.fecha_pago,SI,"2026-03-17 11:01:38"
31582,25141,000-001-01-00040060,"INVERSIONES TECNOLOGICAS CORPORATIVAS S. de R.L",0.00,0,,2026-03-14,"2026-03-19 11:46:08",1024.65,0.00,0,0.00,64,"Kevin Nuñez",115,"Erling Peralta",,,0,A_ABONO_ACTIVO,2026-03-14,abonos_creditos.fecha_pago,NO,"2026-03-19 11:46:08"
31583,25148,000-001-01-00040067,"INVERSIONES TECNOLOGICAS CORPORATIVAS S. de R.L",0.00,0,,2026-03-14,"2026-03-19 11:42:44",3300.96,0.00,0,0.00,64,"Kevin Nuñez",115,"Erling Peralta",,,0,A_ABONO_ACTIVO,2026-03-14,abonos_creditos.fecha_pago,NO,"2026-03-19 11:42:44"
31584,25155,000-001-01-00040074,"INVERSIONES TECNOLOGICAS CORPORATIVAS S. de R.L",0.00,0,,2026-03-14,"2026-03-19 11:41:32",3811.14,0.00,0,0.00,64,"Kevin Nuñez",115,"Erling Peralta",,,0,A_ABONO_ACTIVO,2026-03-14,abonos_creditos.fecha_pago,NO,"2026-03-19 11:41:32"
31585,25176,000-001-01-00040095,"INVERSIONES TECNOLOGICAS CORPORATIVAS S. de R.L",0.00,0,,2026-03-14,"2026-03-19 11:40:26",1104.00,0.00,0,0.00,64,"Kevin Nuñez",115,"Erling Peralta",,,0,A_ABONO_ACTIVO,2026-03-14,abonos_creditos.fecha_pago,NO,"2026-03-19 11:40:26"
31586,25179,000-001-01-00040098,"INVERSIONES TECNOLOGICAS CORPORATIVAS S. de R.L",0.00,0,,2026-03-14,"2026-03-19 11:39:21",1423.13,0.00,0,0.00,64,"Kevin Nuñez",115,"Erling Peralta",,,0,A_ABONO_ACTIVO,2026-03-14,abonos_creditos.fecha_pago,NO,"2026-03-19 11:39:21"
32264,25195,000-001-01-00040114,"INVERSIONES TECNOLOGICAS CORPORATIVAS S. de R.L",0.00,0,,2026-03-14,"2026-03-19 11:38:06",1862.93,0.00,0,0.00,64,"Kevin Nuñez",115,"Erling Peralta",,,0,A_ABONO_ACTIVO,2026-03-14,abonos_creditos.fecha_pago,NO,"2026-03-19 11:38:06"
32416,25272,000-001-01-00040191,"EDICIONES E IMPRESIONES SPACIO GRAFICO S DE R L",0.00,0,,2026-03-14,"2026-03-17 11:02:30",3647.75,0.00,0,0.00,27,"Ana Pineda",24,OFICINA,,,0,A_ABONO_ACTIVO,2026-03-14,abonos_creditos.fecha_pago,SI,"2026-03-17 11:02:30"
32788,25938,000-001-01-00040854,"INVERSIONES SHAMMAH S. DE R.L.",0.00,0,,2026-03-14,"2026-03-19 15:25:31",3293.79,0.00,0,0.00,64,"Kevin Nuñez",115,"Erling Peralta",,,0,A_ABONO_ACTIVO,2026-03-14,abonos_creditos.fecha_pago,NO,"2026-03-19 15:25:31"
33035,26066,000-001-01-00040982,"INVERSIONES SHAMMAH S. DE R.L.",0.00,0,,2026-03-14,"2026-03-19 15:50:00",6780.71,0.00,0,0.00,64,"Kevin Nuñez",115,"Erling Peralta",,,0,A_ABONO_ACTIVO,2026-03-14,abonos_creditos.fecha_pago,NO,"2026-03-19 15:50:00"
33080,26075,000-001-01-00040991,"MASTER PRINTING",0.00,0,,2026-03-14,"2026-03-17 15:58:04",3619.28,0.00,0,0.00,64,"Kevin Nuñez",115,"Erling Peralta",,,0,A_ABONO_ACTIVO,2026-03-14,abonos_creditos.fecha_pago,NO,"2026-03-17 15:58:04"
33036,26093,000-001-01-00041009,"INVERSIONES SHAMMAH S. DE R.L.",0.00,0,,2026-03-14,"2026-03-19 15:31:10",4989.74,0.00,0,0.00,64,"Kevin Nuñez",115,"Erling Peralta",,,0,A_ABONO_ACTIVO,2026-03-14,abonos_creditos.fecha_pago,NO,"2026-03-19 15:31:10"
33081,26106,000-001-01-00041022,"MASTER PRINTING",0.00,0,,2026-03-14,"2026-03-17 15:59:34",676.15,0.00,0,0.00,64,"Kevin Nuñez",115,"Erling Peralta",,,0,A_ABONO_ACTIVO,2026-03-14,abonos_creditos.fecha_pago,NO,"2026-03-17 15:59:34"
33087,26110,000-001-01-00041026,"VARIEDADES POPULAR",0.00,0,,2026-03-14,"2026-03-17 16:05:49",1095.75,0.00,0,0.00,64,"Kevin Nuñez",115,"Erling Peralta",,,0,A_ABONO_ACTIVO,2026-03-14,abonos_creditos.fecha_pago,NO,"2026-03-17 16:05:49"
33082,26111,000-001-01-00041027,"MASTER PRINTING",0.00,0,,2026-03-14,"2026-03-17 15:57:25",124.20,0.00,0,0.00,64,"Kevin Nuñez",115,"Erling Peralta",,,0,A_ABONO_ACTIVO,2026-03-14,abonos_creditos.fecha_pago,NO,"2026-03-17 15:57:25"
33106,26116,000-001-01-00041032,"GRAPHICS JKS",0.00,0,,2026-03-14,"2026-03-18 09:56:30",700.68,0.00,0,0.00,86,"Jose Luque Vendedor",14,"Sulay Pineda",,,0,A_ABONO_ACTIVO,2026-03-14,abonos_creditos.fecha_pago,NO,"2026-03-18 09:56:30"
33083,26119,000-001-01-00041035,"MASTER PRINTING",0.00,0,,2026-03-14,"2026-03-17 15:58:58",4521.22,0.00,0,0.00,57,"Josue Cerritos",115,"Erling Peralta",,,0,A_ABONO_ACTIVO,2026-03-14,abonos_creditos.fecha_pago,NO,"2026-03-17 15:58:58"
33097,26122,000-001-01-00041038,"DISTRIBUIDORA DE PRODUCTOS VARIADOS ¨DIPROVA¨",0.00,0,,2026-03-14,"2026-03-18 09:46:19",2501.25,0.00,0,0.00,64,"Kevin Nuñez",115,"Erling Peralta",,,0,A_ABONO_ACTIVO,2026-03-14,abonos_creditos.fecha_pago,NO,"2026-03-18 09:46:19"
33062,26138,000-001-01-00041054,"INVERSIONES LICONA",0.00,0,,2026-03-14,"2026-03-17 15:42:45",3415.50,0.00,0,0.00,57,"Josue Cerritos",24,OFICINA,,,0,A_ABONO_ACTIVO,2026-03-14,abonos_creditos.fecha_pago,NO,"2026-03-17 15:42:45"
33009,26162,000-001-01-00041078,"SERVICIOS INTEGRADOS DE HONDURAS",0.00,0,,2026-03-14,"2026-03-18 10:00:48",747.50,0.00,0,0.00,27,"Ana Pineda",24,OFICINA,,,0,A_ABONO_ACTIVO,2026-03-14,abonos_creditos.fecha_pago,SI,"2026-03-18 10:00:48"
33064,26168,000-001-01-00041084,"CLIENTE GENERICO",0.00,0,,2026-03-14,"2026-03-18 09:54:41",151.80,0.00,0,0.00,97,"Madelin Sierra",24,OFICINA,,,0,A_ABONO_ACTIVO,2026-03-14,abonos_creditos.fecha_pago,NO,"2026-03-18 09:54:41"
33079,26182,000-001-01-00041098,"ABARROTERIA WAI MING",0.00,0,,2026-03-14,"2026-03-17 15:49:38",17940.00,0.00,0,0.00,120,"CHRISTIAN ESTRADA",120,"CHRISTIAN ESTRADA",,,0,A_ABONO_ACTIVO,2026-03-14,abonos_creditos.fecha_pago,NO,"2026-03-17 15:49:38"
33134,26184,000-001-01-00041100,COPYTRAX,0.00,0,,2026-03-14,"2026-03-19 16:42:50",2395.72,0.00,0,0.00,57,"Josue Cerritos",65,"Jessy Alvarado",,,0,A_ABONO_ACTIVO,2026-03-14,abonos_creditos.fecha_pago,NO,"2026-03-19 16:42:50"
33257,26186,000-001-01-00041102,"FERRETERIA SANTA FE",0.00,0,,2026-03-14,"2026-03-19 16:49:39",710.70,0.00,0,0.00,57,"Josue Cerritos",65,"Jessy Alvarado",,,0,A_ABONO_ACTIVO,2026-03-14,abonos_creditos.fecha_pago,NO,"2026-03-19 16:49:39"
33065,26191,000-001-01-00041107,"CLIENTE GENERICO",0.00,0,,2026-03-14,"2026-03-17 15:51:08",89.70,0.00,0,0.00,27,"Ana Pineda",24,OFICINA,,,0,A_ABONO_ACTIVO,2026-03-14,abonos_creditos.fecha_pago,SI,"2026-03-17 15:51:08"
33135,26196,000-001-01-00041112,COPYTRAX,0.00,0,,2026-03-14,"2026-03-19 16:43:46",69.00,0.00,0,0.00,57,"Josue Cerritos",65,"Jessy Alvarado",,,0,A_ABONO_ACTIVO,2026-03-14,abonos_creditos.fecha_pago,NO,"2026-03-19 16:43:46"
33078,26215,000-001-01-00041131,"FRANCIS YANETH VARGAS",0.00,0,,2026-03-14,"2026-03-17 15:44:40",2816.40,0.00,0,0.00,57,"Josue Cerritos",24,OFICINA,,,0,A_ABONO_ACTIVO,2026-03-14,abonos_creditos.fecha_pago,NO,"2026-03-17 15:44:40"
33067,26226,000-001-01-00041142,"CLIENTE GENERICO",0.00,0,,2026-03-14,"2026-03-17 15:43:28",245.00,0.00,0,0.00,57,"Josue Cerritos",24,OFICINA,,,0,A_ABONO_ACTIVO,2026-03-14,abonos_creditos.fecha_pago,NO,"2026-03-17 15:43:28"
28898,22659,000-001-01-00037587,"COMERCIAL OFFICE & HOME S. DE R. L.",0.00,0,,2026-03-15,"2026-03-18 16:42:57",88708.13,0.00,0,0.00,64,"Kevin Nuñez",4,"Roy Zelaya",,,0,A_ABONO_ACTIVO,2026-03-15,abonos_creditos.fecha_pago,NO,"2026-03-18 16:42:57"
28899,22673,000-001-01-00037601,"COMERCIAL OFFICE & HOME S. DE R. L.",0.00,0,,2026-03-15,"2026-03-18 16:41:23",6334.20,0.00,0,0.00,27,"Ana Pineda",4,"Roy Zelaya",,,0,A_ABONO_ACTIVO,2026-03-15,abonos_creditos.fecha_pago,SI,"2026-03-18 16:41:23"
32578,24984,000-001-01-00039903,"FUNDACION TERRA",0.00,0,,2026-03-15,"2026-03-18 17:15:24",64474.23,0.00,0,0.00,83,"Yosselin Palma",83,"Yosselin Palma",,,0,A_ABONO_ACTIVO,2026-03-15,abonos_creditos.fecha_pago,NO,"2026-03-18 17:15:24"
28101,22379,000-001-01-00037307,"TONER STORE",0.00,0,,2026-03-16,"2026-03-19 15:05:50",3576.09,0.00,0,0.00,30,"Kelyn Barahona",13,"Belinda Lopez",,,0,A_ABONO_ACTIVO,2026-03-16,abonos_creditos.fecha_pago,NO,"2026-03-19 15:05:50"
28102,22380,000-001-01-00037308,"TONER STORE",0.00,0,,2026-03-16,"2026-03-19 15:04:52",1011.86,0.00,0,0.00,64,"Kevin Nuñez",13,"Belinda Lopez",,,0,A_ABONO_ACTIVO,2026-03-16,abonos_creditos.fecha_pago,NO,"2026-03-19 15:04:52"
28103,22381,000-001-01-00037309,"TONER STORE",0.00,0,,2026-03-16,"2026-03-19 15:03:35",2584.55,0.00,0,0.00,64,"Kevin Nuñez",13,"Belinda Lopez",,,0,A_ABONO_ACTIVO,2026-03-16,abonos_creditos.fecha_pago,NO,"2026-03-19 15:03:35"
28104,22382,000-001-01-00037310,"TONER STORE",0.00,0,,2026-03-16,"2026-03-19 15:02:30",4276.27,0.00,0,0.00,30,"Kelyn Barahona",13,"Belinda Lopez",,,0,A_ABONO_ACTIVO,2026-03-16,abonos_creditos.fecha_pago,NO,"2026-03-19 15:02:30"
28105,22383,000-001-01-00037311,"TONER STORE",0.00,0,,2026-03-16,"2026-03-19 15:01:38",2887.81,0.00,0,0.00,64,"Kevin Nuñez",13,"Belinda Lopez",,,0,A_ABONO_ACTIVO,2026-03-16,abonos_creditos.fecha_pago,NO,"2026-03-19 15:01:38"
28106,22384,000-001-01-00037312,"TONER STORE",0.00,0,,2026-03-16,"2026-03-19 14:05:56",4642.41,0.00,0,0.00,30,"Kelyn Barahona",13,"Belinda Lopez",,,0,A_ABONO_ACTIVO,2026-03-16,abonos_creditos.fecha_pago,NO,"2026-03-19 14:05:56"
28107,22387,000-001-01-00037315,"TONER STORE",0.00,0,,2026-03-16,"2026-03-19 14:04:16",2848.10,0.00,0,0.00,64,"Kevin Nuñez",13,"Belinda Lopez",,,0,A_ABONO_ACTIVO,2026-03-16,abonos_creditos.fecha_pago,NO,"2026-03-19 14:04:16"
28108,22390,000-001-01-00037318,"TONER STORE",0.00,0,,2026-03-16,"2026-03-19 14:02:50",6500.84,0.00,0,0.00,64,"Kevin Nuñez",13,"Belinda Lopez",,,0,A_ABONO_ACTIVO,2026-03-16,abonos_creditos.fecha_pago,NO,"2026-03-19 14:02:50"
29494,23457,000-001-01-00038385,"LIBRERIA JULIO VERNE",0.00,0,,2026-03-16,"2026-03-18 16:24:57",87285.41,7798.20,0,0.00,88,"Camila Pineda",4,"Roy Zelaya",,,0,A_ABONO_ACTIVO,2026-03-16,abonos_creditos.fecha_pago,NO,"2026-03-18 16:24:57"
29600,23466,000-001-01-00038394,"PAPELERIA HONDURAS",0.00,0,,2026-03-16,"2026-03-25 13:08:18",983.25,0.00,0,0.00,30,"Kelyn Barahona",24,OFICINA,,,0,A_ABONO_ACTIVO,2026-03-16,abonos_creditos.fecha_pago,NO,"2026-03-25 13:08:18"
29652,23485,000-001-01-00038413,"LIBRERIA JULIO VERNE",0.00,0,,2026-03-16,"2026-03-18 16:23:43",21310.67,128.49,0,0.00,89,"Jonathan Lopez",4,"Roy Zelaya",,,0,A_ABONO_ACTIVO,2026-03-16,abonos_creditos.fecha_pago,NO,"2026-03-18 16:23:43"
29653,23502,000-001-01-00038430,"LIBRERIA JULIO VERNE",0.00,0,,2026-03-16,"2026-03-18 16:22:23",58307.74,6338.70,0,0.00,88,"Camila Pineda",4,"Roy Zelaya",,,0,A_ABONO_ACTIVO,2026-03-16,abonos_creditos.fecha_pago,NO,"2026-03-18 16:22:23"
29657,23528,000-001-01-00038456,"LIBRERIA JULIO VERNE",0.00,0,,2026-03-16,"2026-03-18 16:16:56",20386.05,3218.85,0,0.00,27,"Ana Pineda",4,"Roy Zelaya",,,0,A_ABONO_ACTIVO,2026-03-16,abonos_creditos.fecha_pago,SI,"2026-03-18 16:16:56"
29658,23530,000-001-01-00038458,"LIBRERIA JULIO VERNE",0.00,0,,2026-03-16,"2026-03-18 16:15:05",34391.81,8693.15,0,0.00,30,"Kelyn Barahona",4,"Roy Zelaya",,,0,A_ABONO_ACTIVO,2026-03-16,abonos_creditos.fecha_pago,NO,"2026-03-18 16:15:05"
29601,23552,000-001-01-00038480,"PAPELERIA HONDURAS",0.00,0,,2026-03-16,"2026-03-25 13:08:41",37990.25,0.00,0,0.00,30,"Kelyn Barahona",24,OFICINA,,,0,A_ABONO_ACTIVO,2026-03-16,abonos_creditos.fecha_pago,NO,"2026-03-25 13:08:41"
29602,23554,000-001-01-00038482,"PAPELERIA HONDURAS",0.00,0,,2026-03-16,"2026-03-25 13:09:02",6980.50,0.00,0,0.00,30,"Kelyn Barahona",24,OFICINA,,,0,A_ABONO_ACTIVO,2026-03-16,abonos_creditos.fecha_pago,NO,"2026-03-25 13:09:02"
29603,23584,000-001-01-00038512,"PAPELERIA HONDURAS",0.00,0,,2026-03-16,"2026-03-25 13:09:25",46534.75,0.00,0,0.00,30,"Kelyn Barahona",24,OFICINA,,,0,A_ABONO_ACTIVO,2026-03-16,abonos_creditos.fecha_pago,NO,"2026-03-25 13:09:25"
29802,23662,000-001-01-00038590,"PAPELERIA HONDURAS",0.00,0,,2026-03-16,"2026-03-25 13:09:46",6980.50,0.00,0,0.00,30,"Kelyn Barahona",24,OFICINA,,,0,A_ABONO_ACTIVO,2026-03-16,abonos_creditos.fecha_pago,NO,"2026-03-25 13:09:46"
29803,23740,000-001-01-00038668,"PAPELERIA HONDURAS",0.00,0,,2026-03-16,"2026-03-25 13:10:07",20268.75,0.00,0,0.00,30,"Kelyn Barahona",24,OFICINA,,,0,A_ABONO_ACTIVO,2026-03-16,abonos_creditos.fecha_pago,NO,"2026-03-25 13:10:07"
30409,23869,000-001-01-00038797,"TONER STORE",0.00,0,,2026-03-16,"2026-03-19 12:28:41",18917.56,0.00,0,0.00,57,"Josue Cerritos",13,"Belinda Lopez",,,0,A_ABONO_ACTIVO,2026-03-16,abonos_creditos.fecha_pago,NO,"2026-03-19 12:28:41"
30410,23870,000-001-01-00038798,"TONER STORE",0.00,0,,2026-03-16,"2026-03-19 12:27:50",3967.50,0.00,0,0.00,57,"Josue Cerritos",13,"Belinda Lopez",,,0,A_ABONO_ACTIVO,2026-03-16,abonos_creditos.fecha_pago,NO,"2026-03-19 12:27:50"
30411,23871,000-001-01-00038799,"TONER STORE",0.00,0,,2026-03-16,"2026-03-19 12:26:58",8538.75,0.00,0,0.00,57,"Josue Cerritos",13,"Belinda Lopez",,,0,A_ABONO_ACTIVO,2026-03-16,abonos_creditos.fecha_pago,NO,"2026-03-19 12:26:58"
30412,23878,000-001-01-00038806,"TONER STORE",0.00,0,,2026-03-16,"2026-03-19 12:26:08",13430.65,0.00,0,0.00,57,"Josue Cerritos",13,"Belinda Lopez",,,0,A_ABONO_ACTIVO,2026-03-16,abonos_creditos.fecha_pago,NO,"2026-03-19 12:26:08"
30413,23879,000-001-01-00038807,"TONER STORE",0.00,0,,2026-03-16,"2026-03-19 12:24:40",647.93,0.00,0,0.00,89,"Jonathan Lopez",13,"Belinda Lopez",,,0,A_ABONO_ACTIVO,2026-03-16,abonos_creditos.fecha_pago,NO,"2026-03-19 12:24:40"
30414,23880,000-001-01-00038808,"TONER STORE",0.00,0,,2026-03-16,"2026-03-19 12:23:51",6696.44,0.00,0,0.00,57,"Josue Cerritos",13,"Belinda Lopez",,,0,A_ABONO_ACTIVO,2026-03-16,abonos_creditos.fecha_pago,NO,"2026-03-19 12:23:51"
30415,23887,000-001-01-00038815,"TONER STORE",0.00,0,,2026-03-16,"2026-03-19 12:22:40",2380.50,0.00,0,0.00,57,"Josue Cerritos",13,"Belinda Lopez",,,0,A_ABONO_ACTIVO,2026-03-16,abonos_creditos.fecha_pago,NO,"2026-03-19 12:22:40"
30142,24001,000-001-01-00038929,"COMERCIAL EL DIAMANTE S DE R.L",0.00,0,,2026-03-16,"2026-03-20 08:30:38",311040.00,0.00,0,0.00,27,"Ana Pineda",24,OFICINA,,,0,A_ABONO_ACTIVO,2026-03-16,abonos_creditos.fecha_pago,SI,"2026-03-20 08:30:38"
30399,24144,000-001-01-00039072,"COMERCIAL EL DIAMANTE S DE R.L",0.00,0,,2026-03-16,"2026-03-20 08:27:55",23000.00,0.00,0,0.00,89,"Jonathan Lopez",80,"Jose Zambrano",,,0,A_ABONO_ACTIVO,2026-03-16,abonos_creditos.fecha_pago,NO,"2026-03-20 08:27:55"
30964,24338,000-001-01-00039266,"COMERCIAL EL DIAMANTE S DE R.L",0.00,0,,2026-03-16,"2026-03-20 08:26:53",5005.26,0.00,0,0.00,27,"Ana Pineda",24,OFICINA,,,0,A_ABONO_ACTIVO,2026-03-16,abonos_creditos.fecha_pago,SI,"2026-03-20 08:26:53"
30536,24370,000-001-01-00039298,"UTILES ESCOLARES GENESIS",0.00,0,,2026-03-16,"2026-03-18 16:52:20",3312.01,0.00,0,0.00,64,"Kevin Nuñez",4,"Roy Zelaya",,,0,A_ABONO_ACTIVO,2026-03-16,abonos_creditos.fecha_pago,NO,"2026-03-18 16:52:20"
31087,24593,000-001-01-00039515,"CENTRO DE ADIESTRAMIENTO EN ENFERMERIA",0.00,0,,2026-03-16,"2026-03-19 12:20:37",3412.28,0.00,0,0.00,57,"Josue Cerritos",13,"Belinda Lopez",,,0,A_ABONO_ACTIVO,2026-03-16,abonos_creditos.fecha_pago,NO,"2026-03-19 12:20:37"
30893,24627,000-001-01-00039549,"UTILES ESCOLARES GENESIS",0.00,0,,2026-03-16,"2026-03-18 16:51:23",12548.08,0.00,0,0.00,64,"Kevin Nuñez",4,"Roy Zelaya",,,0,A_ABONO_ACTIVO,2026-03-16,abonos_creditos.fecha_pago,NO,"2026-03-18 16:51:23"
30894,24630,000-001-01-00039552,"UTILES ESCOLARES GENESIS",0.00,0,,2026-03-16,"2026-03-18 16:50:40",8574.08,0.00,0,0.00,64,"Kevin Nuñez",4,"Roy Zelaya",,,0,A_ABONO_ACTIVO,2026-03-16,abonos_creditos.fecha_pago,NO,"2026-03-18 16:50:40"
30895,24632,000-001-01-00039554,"UTILES ESCOLARES GENESIS",0.00,0,,2026-03-16,"2026-03-18 16:48:39",16331.10,0.00,0,0.00,64,"Kevin Nuñez",4,"Roy Zelaya",,,0,A_ABONO_ACTIVO,2026-03-16,abonos_creditos.fecha_pago,NO,"2026-03-18 16:48:39"
30896,24634,000-001-01-00039556,"UTILES ESCOLARES GENESIS",0.00,0,,2026-03-16,"2026-03-18 16:47:26",9819.00,0.00,0,0.00,64,"Kevin Nuñez",4,"Roy Zelaya",,,0,A_ABONO_ACTIVO,2026-03-16,abonos_creditos.fecha_pago,NO,"2026-03-18 16:47:26"
31079,24774,000-001-01-00039694,IMAGINARTE,0.00,0,,2026-03-16,"2026-03-18 15:02:12",2566.80,0.00,0,0.00,86,"Jose Luque Vendedor",14,"Sulay Pineda",,,0,A_ABONO_ACTIVO,2026-03-16,abonos_creditos.fecha_pago,NO,"2026-03-18 15:02:12"
31126,24795,000-001-01-00039715,"CREDITO EMPLEADOS",0.00,0,,2026-03-16,"2026-03-20 11:06:09",1224.98,0.00,0,0.00,27,"Ana Pineda",24,OFICINA,,,0,A_ABONO_ACTIVO,2026-03-16,abonos_creditos.fecha_pago,SI,"2026-03-20 11:06:09"
31568,24856,000-001-01-00039776,"UTILES ESCOLARES GENESIS",0.00,0,,2026-03-16,"2026-03-18 16:46:20",5513.38,0.00,0,0.00,97,"Madelin Sierra",4,"Roy Zelaya",,,0,A_ABONO_ACTIVO,2026-03-16,abonos_creditos.fecha_pago,NO,"2026-03-18 16:46:20"
31302,24864,000-001-01-00039784,IMAGINARTE,0.00,0,,2026-03-16,"2026-03-18 15:01:25",1317.50,0.00,0,0.00,86,"Jose Luque Vendedor",14,"Sulay Pineda",,,0,A_ABONO_ACTIVO,2026-03-16,abonos_creditos.fecha_pago,NO,"2026-03-18 15:01:25"
31303,24866,000-001-01-00039786,IMAGINARTE,0.00,0,,2026-03-16,"2026-03-18 15:00:03",2863.06,0.00,0,0.00,86,"Jose Luque Vendedor",14,"Sulay Pineda",,,0,A_ABONO_ACTIVO,2026-03-16,abonos_creditos.fecha_pago,NO,"2026-03-18 15:00:03"
31259,24909,000-001-01-00039828,"LIBRERIA JULIO VERNE",0.00,0,,2026-03-16,"2026-03-18 17:05:23",27359.91,0.00,0,0.00,97,"Madelin Sierra",4,"Roy Zelaya",,,0,A_ABONO_ACTIVO,2026-03-16,abonos_creditos.fecha_pago,NO,"2026-03-18 17:05:23"
31260,24910,000-001-01-00039829,"LIBRERIA JULIO VERNE",0.00,0,,2026-03-16,"2026-03-18 17:02:49",9174.71,0.00,0,0.00,97,"Madelin Sierra",4,"Roy Zelaya",,,0,A_ABONO_ACTIVO,2026-03-16,abonos_creditos.fecha_pago,NO,"2026-03-18 17:02:49"
31261,24911,000-001-01-00039830,"LIBRERIA JULIO VERNE",0.00,0,,2026-03-16,"2026-03-18 17:01:49",4669.45,77.18,0,0.00,97,"Madelin Sierra",4,"Roy Zelaya",,,0,A_ABONO_ACTIVO,2026-03-16,abonos_creditos.fecha_pago,NO,"2026-03-18 17:01:49"
31262,24920,000-001-01-00039839,"LIBRERIA JULIO VERNE",0.00,0,,2026-03-16,"2026-03-18 17:00:57",7623.20,1445.42,0,0.00,97,"Madelin Sierra",4,"Roy Zelaya",,,0,A_ABONO_ACTIVO,2026-03-16,abonos_creditos.fecha_pago,NO,"2026-03-18 17:00:57"
31263,24931,000-001-01-00039850,"LIBRERIA JULIO VERNE",0.00,0,,2026-03-16,"2026-03-18 16:59:30",946.68,0.00,0,0.00,97,"Madelin Sierra",4,"Roy Zelaya",,,0,A_ABONO_ACTIVO,2026-03-16,abonos_creditos.fecha_pago,NO,"2026-03-18 16:59:30"
32186,25054,000-001-01-00039973,"CENTRO DE ADIESTRAMIENTO EN ENFERMERIA",0.00,0,,2026-03-16,"2026-03-19 12:21:48",1758.27,0.00,0,0.00,57,"Josue Cerritos",13,"Belinda Lopez",,,0,A_ABONO_ACTIVO,2026-03-16,abonos_creditos.fecha_pago,NO,"2026-03-19 12:21:48"
31531,25110,000-001-01-00040029,IMAGINARTE,0.00,0,,2026-03-16,"2026-03-18 14:59:11",7939.30,0.00,0,0.00,86,"Jose Luque Vendedor",14,"Sulay Pineda",,,0,A_ABONO_ACTIVO,2026-03-16,abonos_creditos.fecha_pago,NO,"2026-03-18 14:59:11"
31663,25170,000-001-01-00040089,"UTILES ESCOLARES GENESIS",0.00,0,,2026-03-16,"2026-03-18 16:44:33",5168.79,0.00,0,0.00,97,"Madelin Sierra",4,"Roy Zelaya",,,0,A_ABONO_ACTIVO,2026-03-16,abonos_creditos.fecha_pago,NO,"2026-03-18 16:44:33"
31619,25245,000-001-01-00040164,"LIBRERIA JULIO VERNE",0.00,0,,2026-03-16,"2026-03-18 16:58:21",4254.66,128.08,0,0.00,97,"Madelin Sierra",4,"Roy Zelaya",,,0,A_ABONO_ACTIVO,2026-03-16,abonos_creditos.fecha_pago,NO,"2026-03-18 16:58:21"
31620,25246,000-001-01-00040165,"LIBRERIA JULIO VERNE",0.00,0,,2026-03-16,"2026-03-18 16:57:32",3221.95,0.00,0,0.00,97,"Madelin Sierra",4,"Roy Zelaya",,,0,A_ABONO_ACTIVO,2026-03-16,abonos_creditos.fecha_pago,NO,"2026-03-18 16:57:32"
31650,25256,000-001-01-00040175,"LIBRERIA JULIO VERNE",0.00,0,,2026-03-16,"2026-03-18 16:56:33",13430.97,0.00,0,0.00,97,"Madelin Sierra",4,"Roy Zelaya",,,0,A_ABONO_ACTIVO,2026-03-16,abonos_creditos.fecha_pago,NO,"2026-03-18 16:56:33"
31651,25257,000-001-01-00040176,"LIBRERIA JULIO VERNE",0.00,0,,2026-03-16,"2026-03-18 17:06:54",4739.03,0.00,0,0.00,97,"Madelin Sierra",4,"Roy Zelaya",,,0,A_ABONO_ACTIVO,2026-03-16,abonos_creditos.fecha_pago,NO,"2026-03-18 17:06:54"
32250,25295,000-001-01-00040214,DISFERRO,0.00,0,,2026-03-16,"2026-03-17 13:56:25",5274.91,0.00,0,0.00,89,"Jonathan Lopez",36,"Angel Villela",,,0,A_ABONO_ACTIVO,2026-03-16,abonos_creditos.fecha_pago,NO,"2026-03-17 13:56:25"
32217,25312,000-001-01-00040231,IMAGINARTE,0.00,0,,2026-03-16,"2026-03-18 14:58:22",7344.00,0.00,0,0.00,86,"Jose Luque Vendedor",14,"Sulay Pineda",,,0,A_ABONO_ACTIVO,2026-03-16,abonos_creditos.fecha_pago,NO,"2026-03-18 14:58:22"
32377,25363,000-001-01-00040282,"EL BODEGON DE LOS PRECIOS BAJOS",0.00,0,,2026-03-16,"2026-03-25 16:48:58",7979.54,70.73,0,0.00,64,"Kevin Nuñez",115,"Erling Peralta",,,0,A_ABONO_ACTIVO,2026-03-16,abonos_creditos.fecha_pago,NO,"2026-03-25 16:48:58"
32378,25364,000-001-01-00040283,"EL BODEGON DE LOS PRECIOS BAJOS",0.00,0,,2026-03-16,"2026-03-25 16:50:00",2341.72,0.00,0,0.00,64,"Kevin Nuñez",115,"Erling Peralta",,,0,A_ABONO_ACTIVO,2026-03-16,abonos_creditos.fecha_pago,NO,"2026-03-25 16:50:00"
32379,25366,000-001-01-00040285,"EL BODEGON DE LOS PRECIOS BAJOS",0.00,0,,2026-03-16,"2026-03-25 16:49:40",2873.56,0.00,0,0.00,64,"Kevin Nuñez",115,"Erling Peralta",,,0,A_ABONO_ACTIVO,2026-03-16,abonos_creditos.fecha_pago,NO,"2026-03-25 16:49:40"
32380,25367,000-001-01-00040286,"EL BODEGON DE LOS PRECIOS BAJOS",0.00,0,,2026-03-16,"2026-03-25 16:49:20",1774.12,0.00,0,0.00,97,"Madelin Sierra",115,"Erling Peralta",,,0,A_ABONO_ACTIVO,2026-03-16,abonos_creditos.fecha_pago,NO,"2026-03-25 16:49:20"
33055,25489,000-001-01-00040408,"PLASTICOS EL TIKAL HOGAR Y MAS",0.00,0,,2026-03-16,"2026-03-19 15:54:54",7066.98,0.00,0,0.00,64,"Kevin Nuñez",115,"Erling Peralta",,,0,A_ABONO_ACTIVO,2026-03-16,abonos_creditos.fecha_pago,NO,"2026-03-19 15:54:54"
32218,25491,000-001-01-00040410,IMAGINARTE,0.00,0,,2026-03-16,"2026-03-18 14:57:26",2815.20,0.00,0,0.00,86,"Jose Luque Vendedor",14,"Sulay Pineda",,,0,A_ABONO_ACTIVO,2026-03-16,abonos_creditos.fecha_pago,NO,"2026-03-18 14:57:26"
32219,25499,000-001-01-00040418,IMAGINARTE,0.00,0,,2026-03-16,"2026-03-18 14:56:34",35937.50,0.00,0,0.00,86,"Jose Luque Vendedor",14,"Sulay Pineda",,,0,A_ABONO_ACTIVO,2026-03-16,abonos_creditos.fecha_pago,NO,"2026-03-18 14:56:34"
32220,25508,000-001-01-00040427,IMAGINARTE,0.00,0,,2026-03-16,"2026-03-18 14:55:32",21620.00,0.00,0,0.00,86,"Jose Luque Vendedor",14,"Sulay Pineda",,,0,A_ABONO_ACTIVO,2026-03-16,abonos_creditos.fecha_pago,NO,"2026-03-18 14:55:32"
32361,25544,000-001-01-00040462,IMAGINARTE,0.00,0,,2026-03-16,"2026-03-18 14:54:50",11845.00,0.00,0,0.00,86,"Jose Luque Vendedor",14,"Sulay Pineda",,,0,A_ABONO_ACTIVO,2026-03-16,abonos_creditos.fecha_pago,NO,"2026-03-18 14:54:50"
32456,25686,000-001-01-00040603,IMAGINARTE,0.00,0,,2026-03-16,"2026-03-18 14:54:00",1459.49,0.00,0,0.00,86,"Jose Luque Vendedor",14,"Sulay Pineda",,,0,A_ABONO_ACTIVO,2026-03-16,abonos_creditos.fecha_pago,NO,"2026-03-18 14:54:00"
32563,25752,000-001-01-00040669,IMAGINARTE,0.00,0,,2026-03-16,"2026-03-18 14:53:09",4022.42,0.00,0,0.00,97,"Madelin Sierra",14,"Sulay Pineda",,,0,A_ABONO_ACTIVO,2026-03-16,abonos_creditos.fecha_pago,NO,"2026-03-18 14:53:09"
32564,25775,000-001-01-00040692,IMAGINARTE,0.00,0,,2026-03-16,"2026-03-18 14:52:17",69575.00,0.00,0,0.00,97,"Madelin Sierra",14,"Sulay Pineda",,,0,A_ABONO_ACTIVO,2026-03-16,abonos_creditos.fecha_pago,NO,"2026-03-18 14:52:17"
33101,26133,000-001-01-00041049,"PULPERIA DAYANNA",0.00,0,,2026-03-16,"2026-03-18 09:33:17",3090.93,0.00,0,0.00,86,"Jose Luque Vendedor",14,"Sulay Pineda",,,0,A_ABONO_ACTIVO,2026-03-16,abonos_creditos.fecha_pago,NO,"2026-03-18 09:33:17"
33369,26173,000-001-01-00041089,"VICTOR MANUEL ALMENDAREZ",0.00,0,,2026-03-16,"2026-03-24 11:11:31",1829.88,0.00,0,0.00,64,"Kevin Nuñez",115,"Erling Peralta",,,0,A_ABONO_ACTIVO,2026-03-16,abonos_creditos.fecha_pago,NO,"2026-03-24 11:11:31"
33256,26185,000-001-01-00041101,"PAPELERÍA EL PROFE",0.00,0,,2026-03-16,"2026-03-19 16:48:42",953.23,0.00,0,0.00,57,"Josue Cerritos",65,"Jessy Alvarado",,,0,A_ABONO_ACTIVO,2026-03-16,abonos_creditos.fecha_pago,NO,"2026-03-19 16:48:42"
33255,26188,000-001-01-00041104,"FERRETERIA GAITAN S.DE R.L. DE C.V",0.00,0,,2026-03-16,"2026-03-19 16:47:59",366.94,0.00,0,0.00,57,"Josue Cerritos",65,"Jessy Alvarado",,,0,A_ABONO_ACTIVO,2026-03-16,abonos_creditos.fecha_pago,NO,"2026-03-19 16:47:59"
33242,26217,000-001-01-00041133,"QUIMICOS DYD",0.00,0,,2026-03-16,"2026-03-19 14:37:53",33297.10,0.00,0,0.00,57,"Josue Cerritos",87,"Mauricio Zavala",,,0,A_ABONO_ACTIVO,2026-03-16,abonos_creditos.fecha_pago,NO,"2026-03-19 14:37:53"
33068,26234,000-001-01-00041150,"CLIENTE GENERICO",0.00,0,,2026-03-16,"2026-03-19 14:45:02",197.31,0.00,0,0.00,57,"Josue Cerritos",24,OFICINA,,,0,A_ABONO_ACTIVO,2026-03-16,abonos_creditos.fecha_pago,NO,"2026-03-19 14:45:02"
33268,26243,000-001-01-00041159,"DISTRIBUIDORA MELISSA S, DE RL DE CV",0.00,0,,2026-03-16,"2026-03-24 11:00:40",11730.00,0.00,0,0.00,27,"Ana Pineda",24,OFICINA,,,0,A_ABONO_ACTIVO,2026-03-16,abonos_creditos.fecha_pago,SI,"2026-03-24 11:00:40"
30965,24343,000-001-01-00039271,"COMERCIAL EL DIAMANTE S DE R.L",0.00,0,,2026-03-17,"2026-03-20 08:24:03",22502.63,0.00,0,0.00,27,"Ana Pineda",24,OFICINA,,,0,A_ABONO_ACTIVO,2026-03-17,abonos_creditos.fecha_pago,SI,"2026-03-20 08:24:03"
31241,24751,000-001-01-00039672,"COMERCIAL EL DIAMANTE S DE R.L",0.00,0,,2026-03-17,"2026-03-20 08:21:21",83030.00,0.00,0,0.00,97,"Madelin Sierra",120,"CHRISTIAN ESTRADA",,,0,A_ABONO_ACTIVO,2026-03-17,abonos_creditos.fecha_pago,NO,"2026-03-20 08:21:21"
31832,25237,000-001-01-00040156,"CREDITO EMPLEADOS",0.00,0,,2026-03-17,"2026-03-20 11:01:22",613.99,0.00,0,0.00,27,"Ana Pineda",24,OFICINA,,,0,A_ABONO_ACTIVO,2026-03-17,abonos_creditos.fecha_pago,SI,"2026-03-20 11:01:22"
31839,25288,000-001-01-00040207,"CREDITO EMPLEADOS",0.00,0,,2026-03-17,"2026-03-20 11:02:36",348.98,0.00,0,0.00,27,"Ana Pineda",24,OFICINA,,,0,A_ABONO_ACTIVO,2026-03-17,abonos_creditos.fecha_pago,SI,"2026-03-20 11:02:36"
31848,25430,000-001-01-00040349,"CREDITO EMPLEADOS",0.00,0,,2026-03-17,"2026-03-20 11:03:26",367.71,0.00,0,0.00,27,"Ana Pineda",24,OFICINA,,,0,A_ABONO_ACTIVO,2026-03-17,abonos_creditos.fecha_pago,SI,"2026-03-20 11:03:26"
32643,25763,000-001-01-00040680,"CREDITO EMPLEADOS",0.00,0,,2026-03-17,"2026-03-20 10:59:03",88.83,0.00,0,0.00,57,"Josue Cerritos",24,OFICINA,,,0,A_ABONO_ACTIVO,2026-03-17,abonos_creditos.fecha_pago,NO,"2026-03-20 10:59:03"
32656,25855,000-001-01-00040771,"CREDITO EMPLEADOS",0.00,0,,2026-03-17,"2026-03-20 11:04:01",152.84,0.00,0,0.00,57,"Josue Cerritos",24,OFICINA,,,0,A_ABONO_ACTIVO,2026-03-17,abonos_creditos.fecha_pago,NO,"2026-03-20 11:04:01"
33195,26037,000-001-01-00040953,"LIBRERIA Y PAPELERIA  C Y M",0.00,0,,2026-03-17,"2026-03-18 17:02:42",9583.53,0.00,0,0.00,57,"Josue Cerritos",13,"Belinda Lopez",,,0,A_ABONO_ACTIVO,2026-03-17,abonos_creditos.fecha_pago,NO,"2026-03-18 17:02:42"
32960,26109,000-001-01-00041025,"IMPORTADORA PLASTIKAL S.de R.L.",0.00,0,,2026-03-17,"2026-03-19 15:53:39",10914.70,0.00,0,0.00,64,"Kevin Nuñez",115,"Erling Peralta",,,0,A_ABONO_ACTIVO,2026-03-17,abonos_creditos.fecha_pago,NO,"2026-03-19 15:53:39"
33187,26118,000-001-01-00041034,"CENTRO BASICO FRANCISCO MORAZAN",0.00,0,,2026-03-17,"2026-03-24 09:25:59",1338.48,0.00,0,0.00,86,"Jose Luque Vendedor",14,"Sulay Pineda",,,0,A_ABONO_ACTIVO,2026-03-17,abonos_creditos.fecha_pago,NO,"2026-03-24 09:25:59"
33287,26266,000-001-01-00041182,"RUBA S. DE R.L.",0.00,0,,2026-03-17,"2026-03-20 12:11:35",9936.00,0.00,0,0.00,97,"Madelin Sierra",24,OFICINA,,,0,A_ABONO_ACTIVO,2026-03-17,abonos_creditos.fecha_pago,NO,"2026-03-20 12:11:35"
1376,1658,000-001-01-00019989,"INVERSIONES VICTORIA",0.00,0,,2026-03-18,"2026-03-18 12:25:05",18427.00,0.00,0,0.00,27,"Ana Pineda",14,"Sulay Pineda",,,0,A_ABONO_ACTIVO,2026-03-18,abonos_creditos.fecha_pago,SI,"2026-03-18 12:25:05"
1380,2310,000-001-01-00020313,"INVERSIONES VICTORIA",0.00,0,,2026-03-18,"2026-03-18 12:25:48",30778.50,0.00,0,0.00,27,"Ana Pineda",14,"Sulay Pineda",,,0,A_ABONO_ACTIVO,2026-03-18,abonos_creditos.fecha_pago,SI,"2026-03-18 12:25:48"
1381,2313,000-001-01-00020314,"INVERSIONES VICTORIA",0.00,0,,2026-03-18,"2026-03-18 12:26:32",1622.50,0.00,0,0.00,27,"Ana Pineda",14,"Sulay Pineda",,,0,A_ABONO_ACTIVO,2026-03-18,abonos_creditos.fecha_pago,SI,"2026-03-18 12:26:32"
26880,20928,000-001-01-00035866,"INVERSIONES NVT S DE R.L",0.00,0,,2026-03-18,"2026-03-18 14:09:54",15367.56,0.00,0,0.00,64,"Kevin Nuñez",14,"Sulay Pineda",,,0,A_ABONO_ACTIVO,2026-03-18,abonos_creditos.fecha_pago,NO,"2026-03-18 14:09:54"
29656,23527,000-001-01-00038455,"LIBRERIA JULIO VERNE",0.00,0,,2026-03-18,"2026-03-18 16:18:31",58002.60,8644.00,0,0.00,88,"Camila Pineda",4,"Roy Zelaya",,,0,A_ABONO_ACTIVO,2026-03-18,abonos_creditos.fecha_pago,NO,"2026-03-18 16:18:31"
30445,24155,000-001-01-00039083,"COMERCIAL CASA BUESO S.A. DE C. V.",0.00,0,,2026-03-18,"2026-03-18 16:02:15",14871.80,0.00,0,156.40,27,"Ana Pineda",14,"Sulay Pineda",,,0,A_ABONO_ACTIVO,2026-03-18,abonos_creditos.fecha_pago,SI,"2026-03-18 16:02:15"
30446,24156,000-001-01-00039084,"COMERCIAL CASA BUESO S.A. DE C. V.",0.00,0,,2026-03-18,"2026-03-18 16:00:52",739.96,8108.74,0,0.00,27,"Ana Pineda",14,"Sulay Pineda",,,0,A_ABONO_ACTIVO,2026-03-18,abonos_creditos.fecha_pago,SI,"2026-03-18 16:00:52"
30447,24157,000-001-01-00039085,"COMERCIAL CASA BUESO S.A. DE C. V.",0.00,0,,2026-03-18,"2026-03-18 15:59:50",21988.50,910.39,0,0.00,27,"Ana Pineda",14,"Sulay Pineda",,,0,A_ABONO_ACTIVO,2026-03-18,abonos_creditos.fecha_pago,SI,"2026-03-18 15:59:50"
30448,24158,000-001-01-00039086,"COMERCIAL CASA BUESO S.A. DE C. V.",0.00,0,,2026-03-18,"2026-03-18 15:55:41",42219.62,370.27,0,0.00,27,"Ana Pineda",14,"Sulay Pineda",,,0,A_ABONO_ACTIVO,2026-03-18,abonos_creditos.fecha_pago,SI,"2026-03-18 15:55:41"
30449,24159,000-001-01-00039087,"COMERCIAL CASA BUESO S.A. DE C. V.",0.00,0,,2026-03-18,"2026-03-18 15:53:50",23833.03,0.00,0,0.00,27,"Ana Pineda",14,"Sulay Pineda",,,0,A_ABONO_ACTIVO,2026-03-18,abonos_creditos.fecha_pago,SI,"2026-03-18 15:53:50"
30450,24164,000-001-01-00039092,"COMERCIAL CASA BUESO S.A. DE C. V.",0.00,0,,2026-03-18,"2026-03-18 15:52:38",40550.91,0.00,0,0.00,27,"Ana Pineda",14,"Sulay Pineda",,,0,A_ABONO_ACTIVO,2026-03-18,abonos_creditos.fecha_pago,SI,"2026-03-18 15:52:38"
30714,24397,000-001-01-00039323,"SUMINISTROS TECNICOS S.A. DE C.V.",0.00,0,,2026-03-18,"2026-03-19 16:22:18",51405.00,0.00,0,0.00,83,"Yosselin Palma",24,OFICINA,,,0,A_ABONO_ACTIVO,2026-03-18,abonos_creditos.fecha_pago,NO,"2026-03-19 16:22:18"
30912,24583,000-001-01-00039505,"INVERSIONES DONCELLA S. DE R.L DE C.V",0.00,0,,2026-03-18,"2026-03-19 16:03:10",106720.00,0.00,0,0.00,89,"Jonathan Lopez",36,"Angel Villela",,,0,A_ABONO_ACTIVO,2026-03-18,abonos_creditos.fecha_pago,NO,"2026-03-19 16:03:10"
31045,24585,000-001-01-00039507,"SUMINISTROS TECNICOS S.A. DE C.V.",0.00,0,,2026-03-18,"2026-03-19 16:13:11",67516.50,0.00,0,0.00,83,"Yosselin Palma",24,OFICINA,,,0,A_ABONO_ACTIVO,2026-03-18,abonos_creditos.fecha_pago,NO,"2026-03-19 16:13:11"
30966,24688,000-001-01-00039610,"COMERCIAL EL DIAMANTE S DE R.L",0.00,0,,2026-03-18,"2026-03-20 08:22:15",7568.78,0.00,0,0.00,97,"Madelin Sierra",120,"CHRISTIAN ESTRADA",,,0,A_ABONO_ACTIVO,2026-03-18,abonos_creditos.fecha_pago,NO,"2026-03-20 08:22:15"
31046,24700,000-001-01-00039622,"SUMINISTROS TECNICOS S.A. DE C.V.",0.00,0,,2026-03-18,"2026-03-19 16:06:49",3314.28,0.00,0,0.00,83,"Yosselin Palma",83,"Yosselin Palma",,,0,A_ABONO_ACTIVO,2026-03-18,abonos_creditos.fecha_pago,NO,"2026-03-19 16:06:49"
31243,24870,000-001-01-00039790,"COMERCIAL EL DIAMANTE S DE R.L",0.00,0,,2026-03-18,"2026-03-20 08:19:51",19191.20,0.00,0,0.00,97,"Madelin Sierra",120,"CHRISTIAN ESTRADA",,,0,A_ABONO_ACTIVO,2026-03-18,abonos_creditos.fecha_pago,NO,"2026-03-20 08:19:51"
31537,24927,000-001-01-00039846,"COMERCIAL CASA BUESO S.A. DE C. V.",0.00,0,,2026-03-18,"2026-03-18 15:50:38",67850.00,0.00,0,0.00,86,"Jose Luque Vendedor",14,"Sulay Pineda",,,0,A_ABONO_ACTIVO,2026-03-18,abonos_creditos.fecha_pago,NO,"2026-03-18 15:50:38"
31538,24928,000-001-01-00039847,"COMERCIAL CASA BUESO S.A. DE C. V.",0.00,0,,2026-03-18,"2026-03-18 15:45:10",3587.14,131.02,0,0.00,86,"Jose Luque Vendedor",14,"Sulay Pineda",,,0,A_ABONO_ACTIVO,2026-03-18,abonos_creditos.fecha_pago,NO,"2026-03-18 15:45:10"
32610,25285,000-001-01-00040204,"COMERCIAL CASA BUESO S.A. DE C. V.",0.00,0,,2026-03-18,"2026-03-18 15:42:15",5790.82,0.00,0,0.00,86,"Jose Luque Vendedor",14,"Sulay Pineda",,,0,A_ABONO_ACTIVO,2026-03-18,abonos_creditos.fecha_pago,NO,"2026-03-18 15:42:15"
32611,25308,000-001-01-00040227,"COMERCIAL CASA BUESO S.A. DE C. V.",0.00,0,,2026-03-18,"2026-03-18 15:38:45",8410.78,0.00,0,0.00,98,"Yimmy Funes",14,"Sulay Pineda",,,0,A_ABONO_ACTIVO,2026-03-18,abonos_creditos.fecha_pago,NO,"2026-03-18 15:38:45"
32612,25311,000-001-01-00040230,"COMERCIAL CASA BUESO S.A. DE C. V.",0.00,0,,2026-03-18,"2026-03-18 15:37:43",28762.80,0.00,0,0.00,86,"Jose Luque Vendedor",14,"Sulay Pineda",,,0,A_ABONO_ACTIVO,2026-03-18,abonos_creditos.fecha_pago,NO,"2026-03-18 15:37:43"
32231,25402,000-001-01-00040321,"LABORATORIO MICROLAB S.A. DE C.V.",0.00,0,,2026-03-18,"2026-03-24 09:53:47",11891.00,0.00,0,0.00,97,"Madelin Sierra",120,"CHRISTIAN ESTRADA",,,0,A_ABONO_ACTIVO,2026-03-18,abonos_creditos.fecha_pago,NO,"2026-03-24 09:53:47"
32235,25448,000-001-01-00040367,OFFICETEC,0.00,0,,2026-03-18,"2026-03-19 16:05:02",21451.31,0.00,0,0.00,83,"Yosselin Palma",83,"Yosselin Palma",,,0,A_ABONO_ACTIVO,2026-03-18,abonos_creditos.fecha_pago,NO,"2026-03-19 16:05:02"
31730,25467,000-001-01-00040386,"DISTRIBUIDORA MONTECRISTO",0.00,0,,2026-03-18,"2026-03-20 12:16:42",1104.00,0.00,0,0.00,27,"Ana Pineda",24,OFICINA,,,0,A_ABONO_ACTIVO,2026-03-18,abonos_creditos.fecha_pago,SI,"2026-03-20 12:16:42"
32620,25468,000-001-01-00040387,"COMERCIAL CINCO ESTRELLAS",0.00,0,,2026-03-18,"2026-03-20 12:17:15",13395.11,0.00,0,0.00,86,"Jose Luque Vendedor",24,OFICINA,,,0,A_ABONO_ACTIVO,2026-03-18,abonos_creditos.fecha_pago,NO,"2026-03-20 12:17:15"
33056,25500,000-001-01-00040419,"PLASTICOS EL TIKAL HOGAR Y MAS",0.00,0,,2026-03-18,"2026-03-25 13:34:12",6537.89,0.00,0,0.00,64,"Kevin Nuñez",115,"Erling Peralta",,,0,A_ABONO_ACTIVO,2026-03-18,abonos_creditos.fecha_pago,NO,"2026-03-25 13:34:12"
32613,25502,000-001-01-00040421,"COMERCIAL CASA BUESO S.A. DE C. V.",0.00,0,,2026-03-18,"2026-03-18 15:33:54",4136.55,0.00,0,0.00,86,"Jose Luque Vendedor",14,"Sulay Pineda",,,0,A_ABONO_ACTIVO,2026-03-18,abonos_creditos.fecha_pago,NO,"2026-03-18 15:33:54"
32614,25525,000-001-01-00040444,"COMERCIAL CASA BUESO S.A. DE C. V.",0.00,0,,2026-03-18,"2026-03-18 15:33:01",20534.33,0.00,0,0.00,86,"Jose Luque Vendedor",14,"Sulay Pineda",,,0,A_ABONO_ACTIVO,2026-03-18,abonos_creditos.fecha_pago,NO,"2026-03-18 15:33:01"
32963,25798,000-001-01-00040715,"MEDILAB S.A DE C.V",0.00,0,,2026-03-18,"2026-05-13 15:09:21",16316.20,0.00,0,0.00,57,"Josue Cerritos",24,OFICINA,,,0,A_ABONO_ACTIVO,2026-03-18,abonos_creditos.fecha_pago,NO,"2026-05-13 15:09:21"
33038,25934,000-001-01-00040850,"GRAFICAS CEIBEÑAS",0.00,0,,2026-03-18,"2026-03-19 16:32:50",3289.00,0.00,0,0.00,89,"Jonathan Lopez",115,"Erling Peralta",,,0,A_ABONO_ACTIVO,2026-03-18,abonos_creditos.fecha_pago,NO,"2026-03-19 16:32:50"
33039,25937,000-001-01-00040853,"GRAFICAS CEIBEÑAS",0.00,0,,2026-03-18,"2026-03-19 16:33:48",1694.86,0.00,0,0.00,64,"Kevin Nuñez",115,"Erling Peralta",,,0,A_ABONO_ACTIVO,2026-03-18,abonos_creditos.fecha_pago,NO,"2026-03-19 16:33:48"
32983,26047,000-001-01-00040963,"BANCO ATLANTIDA",0.00,0,,2026-03-18,"2026-03-19 16:31:46",312.80,0.00,0,0.00,89,"Jonathan Lopez",36,"Angel Villela",,,0,A_ABONO_ACTIVO,2026-03-18,abonos_creditos.fecha_pago,NO,"2026-03-19 16:31:46"
32984,26048,000-001-01-00040964,"BANCO ATLANTIDA",0.00,0,,2026-03-18,"2026-03-19 16:29:57",2144.17,0.00,0,0.00,83,"Yosselin Palma",36,"Angel Villela",,,0,A_ABONO_ACTIVO,2026-03-18,abonos_creditos.fecha_pago,NO,"2026-03-19 16:29:57"
33515,26073,000-001-01-00040989,"LA CEIBA BILINGUAL SCHOOL",0.00,0,,2026-03-18,"2026-04-16 10:28:55",1150.00,0.00,0,0.00,64,"Kevin Nuñez",115,"Erling Peralta",,,0,A_ABONO_ACTIVO,2026-03-18,abonos_creditos.fecha_pago,NO,"2026-04-16 10:28:55"
33343,26129,000-001-01-00041045,"IRIS GERALDINA ARITA SORTO",0.00,0,,2026-03-18,"2026-04-09 15:50:14",3675.92,0.00,0,0.00,86,"Jose Luque Vendedor",14,"Sulay Pineda",,,0,A_ABONO_ACTIVO,2026-03-18,abonos_creditos.fecha_pago,NO,"2026-04-09 15:50:14"
33102,26149,000-001-01-00041065,"PULPERIA DAYANNA",0.00,0,,2026-03-18,"2026-03-18 15:03:10",113.55,0.00,0,0.00,86,"Jose Luque Vendedor",14,"Sulay Pineda",,,0,A_ABONO_ACTIVO,2026-03-18,abonos_creditos.fecha_pago,NO,"2026-03-18 15:03:10"
33157,26200,000-001-01-00041116,"INVERSIONES ALEM",0.00,0,,2026-03-18,"2026-03-19 15:55:43",3138.27,0.00,0,0.00,64,"Kevin Nuñez",115,"Erling Peralta",,,0,A_ABONO_ACTIVO,2026-03-18,abonos_creditos.fecha_pago,NO,"2026-03-19 15:55:43"
33259,26204,000-001-01-00041120,"ACADEMIA EUROPEA S. DE R.L.",0.00,0,,2026-03-18,"2026-03-20 10:33:47",4243.50,0.00,0,0.00,120,"CHRISTIAN ESTRADA",120,"CHRISTIAN ESTRADA",,,0,A_ABONO_ACTIVO,2026-03-18,abonos_creditos.fecha_pago,NO,"2026-03-20 10:33:47"
33235,26292,000-001-01-00041208,"TECHNO OFFICE SUPPLIES",0.00,0,,2026-03-18,"2026-03-24 11:10:19",1425.77,0.00,0,0.00,64,"Kevin Nuñez",24,OFICINA,,,0,A_ABONO_ACTIVO,2026-03-18,abonos_creditos.fecha_pago,NO,"2026-03-24 11:10:19"
33370,26293,000-001-01-00041209,"SP INVERSIONES MULTIPLES S DE R.L",0.00,0,,2026-03-18,"2026-03-24 11:42:12",6318.33,0.00,0,0.00,57,"Josue Cerritos",24,OFICINA,,,0,A_ABONO_ACTIVO,2026-03-18,abonos_creditos.fecha_pago,NO,"2026-03-24 11:42:12"
33289,26297,000-001-01-00041213,"DLEITE Y ETIQUETA, S. DE R.L DE C.V",0.00,0,,2026-03-18,"2026-03-20 12:16:10",1085.60,0.00,0,0.00,86,"Jose Luque Vendedor",24,OFICINA,,,0,A_ABONO_ACTIVO,2026-03-18,abonos_creditos.fecha_pago,NO,"2026-03-20 12:16:10"
20207,15285,000-001-01-00030264,"TECNO SB SOLUCIONES",0.00,0,,2026-03-19,"2026-03-20 10:36:29",30178.94,0.00,0,0.00,27,"Ana Pineda",115,"Erling Peralta",,,0,A_ABONO_ACTIVO,2026-03-19,abonos_creditos.fecha_pago,SI,"2026-03-20 10:36:29"
28707,22790,000-001-01-00037718,"TECHNO OFFICE SUPPLIES",0.00,0,,2026-03-19,"2026-03-20 12:27:17",7752.95,0.00,0,0.00,30,"Kelyn Barahona",24,OFICINA,,,0,A_ABONO_ACTIVO,2026-03-19,abonos_creditos.fecha_pago,NO,"2026-03-20 12:27:17"
28708,22791,000-001-01-00037719,"TECHNO OFFICE SUPPLIES",0.00,0,,2026-03-19,"2026-03-20 12:26:44",5309.55,0.00,0,0.00,30,"Kelyn Barahona",24,OFICINA,,,0,A_ABONO_ACTIVO,2026-03-19,abonos_creditos.fecha_pago,NO,"2026-03-20 12:26:44"
28709,22792,000-001-01-00037720,"TECHNO OFFICE SUPPLIES",0.00,0,,2026-03-19,"2026-03-20 12:26:08",26321.20,0.00,0,0.00,30,"Kelyn Barahona",24,OFICINA,,,0,A_ABONO_ACTIVO,2026-03-19,abonos_creditos.fecha_pago,NO,"2026-03-20 12:26:08"
28710,22796,000-001-01-00037724,"TECHNO OFFICE SUPPLIES",0.00,0,,2026-03-19,"2026-03-20 12:22:41",29727.50,0.00,0,0.00,30,"Kelyn Barahona",24,OFICINA,,,0,A_ABONO_ACTIVO,2026-03-19,abonos_creditos.fecha_pago,NO,"2026-03-20 12:22:41"
28711,22797,000-001-01-00037725,"TECHNO OFFICE SUPPLIES",0.00,0,,2026-03-19,"2026-03-20 12:24:12",7866.00,0.00,0,0.00,30,"Kelyn Barahona",24,OFICINA,,,0,A_ABONO_ACTIVO,2026-03-19,abonos_creditos.fecha_pago,NO,"2026-03-20 12:24:12"
28712,22798,000-001-01-00037726,"TECHNO OFFICE SUPPLIES",0.00,0,,2026-03-19,"2026-03-20 12:24:50",455.40,0.00,0,0.00,30,"Kelyn Barahona",24,OFICINA,,,0,A_ABONO_ACTIVO,2026-03-19,abonos_creditos.fecha_pago,NO,"2026-03-20 12:24:50"
29110,23107,000-001-01-00038035,"CORPORACION GENESIS S DE R.L",0.00,0,,2026-03-19,"2026-03-20 12:22:08",41888.75,0.00,0,0.00,30,"Kelyn Barahona",24,OFICINA,,,0,A_ABONO_ACTIVO,2026-03-19,abonos_creditos.fecha_pago,NO,"2026-03-20 12:22:08"
31308,24966,000-001-01-00039885,"COMERCIAL EL DIAMANTE S DE R.L",0.00,0,,2026-03-19,"2026-03-19 16:59:35",77337.50,0.00,0,0.00,97,"Madelin Sierra",120,"CHRISTIAN ESTRADA",,,0,A_ABONO_ACTIVO,2026-03-19,abonos_creditos.fecha_pago,NO,"2026-03-19 16:59:35"
31309,24967,000-001-01-00039886,"COMERCIAL EL DIAMANTE S DE R.L",0.00,0,,2026-03-19,"2026-03-19 16:58:14",5956.57,0.00,0,0.00,97,"Madelin Sierra",120,"CHRISTIAN ESTRADA",,,0,A_ABONO_ACTIVO,2026-03-19,abonos_creditos.fecha_pago,NO,"2026-03-19 16:58:14"
31326,25032,000-001-01-00039951,"COMERCIAL EL DIAMANTE S DE R.L",0.00,0,,2026-03-19,"2026-03-19 16:57:31",21600.00,0.00,0,0.00,97,"Madelin Sierra",120,"CHRISTIAN ESTRADA",,,0,A_ABONO_ACTIVO,2026-03-19,abonos_creditos.fecha_pago,NO,"2026-03-19 16:57:31"
31327,25034,000-001-01-00039953,"COMERCIAL EL DIAMANTE S DE R.L",0.00,0,,2026-03-19,"2026-03-19 16:56:53",4841.19,0.00,0,0.00,97,"Madelin Sierra",120,"CHRISTIAN ESTRADA",,,0,A_ABONO_ACTIVO,2026-03-19,abonos_creditos.fecha_pago,NO,"2026-03-19 16:56:53"
31687,25049,000-001-01-00039968,"COMERCIAL EL DIAMANTE S DE R.L",0.00,0,,2026-03-19,"2026-03-19 16:56:12",23575.00,0.00,0,0.00,97,"Madelin Sierra",120,"CHRISTIAN ESTRADA",,,0,A_ABONO_ACTIVO,2026-03-19,abonos_creditos.fecha_pago,NO,"2026-03-19 16:56:12"
31563,25109,000-001-01-00040028,"DISTRIBUCIONES GRAFICAS LA LIBRERIA",0.00,0,,2026-03-19,"2026-03-19 16:28:16",65550.00,0.00,0,0.00,97,"Madelin Sierra",120,"CHRISTIAN ESTRADA",,,0,A_ABONO_ACTIVO,2026-03-19,abonos_creditos.fecha_pago,NO,"2026-03-19 16:28:16"
31688,25125,000-001-01-00040044,"COMERCIAL EL DIAMANTE S DE R.L",0.00,0,,2026-03-19,"2026-03-19 16:53:49",33424.75,0.00,0,0.00,97,"Madelin Sierra",120,"CHRISTIAN ESTRADA",,,0,A_ABONO_ACTIVO,2026-03-19,abonos_creditos.fecha_pago,NO,"2026-03-19 16:53:49"
32166,25287,000-001-01-00040206,"DISTRIBUCIONES GRAFICAS LA LIBRERIA",0.00,0,,2026-03-19,"2026-03-19 16:27:17",5290.00,0.00,0,0.00,97,"Madelin Sierra",120,"CHRISTIAN ESTRADA",,,0,A_ABONO_ACTIVO,2026-03-19,abonos_creditos.fecha_pago,NO,"2026-03-19 16:27:17"
32167,25292,000-001-01-00040211,"DISTRIBUCIONES GRAFICAS LA LIBRERIA",0.00,0,,2026-03-19,"2026-03-19 16:26:26",5083.00,0.00,0,0.00,97,"Madelin Sierra",120,"CHRISTIAN ESTRADA",,,0,A_ABONO_ACTIVO,2026-03-19,abonos_creditos.fecha_pago,NO,"2026-03-19 16:26:26"
32507,25476,000-001-01-00040395,"DELIVERY EXPRESS HONDURAS S.A. DE C.V.",0.00,0,,2026-03-19,"2026-04-10 11:59:01",10854.17,0.00,0,0.00,27,"Ana Pineda",24,OFICINA,,,0,A_ABONO_ACTIVO,2026-03-19,abonos_creditos.fecha_pago,SI,"2026-04-10 11:59:01"
32168,25477,000-001-01-00040396,"DISTRIBUCIONES GRAFICAS LA LIBRERIA",0.00,0,,2026-03-19,"2026-03-19 16:25:43",11212.50,0.00,0,0.00,97,"Madelin Sierra",120,"CHRISTIAN ESTRADA",,,0,A_ABONO_ACTIVO,2026-03-19,abonos_creditos.fecha_pago,NO,"2026-03-19 16:25:43"
32169,25478,000-001-01-00040397,"DISTRIBUCIONES GRAFICAS LA LIBRERIA",0.00,0,,2026-03-19,"2026-03-19 16:24:15",785.91,0.00,0,0.00,97,"Madelin Sierra",120,"CHRISTIAN ESTRADA",,,0,A_ABONO_ACTIVO,2026-03-19,abonos_creditos.fecha_pago,NO,"2026-03-19 16:24:15"
32170,25479,000-001-01-00040398,"DISTRIBUCIONES GRAFICAS LA LIBRERIA",0.00,0,,2026-03-19,"2026-03-19 16:23:20",8833.72,0.00,0,0.00,97,"Madelin Sierra",120,"CHRISTIAN ESTRADA",,,0,A_ABONO_ACTIVO,2026-03-19,abonos_creditos.fecha_pago,NO,"2026-03-19 16:23:20"
32579,25522,000-001-01-00040441,"FUNDACION TERRA",0.00,0,,2026-03-19,"2026-03-25 15:43:35",247468.61,0.00,0,0.00,83,"Yosselin Palma",83,"Yosselin Palma",,,0,A_ABONO_ACTIVO,2026-03-19,abonos_creditos.fecha_pago,NO,"2026-03-25 15:43:35"
32524,25566,000-001-01-00040483,"ESCUELA AMERICANA",0.00,0,,2026-03-19,"2026-03-24 16:38:44",37104.75,0.00,0,0.00,57,"Josue Cerritos",13,"Belinda Lopez",,,0,A_ABONO_ACTIVO,2026-03-19,abonos_creditos.fecha_pago,NO,"2026-03-24 16:38:44"
32580,25592,000-001-01-00040509,"FUNDACION TERRA",0.00,0,,2026-03-19,"2026-03-25 15:44:03",134178.01,0.00,0,0.00,83,"Yosselin Palma",83,"Yosselin Palma",,,0,A_ABONO_ACTIVO,2026-03-19,abonos_creditos.fecha_pago,NO,"2026-03-25 15:44:03"
32581,25636,000-001-01-00040553,"FUNDACION TERRA",0.00,0,,2026-03-19,"2026-03-25 15:44:21",41882.56,0.00,0,0.00,83,"Yosselin Palma",83,"Yosselin Palma",,,0,A_ABONO_ACTIVO,2026-03-19,abonos_creditos.fecha_pago,NO,"2026-03-25 15:44:21"
33367,26253,000-001-01-00041169,"INSTITUTO TECNICO MAXIMILIANO CARRANZA",0.00,0,,2026-03-19,"2026-03-24 10:59:02",813.51,0.00,0,0.00,27,"Ana Pineda",24,OFICINA,,,0,A_ABONO_ACTIVO,2026-03-19,abonos_creditos.fecha_pago,SI,"2026-03-24 10:59:02"
33364,26254,000-001-01-00041170,"INVERSIONES MULTIPLES VILLALVIR PINEDA",0.00,0,,2026-03-19,"2026-03-24 10:39:16",1996.86,0.00,0,0.00,27,"Ana Pineda",24,OFICINA,,,0,A_ABONO_ACTIVO,2026-03-19,abonos_creditos.fecha_pago,SI,"2026-03-24 10:39:16"
28985,23074,000-001-01-00038002,"DAVID CIBER NET",0.00,0,,2026-03-20,"2026-03-25 09:33:59",55131.17,0.00,0,0.00,64,"Kevin Nuñez",4,"Roy Zelaya",,,0,A_ABONO_ACTIVO,2026-03-20,abonos_creditos.fecha_pago,NO,"2026-03-25 09:33:59"
28986,23075,000-001-01-00038003,"DAVID CIBER NET",0.00,0,,2026-03-20,"2026-03-24 17:27:50",9309.03,0.00,0,0.00,58,"Daniela Torres",4,"Roy Zelaya",,,0,A_ABONO_ACTIVO,2026-03-20,abonos_creditos.fecha_pago,NO,"2026-03-24 17:27:50"
29743,23088,000-001-01-00038016,"PAPELERIA ELYON",0.00,0,,2026-03-20,"2026-03-23 16:40:09",24542.83,0.00,0,0.00,27,"Ana Pineda",14,"Sulay Pineda",,,0,A_ABONO_ACTIVO,2026-03-20,abonos_creditos.fecha_pago,SI,"2026-03-23 16:40:09"
29004,23101,000-001-01-00038029,"CREDITO EMPLEADOS",0.00,0,,2026-03-20,"2026-03-24 09:43:39",51.43,0.00,0,0.00,30,"Kelyn Barahona",24,OFICINA,,,0,A_ABONO_ACTIVO,2026-03-20,abonos_creditos.fecha_pago,NO,"2026-03-24 09:43:39"
29285,23290,000-001-01-00038218,"CLIENTE GENERICO",0.00,0,,2026-03-20,"2026-03-24 09:44:13",60.01,0.00,0,0.00,30,"Kelyn Barahona",24,OFICINA,,,0,A_ABONO_ACTIVO,2026-03-20,abonos_creditos.fecha_pago,NO,"2026-03-24 09:44:13"
29479,23329,000-001-01-00038257,"PAPELERIA HONDURAS",0.00,0,,2026-03-20,"2026-03-25 13:12:17",333500.00,0.00,0,0.00,30,"Kelyn Barahona",24,OFICINA,,,0,A_ABONO_ACTIVO,2026-03-20,abonos_creditos.fecha_pago,NO,"2026-03-25 13:12:17"
30376,23438,000-001-01-00038366,"GRAN HOTEL KENNEDY",0.00,0,,2026-03-20,"2026-03-24 09:44:49",1617.62,0.00,0,0.00,30,"Kelyn Barahona",24,OFICINA,,,0,A_ABONO_ACTIVO,2026-03-20,abonos_creditos.fecha_pago,NO,"2026-03-24 09:44:49"
29804,23752,000-001-01-00038680,"PAPELERIA HONDURAS",0.00,0,,2026-03-20,"2026-03-25 13:11:04",32775.00,0.00,0,0.00,30,"Kelyn Barahona",24,OFICINA,,,0,A_ABONO_ACTIVO,2026-03-20,abonos_creditos.fecha_pago,NO,"2026-03-25 13:11:04"
29873,23757,000-001-01-00038685,"LIBRERIA JULIO VERNE",0.00,0,,2026-03-20,"2026-03-24 17:13:20",88955.77,2246.61,0,0.00,83,"Yosselin Palma",4,"Roy Zelaya",,,0,A_ABONO_ACTIVO,2026-03-20,abonos_creditos.fecha_pago,NO,"2026-03-24 17:13:20"
30362,24204,000-001-01-00039132,ATEXA,0.00,0,,2026-03-20,"2026-03-24 15:24:00",5445.25,0.00,0,0.00,57,"Josue Cerritos",13,"Belinda Lopez",,,0,A_ABONO_ACTIVO,2026-03-20,abonos_creditos.fecha_pago,NO,"2026-03-24 15:24:00"
30535,24387,000-001-01-00039315,"PAPELERIA ELYON",0.00,0,,2026-03-20,"2026-03-23 16:40:43",15716.36,0.00,0,0.00,57,"Josue Cerritos",14,"Sulay Pineda",,,0,A_ABONO_ACTIVO,2026-03-20,abonos_creditos.fecha_pago,NO,"2026-03-23 16:40:43"
30609,24418,000-001-01-00039344,"LIBRERÍA UNIVERSAL",0.00,0,,2026-03-20,"2026-03-25 10:29:06",50793.48,0.00,0,0.00,64,"Kevin Nuñez",24,OFICINA,,,0,A_ABONO_ACTIVO,2026-03-20,abonos_creditos.fecha_pago,NO,"2026-03-25 10:29:06"
30646,24479,000-001-01-00039405,"CREDITO EMPLEADOS",0.00,0,,2026-03-20,"2026-03-20 13:55:50",263.44,0.00,0,0.00,97,"Madelin Sierra",24,OFICINA,,,0,A_ABONO_ACTIVO,2026-03-20,abonos_creditos.fecha_pago,NO,"2026-03-20 13:55:50"
31231,24510,000-001-01-00039436,"PANGEA INVERSIONES, S. DE R.L.",0.00,0,,2026-03-20,"2026-03-20 10:50:17",1351.37,0.00,0,0.00,89,"Jonathan Lopez",36,"Angel Villela",,,0,A_ABONO_ACTIVO,2026-03-20,abonos_creditos.fecha_pago,NO,"2026-03-20 10:50:17"
32824,24687,000-001-01-00039609,"COMERCIAL RAMIREZ N.2",0.00,0,,2026-03-20,"2026-03-25 16:25:10",6712.30,0.00,0,0.00,64,"Kevin Nuñez",100,"Kevin Vendedor",,,0,A_ABONO_ACTIVO,2026-03-20,abonos_creditos.fecha_pago,NO,"2026-03-25 16:25:10"
32825,24691,000-001-01-00039613,"COMERCIAL RAMIREZ N.2",0.00,0,,2026-03-20,"2026-03-25 16:25:44",8159.03,0.00,0,0.00,64,"Kevin Nuñez",100,"Kevin Vendedor",,,0,A_ABONO_ACTIVO,2026-03-20,abonos_creditos.fecha_pago,NO,"2026-03-25 16:25:44"
32826,24692,000-001-01-00039614,"COMERCIAL RAMIREZ N.2",0.00,0,,2026-03-20,"2026-03-25 16:32:10",33892.56,0.00,0,0.00,64,"Kevin Nuñez",100,"Kevin Vendedor",,,0,A_ABONO_ACTIVO,2026-03-20,abonos_creditos.fecha_pago,NO,"2026-03-25 16:32:10"
32827,24699,000-001-01-00039621,"COMERCIAL RAMIREZ N.2",0.00,0,,2026-03-20,"2026-03-25 16:26:34",3437.38,0.00,0,0.00,64,"Kevin Nuñez",100,"Kevin Vendedor",,,0,A_ABONO_ACTIVO,2026-03-20,abonos_creditos.fecha_pago,NO,"2026-03-25 16:26:34"
30958,24701,000-001-01-00039623,"DISTRIBUCIONES Y REPRESENTACIONES GENERALES S. DE R.L. DE C.V. DIRGEN",0.00,0,,2026-03-20,"2026-03-24 16:09:29",1954.50,1690.98,0,0.00,64,"Kevin Nuñez",100,"Kevin Vendedor",,,0,A_ABONO_ACTIVO,2026-03-20,abonos_creditos.fecha_pago,NO,"2026-03-24 16:09:29"
31156,24712,000-001-01-00039634,ATEXA,0.00,0,,2026-03-20,"2026-03-24 15:26:15",8911.93,0.00,0,0.00,57,"Josue Cerritos",13,"Belinda Lopez",,,0,A_ABONO_ACTIVO,2026-03-20,abonos_creditos.fecha_pago,NO,"2026-03-24 15:26:15"
32828,24724,000-001-01-00039646,"COMERCIAL RAMIREZ N.2",0.00,0,,2026-03-20,"2026-03-25 16:27:04",29868.20,0.00,0,0.00,57,"Josue Cerritos",100,"Kevin Vendedor",,,0,A_ABONO_ACTIVO,2026-03-20,abonos_creditos.fecha_pago,NO,"2026-03-25 16:27:04"
32829,24726,000-001-01-00039648,"COMERCIAL RAMIREZ N.2",0.00,0,,2026-03-20,"2026-03-25 16:26:14",3924.36,0.00,0,0.00,57,"Josue Cerritos",100,"Kevin Vendedor",,,0,A_ABONO_ACTIVO,2026-03-20,abonos_creditos.fecha_pago,NO,"2026-03-25 16:26:14"
31158,24848,000-001-01-00039768,ATEXA,0.00,0,,2026-03-20,"2026-03-24 15:24:57",253.00,0.00,0,0.00,57,"Josue Cerritos",13,"Belinda Lopez",,,0,A_ABONO_ACTIVO,2026-03-20,abonos_creditos.fecha_pago,NO,"2026-03-24 15:24:57"
31434,24951,000-001-01-00039870,ATEXA,0.00,0,,2026-03-20,"2026-03-24 15:24:30",5918.36,0.00,0,0.00,57,"Josue Cerritos",13,"Belinda Lopez",,,0,A_ABONO_ACTIVO,2026-03-20,abonos_creditos.fecha_pago,NO,"2026-03-24 15:24:30"
31435,24987,000-001-01-00039906,"LARACH Y CIA",0.00,0,,2026-03-20,"2026-03-24 16:02:20",166750.00,0.00,0,0.00,57,"Josue Cerritos",13,"Belinda Lopez",,,0,A_ABONO_ACTIVO,2026-03-20,abonos_creditos.fecha_pago,NO,"2026-03-24 16:02:20"
31436,24988,000-001-01-00039907,"LARACH Y CIA",0.00,0,,2026-03-20,"2026-03-24 16:01:05",143405.00,0.00,0,0.00,57,"Josue Cerritos",13,"Belinda Lopez",,,0,A_ABONO_ACTIVO,2026-03-20,abonos_creditos.fecha_pago,NO,"2026-03-24 16:01:05"
31437,25040,000-001-01-00039959,"LARACH Y CIA",0.00,0,,2026-03-20,"2026-03-24 16:03:12",25012.50,0.00,0,0.00,57,"Josue Cerritos",13,"Belinda Lopez",,,0,A_ABONO_ACTIVO,2026-03-20,abonos_creditos.fecha_pago,NO,"2026-03-24 16:03:12"
31438,25041,000-001-01-00039960,"LARACH Y CIA",0.00,0,,2026-03-20,"2026-03-24 16:04:25",25012.50,0.00,0,0.00,57,"Josue Cerritos",13,"Belinda Lopez",,,0,A_ABONO_ACTIVO,2026-03-20,abonos_creditos.fecha_pago,NO,"2026-03-24 16:04:25"
31439,25124,000-001-01-00040043,"LARACH Y CIA",0.00,0,,2026-03-20,"2026-03-24 16:05:00",53360.00,0.00,0,0.00,57,"Josue Cerritos",13,"Belinda Lopez",,,0,A_ABONO_ACTIVO,2026-03-20,abonos_creditos.fecha_pago,NO,"2026-03-24 16:05:00"
32356,25356,000-001-01-00040275,DIREMAS,0.00,0,,2026-03-20,"2026-03-25 12:40:36",2415.00,0.00,0,0.00,98,"Yimmy Funes",24,OFICINA,,,0,A_ABONO_ACTIVO,2026-03-20,abonos_creditos.fecha_pago,NO,"2026-03-25 12:40:36"
32832,25392,000-001-01-00040311,"COMERCIAL RAMIREZ N.2",0.00,0,,2026-03-20,"2026-03-25 16:27:35",11668.53,0.00,0,0.00,64,"Kevin Nuñez",115,"Erling Peralta",,,0,A_ABONO_ACTIVO,2026-03-20,abonos_creditos.fecha_pago,NO,"2026-03-25 16:27:35"
32299,25407,000-001-01-00040326,"DISTRIBUCIONES Y REPRESENTACIONES GENERALES S. DE R.L. DE C.V. DIRGEN",0.00,0,,2026-03-20,"2026-03-24 16:11:46",3757.05,0.00,0,0.00,98,"Yimmy Funes",115,"Erling Peralta",,,0,A_ABONO_ACTIVO,2026-03-20,abonos_creditos.fecha_pago,NO,"2026-03-24 16:11:46"
32836,25412,000-001-01-00040331,"COMERCIAL RAMIREZ N.2",0.00,0,,2026-03-20,"2026-03-25 16:29:06",10152.00,0.00,0,0.00,86,"Jose Luque Vendedor",115,"Erling Peralta",,,0,A_ABONO_ACTIVO,2026-03-20,abonos_creditos.fecha_pago,NO,"2026-03-25 16:29:06"
32837,25415,000-001-01-00040334,"COMERCIAL RAMIREZ N.2",0.00,0,,2026-03-20,"2026-03-25 16:28:47",18985.50,0.00,0,0.00,86,"Jose Luque Vendedor",115,"Erling Peralta",,,0,A_ABONO_ACTIVO,2026-03-20,abonos_creditos.fecha_pago,NO,"2026-03-25 16:28:47"
32300,25416,000-001-01-00040335,"DISTRIBUCIONES Y REPRESENTACIONES GENERALES S. DE R.L. DE C.V. DIRGEN",0.00,0,,2026-03-20,"2026-03-24 16:12:54",834.90,0.00,0,0.00,97,"Madelin Sierra",115,"Erling Peralta",,,0,A_ABONO_ACTIVO,2026-03-20,abonos_creditos.fecha_pago,NO,"2026-03-24 16:12:54"
32838,25425,000-001-01-00040344,"COMERCIAL RAMIREZ N.2",0.00,0,,2026-03-20,"2026-03-25 16:30:16",15515.89,0.00,0,0.00,64,"Kevin Nuñez",115,"Erling Peralta",,,0,A_ABONO_ACTIVO,2026-03-20,abonos_creditos.fecha_pago,NO,"2026-03-25 16:30:16"
32839,25444,000-001-01-00040363,"COMERCIAL RAMIREZ N.2",0.00,0,,2026-03-20,"2026-03-25 16:29:38",13652.90,0.00,0,0.00,64,"Kevin Nuñez",115,"Erling Peralta",,,0,A_ABONO_ACTIVO,2026-03-20,abonos_creditos.fecha_pago,NO,"2026-03-25 16:29:38"
33411,25481,000-001-01-00040400,"LUZ Y FUERZA DE SAN.LORENZO SA DE CV.",0.00,0,,2026-03-20,"2026-03-25 15:46:35",83107.71,0.00,0,0.00,83,"Yosselin Palma",83,"Yosselin Palma",,,0,A_ABONO_ACTIVO,2026-03-20,abonos_creditos.fecha_pago,NO,"2026-03-25 15:46:35"
32203,25485,000-001-01-00040404,"LARACH Y CIA",0.00,0,,2026-03-20,"2026-03-24 16:05:45",6881.14,0.00,0,0.00,57,"Josue Cerritos",13,"Belinda Lopez",,,0,A_ABONO_ACTIVO,2026-03-20,abonos_creditos.fecha_pago,NO,"2026-03-24 16:05:45"
32301,25486,000-001-01-00040405,"DISTRIBUCIONES Y REPRESENTACIONES GENERALES S. DE R.L. DE C.V. DIRGEN",0.00,0,,2026-03-20,"2026-03-24 16:14:22",2003.35,0.00,0,0.00,64,"Kevin Nuñez",115,"Erling Peralta",,,0,A_ABONO_ACTIVO,2026-03-20,abonos_creditos.fecha_pago,NO,"2026-03-24 16:14:22"
32204,25488,000-001-01-00040407,"LARACH Y CIA",0.00,0,,2026-03-20,"2026-03-24 16:06:24",851.00,0.00,0,0.00,57,"Josue Cerritos",13,"Belinda Lopez",,,0,A_ABONO_ACTIVO,2026-03-20,abonos_creditos.fecha_pago,NO,"2026-03-24 16:06:24"
32302,25493,000-001-01-00040412,"DISTRIBUCIONES Y REPRESENTACIONES GENERALES S. DE R.L. DE C.V. DIRGEN",0.00,0,,2026-03-20,"2026-03-24 16:15:09",21528.00,0.00,0,0.00,64,"Kevin Nuñez",115,"Erling Peralta",,,0,A_ABONO_ACTIVO,2026-03-20,abonos_creditos.fecha_pago,NO,"2026-03-24 16:15:09"
32303,25510,000-001-01-00040429,"DISTRIBUCIONES Y REPRESENTACIONES GENERALES S. DE R.L. DE C.V. DIRGEN",0.00,0,,2026-03-20,"2026-03-24 16:16:05",2172.93,0.00,0,0.00,64,"Kevin Nuñez",115,"Erling Peralta",,,0,A_ABONO_ACTIVO,2026-03-20,abonos_creditos.fecha_pago,NO,"2026-03-24 16:16:05"
32205,25514,000-001-01-00040433,"LARACH Y CIA",0.00,0,,2026-03-20,"2026-03-24 16:07:04",16266.75,0.00,0,0.00,57,"Josue Cerritos",13,"Belinda Lopez",,,0,A_ABONO_ACTIVO,2026-03-20,abonos_creditos.fecha_pago,NO,"2026-03-24 16:07:04"
32814,25549,000-001-01-00040467,"COPIAS Y MAS  ZABDI",0.00,0,,2026-03-20,"2026-03-25 12:10:48",4335.11,0.00,0,0.00,57,"Josue Cerritos",87,"Mauricio Zavala",,,0,A_ABONO_ACTIVO,2026-03-20,abonos_creditos.fecha_pago,NO,"2026-03-25 12:10:48"
32252,25582,000-001-01-00040499,"LARACH Y CIA",0.00,0,,2026-03-20,"2026-03-24 16:09:16",3317.75,0.00,0,0.00,57,"Josue Cerritos",13,"Belinda Lopez",,,0,A_ABONO_ACTIVO,2026-03-20,abonos_creditos.fecha_pago,NO,"2026-03-24 16:09:16"
32253,25583,000-001-01-00040500,"LARACH Y CIA",0.00,0,,2026-03-20,"2026-03-24 16:09:52",9602.50,0.00,0,0.00,57,"Josue Cerritos",13,"Belinda Lopez",,,0,A_ABONO_ACTIVO,2026-03-20,abonos_creditos.fecha_pago,NO,"2026-03-24 16:09:52"
32908,25622,000-001-01-00040539,"LARACH Y CIA",0.00,0,,2026-03-20,"2026-03-24 16:10:21",39813.00,0.00,0,0.00,57,"Josue Cerritos",13,"Belinda Lopez",,,0,A_ABONO_ACTIVO,2026-03-20,abonos_creditos.fecha_pago,NO,"2026-03-24 16:10:21"
32909,25623,000-001-01-00040540,"LARACH Y CIA",0.00,0,,2026-03-20,"2026-03-24 16:11:03",24000.50,0.00,0,0.00,57,"Josue Cerritos",13,"Belinda Lopez",,,0,A_ABONO_ACTIVO,2026-03-20,abonos_creditos.fecha_pago,NO,"2026-03-24 16:11:03"
32910,25624,000-001-01-00040541,"LARACH Y CIA",0.00,0,,2026-03-20,"2026-03-24 16:11:49",2553.00,0.00,0,0.00,57,"Josue Cerritos",13,"Belinda Lopez",,,0,A_ABONO_ACTIVO,2026-03-20,abonos_creditos.fecha_pago,NO,"2026-03-24 16:11:49"
32911,25625,000-001-01-00040542,"LARACH Y CIA",0.00,0,,2026-03-20,"2026-03-24 16:12:20",5560.25,0.00,0,0.00,57,"Josue Cerritos",13,"Belinda Lopez",,,0,A_ABONO_ACTIVO,2026-03-20,abonos_creditos.fecha_pago,NO,"2026-03-24 16:12:20"
32912,25647,000-001-01-00040564,"LARACH Y CIA",0.00,0,,2026-03-20,"2026-03-24 16:13:04",5106.00,0.00,0,0.00,57,"Josue Cerritos",13,"Belinda Lopez",,,0,A_ABONO_ACTIVO,2026-03-20,abonos_creditos.fecha_pago,NO,"2026-03-24 16:13:04"
32913,25649,000-001-01-00040566,"LARACH Y CIA",0.00,0,,2026-03-20,"2026-03-24 16:13:40",7900.50,0.00,0,0.00,57,"Josue Cerritos",13,"Belinda Lopez",,,0,A_ABONO_ACTIVO,2026-03-20,abonos_creditos.fecha_pago,NO,"2026-03-24 16:13:40"
32729,25905,000-001-01-00040821,"DISTRIBUIDORA MARTINEZ",0.00,0,,2026-03-20,"2026-03-24 15:46:52",16818.75,0.00,0,0.00,57,"Josue Cerritos",13,"Belinda Lopez",,,0,A_ABONO_ACTIVO,2026-03-20,abonos_creditos.fecha_pago,NO,"2026-03-24 15:46:52"
33192,26242,000-001-01-00041158,"VARIEDADES RODRIGUEZ",0.00,0,,2026-03-20,"2026-04-11 14:26:14",33350.00,0.00,0,0.00,120,"CHRISTIAN ESTRADA",120,"CHRISTIAN ESTRADA",,,0,A_ABONO_ACTIVO,2026-03-20,abonos_creditos.fecha_pago,NO,"2026-04-11 14:26:14"
33418,26265,000-001-01-00041181,"VARIEDADES ANDREA",0.00,0,,2026-03-20,"2026-03-25 16:08:43",6750.41,0.00,0,0.00,86,"Jose Luque Vendedor",14,"Sulay Pineda",,,0,A_ABONO_ACTIVO,2026-03-20,abonos_creditos.fecha_pago,NO,"2026-03-25 16:08:43"
33253,26323,000-001-01-00041239,"CLIENTE GENERICO",0.00,0,,2026-03-20,"2026-03-24 11:04:24",253.00,0.00,0,0.00,57,"Josue Cerritos",24,OFICINA,,,0,A_ABONO_ACTIVO,2026-03-20,abonos_creditos.fecha_pago,NO,"2026-03-24 11:04:24"
33345,26330,000-001-01-00041246,"CLIENTE GENERICO*",0.00,0,,2026-03-20,"2026-03-24 08:58:51",531.25,0.00,0,0.00,120,"CHRISTIAN ESTRADA",120,"CHRISTIAN ESTRADA",,,0,A_ABONO_ACTIVO,2026-03-20,abonos_creditos.fecha_pago,NO,"2026-03-24 08:58:51"
33528,26349,000-001-01-00041265,"ALMACENES XTRA",0.00,0,,2026-03-20,"2026-04-28 09:34:42",7872.40,0.00,0,0.00,57,"Josue Cerritos",13,"Belinda Lopez",,,0,A_ABONO_ACTIVO,2026-03-20,abonos_creditos.fecha_pago,NO,"2026-04-28 09:34:42"
28144,22455,000-001-01-00037383,"VARIEDADES Y MAS EL ALFARERO",0.00,0,,2026-03-21,"2026-03-23 16:31:00",3051.65,0.00,0,0.00,83,"Yosselin Palma",14,"Sulay Pineda",,,0,A_ABONO_ACTIVO,2026-03-21,abonos_creditos.fecha_pago,NO,"2026-03-23 16:31:00"
28843,22981,000-001-01-00037909,"DISTRIBUIDORA UNIVERSAL",0.00,0,,2026-03-21,"2026-03-24 08:40:05",199679.38,0.00,0,0.00,30,"Kelyn Barahona",24,OFICINA,,,0,A_ABONO_ACTIVO,2026-03-21,abonos_creditos.fecha_pago,NO,"2026-03-24 08:40:05"
29252,22999,000-001-01-00037927,"DISTRIBUIDORA UNIVERSAL",0.00,0,,2026-03-21,"2026-03-24 08:41:35",200639.37,0.00,0,0.00,30,"Kelyn Barahona",24,OFICINA,,,0,A_ABONO_ACTIVO,2026-03-21,abonos_creditos.fecha_pago,NO,"2026-03-24 08:41:35"
29169,23155,000-001-01-00038083,"DISTRIBUIDORA VENECIA",0.00,0,,2026-03-21,"2026-03-23 11:47:51",39470.32,0.00,0,0.00,30,"Kelyn Barahona",24,OFICINA,,,0,A_ABONO_ACTIVO,2026-03-21,abonos_creditos.fecha_pago,NO,"2026-03-23 11:47:51"
29170,23162,000-001-01-00038090,"DISTRIBUIDORA VENECIA",0.00,0,,2026-03-21,"2026-03-23 11:48:32",8849.25,0.00,0,0.00,30,"Kelyn Barahona",24,OFICINA,,,0,A_ABONO_ACTIVO,2026-03-21,abonos_creditos.fecha_pago,NO,"2026-03-23 11:48:32"
29439,23432,000-001-01-00038360,"DISTRIBUIDORA VENECIA",0.00,0,,2026-03-21,"2026-03-23 11:49:28",10000.70,0.00,0,0.00,30,"Kelyn Barahona",24,OFICINA,,,0,A_ABONO_ACTIVO,2026-03-21,abonos_creditos.fecha_pago,NO,"2026-03-23 11:49:28"
29921,23703,000-001-01-00038631,"DISTRIBUIDORA VENECIA",0.00,0,,2026-03-21,"2026-03-23 11:50:02",17344.00,0.00,0,0.00,30,"Kelyn Barahona",24,OFICINA,,,0,A_ABONO_ACTIVO,2026-03-21,abonos_creditos.fecha_pago,NO,"2026-03-23 11:50:02"
29922,23704,000-001-01-00038632,"DISTRIBUIDORA VENECIA",0.00,0,,2026-03-21,"2026-03-23 11:50:49",20355.00,0.00,0,0.00,30,"Kelyn Barahona",24,OFICINA,,,0,A_ABONO_ACTIVO,2026-03-21,abonos_creditos.fecha_pago,NO,"2026-03-23 11:50:49"
30914,24496,000-001-01-00039422,"PAPELERIA Y LIBRERIA AGAPE",0.00,0,,2026-03-21,"2026-03-23 16:57:52",21000.15,0.00,0,0.00,57,"Josue Cerritos",13,"Belinda Lopez",,,0,A_ABONO_ACTIVO,2026-03-21,abonos_creditos.fecha_pago,NO,"2026-03-23 16:57:52"
32575,24834,000-001-01-00039754,"PAPELERIA Y LIBRERIA AGAPE",0.00,0,,2026-03-21,"2026-03-23 16:59:20",2274.24,0.00,0,0.00,57,"Josue Cerritos",13,"Belinda Lopez",,,0,A_ABONO_ACTIVO,2026-03-21,abonos_creditos.fecha_pago,NO,"2026-03-23 16:59:20"
31690,24980,000-001-01-00039899,"SUPERMERCADO LA COLONIA S.A. DE C.V.",0.00,0,,2026-03-21,"2026-03-24 08:59:06",125796.20,0.00,0,0.00,89,"Jonathan Lopez",36,"Angel Villela",,,0,A_ABONO_ACTIVO,2026-03-21,abonos_creditos.fecha_pago,NO,"2026-03-24 08:59:06"
32831,25391,000-001-01-00040310,"COMERCIAL RAMIREZ N.2",0.00,0,,2026-03-21,"2026-03-25 13:43:16",2082.08,0.00,0,0.00,86,"Jose Luque Vendedor",115,"Erling Peralta",,,0,A_ABONO_ACTIVO,2026-03-21,abonos_creditos.fecha_pago,NO,"2026-03-25 13:43:16"
32833,25400,000-001-01-00040319,"COMERCIAL RAMIREZ N.2",0.00,0,,2026-03-21,"2026-03-25 13:43:39",792.00,0.00,0,0.00,86,"Jose Luque Vendedor",115,"Erling Peralta",,,0,A_ABONO_ACTIVO,2026-03-21,abonos_creditos.fecha_pago,NO,"2026-03-25 13:43:39"
32834,25401,000-001-01-00040320,"COMERCIAL RAMIREZ N.2",0.00,0,,2026-03-21,"2026-03-25 13:42:56",4128.79,0.00,0,0.00,64,"Kevin Nuñez",115,"Erling Peralta",,,0,A_ABONO_ACTIVO,2026-03-21,abonos_creditos.fecha_pago,NO,"2026-03-25 13:42:56"
31768,25405,000-001-01-00040324,"SUPERMERCADO LA COLONIA S.A. DE C.V.",0.00,0,,2026-03-21,"2026-03-24 09:17:06",140599.00,0.00,0,0.00,89,"Jonathan Lopez",36,"Angel Villela",,,0,A_ABONO_ACTIVO,2026-03-21,abonos_creditos.fecha_pago,NO,"2026-03-24 09:17:06"
32835,25411,000-001-01-00040330,"COMERCIAL RAMIREZ N.2",0.00,0,,2026-03-21,"2026-03-25 13:44:04",10140.39,0.00,0,0.00,64,"Kevin Nuñez",115,"Erling Peralta",,,0,A_ABONO_ACTIVO,2026-03-21,abonos_creditos.fecha_pago,NO,"2026-03-25 13:44:04"
33342,25541,000-001-01-00040459,"SMART SOLUTIONS",0.00,0,,2026-03-21,"2026-03-23 16:41:57",4174.50,0.00,0,0.00,57,"Josue Cerritos",87,"Mauricio Zavala",,,0,A_ABONO_ACTIVO,2026-03-21,abonos_creditos.fecha_pago,NO,"2026-03-23 16:41:57"
33334,25828,000-001-01-00040744,PAPELANDIA,0.00,0,,2026-03-21,"2026-03-23 16:35:42",144.75,0.00,0,0.00,97,"Madelin Sierra",120,"CHRISTIAN ESTRADA",,,0,A_ABONO_ACTIVO,2026-03-21,abonos_creditos.fecha_pago,NO,"2026-03-23 16:35:42"
33348,26146,000-001-01-00041062,"JOSE RAMON BAUTISTA COELLO",0.00,0,,2026-03-21,"2026-03-24 09:27:46",239.78,0.00,0,0.00,57,"Josue Cerritos",24,OFICINA,,,0,A_ABONO_ACTIVO,2026-03-21,abonos_creditos.fecha_pago,NO,"2026-03-24 09:27:46"
33358,26172,000-001-01-00041088,"NOVEDADES EL ESTUDIANTE",0.00,0,,2026-03-21,"2026-03-24 10:02:36",6325.40,0.00,0,0.00,64,"Kevin Nuñez",115,"Erling Peralta",,,0,A_ABONO_ACTIVO,2026-03-21,abonos_creditos.fecha_pago,NO,"2026-03-24 10:02:36"
33088,26176,000-001-01-00041092,"VARIEDADES POPULAR",0.00,0,,2026-03-21,"2026-03-24 11:14:12",994.02,0.00,0,0.00,64,"Kevin Nuñez",115,"Erling Peralta",,,0,A_ABONO_ACTIVO,2026-03-21,abonos_creditos.fecha_pago,NO,"2026-03-24 11:14:12"
33089,26178,000-001-01-00041094,"VARIEDADES POPULAR",0.00,0,,2026-03-21,"2026-03-24 11:15:45",1659.42,0.00,0,0.00,64,"Kevin Nuñez",115,"Erling Peralta",,,0,A_ABONO_ACTIVO,2026-03-21,abonos_creditos.fecha_pago,NO,"2026-03-24 11:15:45"
33066,26192,000-001-01-00041108,"CLIENTE GENERICO",0.00,0,,2026-03-21,"2026-03-24 10:54:38",303.60,0.00,0,0.00,57,"Josue Cerritos",24,OFICINA,,,0,A_ABONO_ACTIVO,2026-03-21,abonos_creditos.fecha_pago,NO,"2026-03-24 10:54:38"
33090,26193,000-001-01-00041109,"VARIEDADES POPULAR",0.00,0,,2026-03-21,"2026-03-24 11:17:16",812.00,0.00,0,0.00,64,"Kevin Nuñez",115,"Erling Peralta",,,0,A_ABONO_ACTIVO,2026-03-21,abonos_creditos.fecha_pago,NO,"2026-03-24 11:17:16"
33091,26194,000-001-01-00041110,"VARIEDADES POPULAR",0.00,0,,2026-03-21,"2026-03-24 11:18:28",609.88,0.00,0,0.00,64,"Kevin Nuñez",115,"Erling Peralta",,,0,A_ABONO_ACTIVO,2026-03-21,abonos_creditos.fecha_pago,NO,"2026-03-24 11:18:28"
33347,26213,000-001-01-00041129,"FULL COLOR",0.00,0,,2026-03-21,"2026-03-24 09:21:24",1564.00,0.00,0,0.00,120,"CHRISTIAN ESTRADA",120,"CHRISTIAN ESTRADA",,,0,A_ABONO_ACTIVO,2026-03-21,abonos_creditos.fecha_pago,NO,"2026-03-24 09:21:24"
33360,26225,000-001-01-00041141,"ESCOLARES Y NOVEDADES LA CONFIANZA",0.00,0,,2026-03-21,"2026-03-24 10:13:16",5596.79,0.00,0,0.00,57,"Josue Cerritos",87,"Mauricio Zavala",,,0,A_ABONO_ACTIVO,2026-03-21,abonos_creditos.fecha_pago,NO,"2026-03-24 10:13:16"
33114,26227,000-001-01-00041143,"COMPUMUNDO  S. DE  R.L.",0.00,0,,2026-03-21,"2026-03-24 10:22:54",1702.00,0.00,0,0.00,64,"Kevin Nuñez",115,"Erling Peralta",,,0,A_ABONO_ACTIVO,2026-03-21,abonos_creditos.fecha_pago,NO,"2026-03-24 10:22:54"
33069,26248,000-001-01-00041164,"CLIENTE GENERICO",0.00,0,,2026-03-21,"2026-03-24 10:43:27",104.94,0.00,0,0.00,64,"Kevin Nuñez",24,OFICINA,,,0,A_ABONO_ACTIVO,2026-03-21,abonos_creditos.fecha_pago,NO,"2026-03-24 10:43:27"
33368,26260,000-001-01-00041176,"MULTISERVICIOS SALOME",0.00,0,,2026-03-21,"2026-03-24 11:00:50",2912.34,0.00,0,0.00,86,"Jose Luque Vendedor",24,OFICINA,,,0,A_ABONO_ACTIVO,2026-03-21,abonos_creditos.fecha_pago,NO,"2026-03-24 11:00:50"
33359,26268,000-001-01-00041184,"ZONA GAMER",0.00,0,,2026-03-21,"2026-03-24 10:04:48",1586.08,0.00,0,0.00,86,"Jose Luque Vendedor",14,"Sulay Pineda",,,0,A_ABONO_ACTIVO,2026-03-21,abonos_creditos.fecha_pago,NO,"2026-03-24 10:04:48"
33070,26275,000-001-01-00041191,"CLIENTE GENERICO",0.00,0,,2026-03-21,"2026-03-24 10:42:17",781.77,0.00,0,0.00,64,"Kevin Nuñez",24,OFICINA,,,0,A_ABONO_ACTIVO,2026-03-21,abonos_creditos.fecha_pago,NO,"2026-03-24 10:42:17"
33349,26289,000-001-01-00041205,"M V T Y COMPAÑIA S. DE R.L.",0.00,0,,2026-03-21,"2026-03-24 09:36:39",621.07,0.00,0,0.00,83,"Yosselin Palma",24,OFICINA,,,0,A_ABONO_ACTIVO,2026-03-21,abonos_creditos.fecha_pago,NO,"2026-03-24 09:36:39"
33351,26317,000-001-01-00041233,"SECRETARIA DE SEGURIDAD",0.00,0,,2026-03-21,"2026-03-24 09:44:11",7786.44,0.00,0,0.00,83,"Yosselin Palma",83,"Yosselin Palma",,,0,A_ABONO_ACTIVO,2026-03-21,abonos_creditos.fecha_pago,NO,"2026-03-24 09:44:11"
33338,26353,000-001-01-00041269,"CLIENTE GENERICO",0.00,0,,2026-03-21,"2026-03-31 10:00:57",285.53,0.00,0,0.00,57,"Josue Cerritos",24,OFICINA,,,0,A_ABONO_ACTIVO,2026-03-21,abonos_creditos.fecha_pago,NO,"2026-03-31 10:00:57"
33339,26354,000-001-01-00041270,"CLIENTE GENERICO",0.00,0,,2026-03-21,"2026-03-24 10:47:39",111.45,0.00,0,0.00,57,"Josue Cerritos",24,OFICINA,,,0,A_ABONO_ACTIVO,2026-03-21,abonos_creditos.fecha_pago,NO,"2026-03-24 10:47:39"
31492,24960,000-001-01-00039879,"HECTOR S OFFICE",0.00,0,,2026-03-22,"2026-03-25 13:46:46",5857.96,0.00,0,0.00,64,"Kevin Nuñez",100,"Kevin Vendedor",,,0,A_ABONO_ACTIVO,2026-03-22,abonos_creditos.fecha_pago,NO,"2026-03-25 13:46:46"
31494,25012,000-001-01-00039931,"HECTOR S OFFICE",0.00,0,,2026-03-22,"2026-03-25 13:46:26",11052.60,0.00,0,0.00,64,"Kevin Nuñez",100,"Kevin Vendedor",,,0,A_ABONO_ACTIVO,2026-03-22,abonos_creditos.fecha_pago,NO,"2026-03-25 13:46:26"
27797,22213,000-001-01-00037141,DIFORMS,0.00,0,,2026-03-23,"2026-03-24 16:17:30",7820.00,0.00,0,0.00,27,"Ana Pineda",13,"Belinda Lopez",,,0,A_ABONO_ACTIVO,2026-03-23,abonos_creditos.fecha_pago,SI,"2026-03-24 16:17:30"
29331,22828,000-001-01-00037756,"LIBRERIA REYES",0.00,0,,2026-03-23,"2026-03-25 12:07:05",12023.20,0.00,0,0.00,27,"Ana Pineda",80,"Jose Zambrano",,,0,A_ABONO_ACTIVO,2026-03-23,abonos_creditos.fecha_pago,SI,"2026-03-25 12:07:06"
29326,23050,000-001-01-00037978,"INVERSIONES EL COPION S DER.L.",0.00,0,,2026-03-23,"2026-04-16 11:01:30",27486.45,2492.82,0,0.00,27,"Ana Pineda",14,"Sulay Pineda",,,0,A_ABONO_ACTIVO,2026-03-23,abonos_creditos.fecha_pago,SI,"2026-04-16 11:01:30"
29327,23061,000-001-01-00037989,"INVERSIONES EL COPION S DER.L.",0.00,0,,2026-03-23,"2026-04-16 10:57:55",263.93,0.00,0,0.00,27,"Ana Pineda",14,"Sulay Pineda",,,0,A_ABONO_ACTIVO,2026-03-23,abonos_creditos.fecha_pago,SI,"2026-04-16 10:57:55"
29328,23063,000-001-01-00037991,"INVERSIONES EL COPION S DER.L.",0.00,0,,2026-03-23,"2026-04-16 10:59:07",6944.85,0.00,0,0.00,27,"Ana Pineda",14,"Sulay Pineda",,,0,A_ABONO_ACTIVO,2026-03-23,abonos_creditos.fecha_pago,SI,"2026-04-16 10:59:07"
29174,23210,000-001-01-00038138,"DISTRIBUCIONES M & K S. DE R,L.",0.00,0,,2026-03-23,"2026-04-17 13:59:43",50311.92,0.00,0,0.00,30,"Kelyn Barahona",24,OFICINA,,,0,A_ABONO_ACTIVO,2026-03-23,abonos_creditos.fecha_pago,NO,"2026-04-17 13:59:43"
29664,23487,000-001-01-00038415,"PAPELERIA LA PROFE",0.00,0,,2026-03-23,"2026-03-24 11:26:45",38640.00,0.00,0,0.00,27,"Ana Pineda",14,"Sulay Pineda",,,0,A_ABONO_ACTIVO,2026-03-23,abonos_creditos.fecha_pago,SI,"2026-03-24 11:26:45"
30351,23565,000-001-01-00038493,"FENA DEPOT",0.00,0,,2026-03-23,"2026-03-24 16:34:20",13493.24,0.00,0,0.00,89,"Jonathan Lopez",24,OFICINA,,,0,A_ABONO_ACTIVO,2026-03-23,abonos_creditos.fecha_pago,NO,"2026-03-24 16:34:20"
29889,23742,000-001-01-00038670,"PAPELERIA LA PROFE",0.00,0,,2026-03-23,"2026-03-24 11:26:19",25728.43,0.00,0,0.00,27,"Ana Pineda",14,"Sulay Pineda",,,0,A_ABONO_ACTIVO,2026-03-23,abonos_creditos.fecha_pago,SI,"2026-03-24 11:26:19"
29890,23743,000-001-01-00038671,"PAPELERIA LA PROFE",0.00,0,,2026-03-23,"2026-03-24 11:23:47",26331.76,0.00,0,0.00,27,"Ana Pineda",14,"Sulay Pineda",,,0,A_ABONO_ACTIVO,2026-03-23,abonos_creditos.fecha_pago,SI,"2026-03-24 11:23:47"
29893,23750,000-001-01-00038678,"PAPELERIA LA PROFE",0.00,0,,2026-03-23,"2026-03-24 11:23:15",12270.75,0.00,0,0.00,27,"Ana Pineda",14,"Sulay Pineda",,,0,A_ABONO_ACTIVO,2026-03-23,abonos_creditos.fecha_pago,SI,"2026-03-24 11:23:15"
29894,23754,000-001-01-00038682,"PAPELERIA LA PROFE",0.00,0,,2026-03-23,"2026-03-24 11:22:46",9522.00,0.00,0,0.00,27,"Ana Pineda",14,"Sulay Pineda",,,0,A_ABONO_ACTIVO,2026-03-23,abonos_creditos.fecha_pago,SI,"2026-03-24 11:22:46"
29895,23755,000-001-01-00038683,"PAPELERIA LA PROFE",0.00,0,,2026-03-23,"2026-03-24 11:22:17",77625.00,0.00,0,0.00,27,"Ana Pineda",14,"Sulay Pineda",,,0,A_ABONO_ACTIVO,2026-03-23,abonos_creditos.fecha_pago,SI,"2026-03-24 11:22:17"
30178,23958,000-001-01-00038886,"VARIEDADES Y MAS EL ALFARERO",0.00,0,,2026-03-23,"2026-03-24 12:40:47",1513.19,0.00,0,0.00,27,"Ana Pineda",14,"Sulay Pineda",,,0,A_ABONO_ACTIVO,2026-03-23,abonos_creditos.fecha_pago,SI,"2026-03-24 12:40:47"
30108,24005,000-001-01-00038933,"FARMACEUTICA INTERNATIONAL S.A DE C.V",0.00,0,,2026-03-23,"2026-03-25 17:08:49",2070.00,0.00,0,0.00,64,"Kevin Nuñez",24,OFICINA,,,0,A_ABONO_ACTIVO,2026-03-23,abonos_creditos.fecha_pago,NO,"2026-03-25 17:08:49"
30559,24029,000-001-01-00038957,"PAPELERIA LA PROFE",0.00,0,,2026-03-23,"2026-03-24 11:21:42",7951.00,0.00,0,0.00,27,"Ana Pineda",14,"Sulay Pineda",,,0,A_ABONO_ACTIVO,2026-03-23,abonos_creditos.fecha_pago,SI,"2026-03-24 11:21:42"
33320,24697,000-001-01-00039619,DIFORMS,0.00,0,,2026-03-23,"2026-03-24 16:17:59",16764.70,0.00,0,0.00,57,"Josue Cerritos",13,"Belinda Lopez",,,0,A_ABONO_ACTIVO,2026-03-23,abonos_creditos.fecha_pago,NO,"2026-03-24 16:17:59"
31545,24885,000-001-01-00039805,"IMPRESIONES HERNANDEZ",0.00,0,,2026-03-23,"2026-03-24 14:03:01",1361.37,0.00,0,0.00,86,"Jose Luque Vendedor",14,"Sulay Pineda",,,0,A_ABONO_ACTIVO,2026-03-23,abonos_creditos.fecha_pago,NO,"2026-03-24 14:03:01"
31536,24918,000-001-01-00039837,"INVERSIONES EL COPION S DER.L.",0.00,0,,2026-03-23,"2026-04-16 11:00:10",6450.82,0.00,0,0.00,86,"Jose Luque Vendedor",14,"Sulay Pineda",,,0,A_ABONO_ACTIVO,2026-03-23,abonos_creditos.fecha_pago,NO,"2026-04-16 11:00:10"
32194,24930,000-001-01-00039849,"MERCADITO DIAZ",0.00,0,,2026-03-23,"2026-03-24 13:53:51",2624.39,617.10,0,0.00,98,"Yimmy Funes",14,"Sulay Pineda",,,0,A_ABONO_ACTIVO,2026-03-23,abonos_creditos.fecha_pago,NO,"2026-03-24 13:53:51"
32195,24932,000-001-01-00039851,"MERCADITO DIAZ",0.00,0,,2026-03-23,"2026-03-24 13:53:13",4107.23,0.00,0,0.00,98,"Yimmy Funes",14,"Sulay Pineda",,,0,A_ABONO_ACTIVO,2026-03-23,abonos_creditos.fecha_pago,NO,"2026-03-24 13:53:13"
31546,25102,000-001-01-00040021,"IMPRESIONES HERNANDEZ",0.00,0,,2026-03-23,"2026-03-24 14:04:10",1155.35,0.00,0,0.00,86,"Jose Luque Vendedor",14,"Sulay Pineda",,,0,A_ABONO_ACTIVO,2026-03-23,abonos_creditos.fecha_pago,NO,"2026-03-24 14:04:10"
31547,25112,000-001-01-00040031,"IMPRESIONES HERNANDEZ",0.00,0,,2026-03-23,"2026-03-24 14:03:39",1010.44,0.00,0,0.00,86,"Jose Luque Vendedor",14,"Sulay Pineda",,,0,A_ABONO_ACTIVO,2026-03-23,abonos_creditos.fecha_pago,NO,"2026-03-24 14:03:39"
32209,25296,000-001-01-00040215,"D CLASE",0.00,0,,2026-03-23,"2026-03-25 13:59:19",14766.00,0.00,0,0.00,86,"Jose Luque Vendedor",14,"Sulay Pineda",,,0,A_ABONO_ACTIVO,2026-03-23,abonos_creditos.fecha_pago,NO,"2026-03-25 13:59:19"
32210,25298,000-001-01-00040217,"D CLASE",0.00,0,,2026-03-23,"2026-03-25 13:59:47",14267.60,0.00,0,0.00,86,"Jose Luque Vendedor",14,"Sulay Pineda",,,0,A_ABONO_ACTIVO,2026-03-23,abonos_creditos.fecha_pago,NO,"2026-03-25 13:59:47"
32216,25307,000-001-01-00040226,"INVERSIONES EL COPION S DER.L.",0.00,0,,2026-03-23,"2026-04-16 11:02:32",5797.48,0.00,0,0.00,86,"Jose Luque Vendedor",14,"Sulay Pineda",,,0,A_ABONO_ACTIVO,2026-03-23,abonos_creditos.fecha_pago,NO,"2026-04-16 11:02:32"
32969,25435,000-001-01-00040354,"FARMACEUTICA INTERNATIONAL S.A DE C.V",0.00,0,,2026-03-23,"2026-05-13 09:11:57",2842.80,0.00,0,0.00,27,"Ana Pineda",24,OFICINA,,,0,A_ABONO_ACTIVO,2026-03-23,abonos_creditos.fecha_pago,SI,"2026-05-13 09:11:57"
32446,25615,000-001-01-00040532,DISFERRO,0.00,0,,2026-03-23,"2026-03-25 17:06:39",4264.20,0.00,0,0.00,89,"Jonathan Lopez",36,"Angel Villela",,,0,A_ABONO_ACTIVO,2026-03-23,abonos_creditos.fecha_pago,NO,"2026-03-25 17:06:40"
33142,25626,000-001-01-00040543,"BORMAC S S. DE R.L.",0.00,0,,2026-03-23,"2026-03-30 09:52:06",5012.19,0.00,0,0.00,64,"Kevin Nuñez",115,"Erling Peralta",,,0,A_ABONO_ACTIVO,2026-03-23,abonos_creditos.fecha_pago,NO,"2026-03-30 09:52:06"
32764,25661,000-001-01-00040578,"IMPRESIONES HERNANDEZ",0.00,0,,2026-03-23,"2026-03-24 14:02:29",3128.04,0.00,0,0.00,86,"Jose Luque Vendedor",14,"Sulay Pineda",,,0,A_ABONO_ACTIVO,2026-03-23,abonos_creditos.fecha_pago,NO,"2026-03-24 14:02:29"
33143,25698,000-001-01-00040615,"BORMAC S S. DE R.L.",0.00,0,,2026-03-23,"2026-03-30 09:54:01",2693.76,0.00,0,0.00,64,"Kevin Nuñez",115,"Erling Peralta",,,0,A_ABONO_ACTIVO,2026-03-23,abonos_creditos.fecha_pago,NO,"2026-03-30 09:54:01"
33144,25703,000-001-01-00040620,"BORMAC S S. DE R.L.",0.00,0,,2026-03-23,"2026-03-30 09:55:26",3084.97,0.00,0,0.00,64,"Kevin Nuñez",115,"Erling Peralta",,,0,A_ABONO_ACTIVO,2026-03-23,abonos_creditos.fecha_pago,NO,"2026-03-30 09:55:26"
33145,25760,000-001-01-00040677,"BORMAC S S. DE R.L.",0.00,0,,2026-03-23,"2026-03-30 09:56:17",724.91,0.00,0,0.00,64,"Kevin Nuñez",115,"Erling Peralta",,,0,A_ABONO_ACTIVO,2026-03-23,abonos_creditos.fecha_pago,NO,"2026-03-30 09:56:17"
32971,25799,000-001-01-00040716,"FARMACEUTICA INTERNATIONAL S.A DE C.V",0.00,0,,2026-03-23,"2026-05-13 09:12:32",53516.40,0.00,0,0.00,57,"Josue Cerritos",24,OFICINA,,,0,A_ABONO_ACTIVO,2026-03-23,abonos_creditos.fecha_pago,NO,"2026-05-13 09:12:32"
33422,26078,000-001-01-00040994,"COSMETICA INTERNATIONAL S.A DE C.V.",0.00,0,,2026-03-23,"2026-03-25 17:11:11",3215.40,0.00,0,0.00,83,"Yosselin Palma",24,OFICINA,,,0,A_ABONO_ACTIVO,2026-03-23,abonos_creditos.fecha_pago,NO,"2026-03-25 17:11:11"
33350,26277,000-001-01-00041193,"INVERSIONES P & P S. DE R.L.",0.00,0,,2026-03-23,"2026-03-24 09:37:57",7220.83,0.00,0,0.00,86,"Jose Luque Vendedor",14,"Sulay Pineda",,,0,A_ABONO_ACTIVO,2026-03-23,abonos_creditos.fecha_pago,NO,"2026-03-24 09:37:57"
33330,26295,000-001-01-00041211,"PULPERIA DAYANNA",0.00,0,,2026-03-23,"2026-03-24 09:29:53",447.26,0.00,0,0.00,86,"Jose Luque Vendedor",14,"Sulay Pineda",,,0,A_ABONO_ACTIVO,2026-03-23,abonos_creditos.fecha_pago,NO,"2026-03-24 09:29:53"
33327,26355,000-001-01-00041271,"FOOD MART CRUZ",0.00,0,,2026-03-23,"2026-03-25 13:37:23",8439.23,0.00,0,0.00,64,"Kevin Nuñez",115,"Erling Peralta",,,0,A_ABONO_ACTIVO,2026-03-23,abonos_creditos.fecha_pago,NO,"2026-03-25 13:37:23"
33328,26362,000-001-01-00041278,"FOOD MART CRUZ",0.00,0,,2026-03-23,"2026-03-25 13:37:43",1190.25,0.00,0,0.00,64,"Kevin Nuñez",115,"Erling Peralta",,,0,A_ABONO_ACTIVO,2026-03-23,abonos_creditos.fecha_pago,NO,"2026-03-25 13:37:43"
19373,14600,000-001-01-00029580,"COMERCIAL PLAZA",0.00,0,,2026-03-24,"2026-03-24 17:11:19",19395.13,0.00,0,0.00,64,"Kevin Nuñez",14,"Sulay Pineda",,,0,A_ABONO_ACTIVO,2026-03-24,abonos_creditos.fecha_pago,NO,"2026-03-24 17:11:19"
28852,22903,000-001-01-00037831,"INVERSIONES VICTORIA",0.00,0,,2026-03-24,"2026-03-25 10:19:31",23073.13,0.00,0,0.00,64,"Kevin Nuñez",14,"Sulay Pineda",,,0,A_ABONO_ACTIVO,2026-03-24,abonos_creditos.fecha_pago,NO,"2026-03-25 10:19:31"
30008,23807,000-001-01-00038735,"LIBRERIA FERNANDO",0.00,0,,2026-03-24,"2026-03-25 11:07:58",5708.46,0.00,0,0.00,27,"Ana Pineda",4,"Roy Zelaya",,,0,A_ABONO_ACTIVO,2026-03-24,abonos_creditos.fecha_pago,SI,"2026-03-25 11:07:58"
30038,23971,000-001-01-00038899,"LIBRERIA FERNANDO",0.00,0,,2026-03-24,"2026-03-25 11:07:24",2418.86,0.00,0,0.00,89,"Jonathan Lopez",4,"Roy Zelaya",,,0,A_ABONO_ACTIVO,2026-03-24,abonos_creditos.fecha_pago,NO,"2026-03-25 11:07:24"
30039,23972,000-001-01-00038900,"LIBRERIA FERNANDO",0.00,0,,2026-03-24,"2026-03-25 11:08:19",4548.61,0.00,0,0.00,89,"Jonathan Lopez",4,"Roy Zelaya",,,0,A_ABONO_ACTIVO,2026-03-24,abonos_creditos.fecha_pago,NO,"2026-03-25 11:08:19"
30040,23973,000-001-01-00038901,"LIBRERIA FERNANDO",0.00,0,,2026-03-24,"2026-03-25 11:08:41",28150.45,0.00,0,0.00,89,"Jonathan Lopez",4,"Roy Zelaya",,,0,A_ABONO_ACTIVO,2026-03-24,abonos_creditos.fecha_pago,NO,"2026-03-25 11:08:41"
30041,23978,000-001-01-00038906,"LIBRERIA FERNANDO",0.00,0,,2026-03-24,"2026-03-25 11:09:04",28560.75,0.00,0,0.00,89,"Jonathan Lopez",4,"Roy Zelaya",,,0,A_ABONO_ACTIVO,2026-03-24,abonos_creditos.fecha_pago,NO,"2026-03-25 11:09:04"
30042,23982,000-001-01-00038910,"LIBRERIA FERNANDO",0.00,0,,2026-03-24,"2026-03-25 11:09:37",819.15,0.00,0,0.00,89,"Jonathan Lopez",4,"Roy Zelaya",,,0,A_ABONO_ACTIVO,2026-03-24,abonos_creditos.fecha_pago,NO,"2026-03-25 11:09:37"
30043,23983,000-001-01-00038911,"LIBRERIA FERNANDO",0.00,0,,2026-03-24,"2026-03-25 11:09:59",2243.99,0.00,0,0.00,89,"Jonathan Lopez",4,"Roy Zelaya",,,0,A_ABONO_ACTIVO,2026-03-24,abonos_creditos.fecha_pago,NO,"2026-03-25 11:09:59"
30310,23989,000-001-01-00038917,"LIBRERIA FERNANDO",0.00,0,,2026-03-24,"2026-03-25 11:10:19",13279.16,0.00,0,0.00,89,"Jonathan Lopez",4,"Roy Zelaya",,,0,A_ABONO_ACTIVO,2026-03-24,abonos_creditos.fecha_pago,NO,"2026-03-25 11:10:19"
30311,23996,000-001-01-00038924,"LIBRERIA FERNANDO",0.00,0,,2026-03-24,"2026-03-25 11:27:25",5988.45,0.00,0,0.00,89,"Jonathan Lopez",4,"Roy Zelaya",,,0,A_ABONO_ACTIVO,2026-03-24,abonos_creditos.fecha_pago,NO,"2026-03-25 11:27:25"
30715,24361,000-001-01-00039289,"LIBRERIA FERNANDO",0.00,0,,2026-03-24,"2026-03-25 11:10:42",88355.39,0.00,0,0.00,97,"Madelin Sierra",4,"Roy Zelaya",,,0,A_ABONO_ACTIVO,2026-03-24,abonos_creditos.fecha_pago,NO,"2026-03-25 11:10:42"
30626,24411,000-001-01-00039337,"MERCADITO EL ROSQUILLERO",0.00,0,,2026-03-24,"2026-03-25 10:01:25",9183.90,0.00,0,0.00,64,"Kevin Nuñez",14,"Sulay Pineda",,,0,A_ABONO_ACTIVO,2026-03-24,abonos_creditos.fecha_pago,NO,"2026-03-25 10:01:25"
30827,24436,000-001-01-00039362,"SOLUTEC S. DE R.L.",0.00,0,,2026-03-24,"2026-03-25 15:16:14",17573.89,0.00,0,0.00,64,"Kevin Nuñez",24,OFICINA,,,0,A_ABONO_ACTIVO,2026-03-24,abonos_creditos.fecha_pago,NO,"2026-03-25 15:16:14"
30828,24448,000-001-01-00039374,"SOLUTEC S. DE R.L.",0.00,0,,2026-03-24,"2026-03-25 15:15:48",1241.43,0.00,0,0.00,64,"Kevin Nuñez",24,OFICINA,,,0,A_ABONO_ACTIVO,2026-03-24,abonos_creditos.fecha_pago,NO,"2026-03-25 15:15:48"
30829,24483,000-001-01-00039409,"SOLUTEC S. DE R.L.",0.00,0,,2026-03-24,"2026-03-25 15:15:24",7576.60,0.00,0,0.00,64,"Kevin Nuñez",24,OFICINA,,,0,A_ABONO_ACTIVO,2026-03-24,abonos_creditos.fecha_pago,NO,"2026-03-25 15:15:24"
31305,24722,000-001-01-00039644,"SOLUTEC S. DE R.L.",0.00,0,,2026-03-24,"2026-03-25 15:14:24",22654.08,2517.12,0,0.00,97,"Madelin Sierra",100,"Kevin Vendedor",,,0,A_ABONO_ACTIVO,2026-03-24,abonos_creditos.fecha_pago,NO,"2026-03-25 15:14:24"
31091,24767,000-001-01-00039687,"LIBRERIA FERNANDO",0.00,0,,2026-03-24,"2026-03-25 11:11:02",37881.00,0.00,0,0.00,97,"Madelin Sierra",4,"Roy Zelaya",,,0,A_ABONO_ACTIVO,2026-03-24,abonos_creditos.fecha_pago,NO,"2026-03-25 11:11:02"
31092,24769,000-001-01-00039689,"LIBRERIA FERNANDO",0.00,0,,2026-03-24,"2026-03-25 11:06:52",47323.18,237.31,0,0.00,97,"Madelin Sierra",4,"Roy Zelaya",,,0,A_ABONO_ACTIVO,2026-03-24,abonos_creditos.fecha_pago,NO,"2026-03-25 11:06:52"
31093,24772,000-001-01-00039692,"LIBRERIA FERNANDO",0.00,0,,2026-03-24,"2026-03-25 11:12:17",24741.52,0.00,0,0.00,97,"Madelin Sierra",4,"Roy Zelaya",,,0,A_ABONO_ACTIVO,2026-03-24,abonos_creditos.fecha_pago,NO,"2026-03-25 11:12:17"
31094,24773,000-001-01-00039693,"LIBRERIA FERNANDO",0.00,0,,2026-03-24,"2026-03-25 11:11:58",45469.49,0.00,0,0.00,97,"Madelin Sierra",4,"Roy Zelaya",,,0,A_ABONO_ACTIVO,2026-03-24,abonos_creditos.fecha_pago,NO,"2026-03-25 11:11:58"
31306,24974,000-001-01-00039893,"SOLUTEC S. DE R.L.",0.00,0,,2026-03-24,"2026-03-25 15:14:03",3633.02,0.00,0,0.00,64,"Kevin Nuñez",100,"Kevin Vendedor",,,0,A_ABONO_ACTIVO,2026-03-24,abonos_creditos.fecha_pago,NO,"2026-03-25 15:14:03"
31344,25005,000-001-01-00039924,"SOLUTEC S. DE R.L.",0.00,0,,2026-03-24,"2026-03-25 15:13:40",18722.00,0.00,0,0.00,64,"Kevin Nuñez",115,"Erling Peralta",,,0,A_ABONO_ACTIVO,2026-03-24,abonos_creditos.fecha_pago,NO,"2026-03-25 15:13:40"
31345,25014,000-001-01-00039933,"SOLUTEC S. DE R.L.",0.00,0,,2026-03-24,"2026-03-25 15:13:20",16443.42,0.00,0,0.00,64,"Kevin Nuñez",115,"Erling Peralta",,,0,A_ABONO_ACTIVO,2026-03-24,abonos_creditos.fecha_pago,NO,"2026-03-25 15:13:20"
31346,25019,000-001-01-00039938,"SOLUTEC S. DE R.L.",0.00,0,,2026-03-24,"2026-03-25 15:12:57",12341.92,0.00,0,0.00,64,"Kevin Nuñez",115,"Erling Peralta",,,0,A_ABONO_ACTIVO,2026-03-24,abonos_creditos.fecha_pago,NO,"2026-03-25 15:12:57"
31347,25022,000-001-01-00039941,"SOLUTEC S. DE R.L.",0.00,0,,2026-03-24,"2026-03-25 15:21:54",16466.44,0.00,0,0.00,86,"Jose Luque Vendedor",115,"Erling Peralta",,,0,A_ABONO_ACTIVO,2026-03-24,abonos_creditos.fecha_pago,NO,"2026-03-25 15:21:54"
31348,25025,000-001-01-00039944,"SOLUTEC S. DE R.L.",0.00,0,,2026-03-24,"2026-03-25 15:22:15",1242.00,0.00,0,0.00,86,"Jose Luque Vendedor",115,"Erling Peralta",,,0,A_ABONO_ACTIVO,2026-03-24,abonos_creditos.fecha_pago,NO,"2026-03-25 15:22:15"
31349,25029,000-001-01-00039948,"SOLUTEC S. DE R.L.",0.00,0,,2026-03-24,"2026-03-25 15:22:46",1756.39,0.00,0,0.00,86,"Jose Luque Vendedor",115,"Erling Peralta",,,0,A_ABONO_ACTIVO,2026-03-24,abonos_creditos.fecha_pago,NO,"2026-03-25 15:22:46"
31662,25105,000-001-01-00040024,"LIBRERIA Y PAPELERIA CASA DE LAS OFERTAS",0.00,0,,2026-03-24,"2026-03-24 14:15:13",10120.00,0.00,0,0.00,86,"Jose Luque Vendedor",14,"Sulay Pineda",,,0,A_ABONO_ACTIVO,2026-03-24,abonos_creditos.fecha_pago,NO,"2026-03-24 14:15:13"
31555,25144,000-001-01-00040063,"SOLUTEC S. DE R.L.",0.00,0,,2026-03-24,"2026-03-25 15:23:13",1707.52,0.00,0,0.00,64,"Kevin Nuñez",115,"Erling Peralta",,,0,A_ABONO_ACTIVO,2026-03-24,abonos_creditos.fecha_pago,NO,"2026-03-25 15:23:13"
31626,25217,000-001-01-00040136,"SOLUTEC S. DE R.L.",0.00,0,,2026-03-24,"2026-03-25 15:23:43",410.55,0.00,0,0.00,64,"Kevin Nuñez",115,"Erling Peralta",,,0,A_ABONO_ACTIVO,2026-03-24,abonos_creditos.fecha_pago,NO,"2026-03-25 15:23:43"
33181,25347,000-001-01-00040266,"TIENDA ELVIR MILLA",0.00,0,,2026-03-24,"2026-03-25 14:08:58",10040.33,0.00,0,0.00,64,"Kevin Nuñez",115,"Erling Peralta",,,0,A_ABONO_ACTIVO,2026-03-24,abonos_creditos.fecha_pago,NO,"2026-03-25 14:08:58"
31742,25387,000-001-01-00040306,"SOLUTEC S. DE R.L.",0.00,0,,2026-03-24,"2026-03-25 15:24:15",6158.25,0.00,0,0.00,64,"Kevin Nuñez",115,"Erling Peralta",,,0,A_ABONO_ACTIVO,2026-03-24,abonos_creditos.fecha_pago,NO,"2026-03-25 15:24:15"
31743,25390,000-001-01-00040309,"SOLUTEC S. DE R.L.",0.00,0,,2026-03-24,"2026-03-25 15:24:47",17187.24,0.00,0,0.00,64,"Kevin Nuñez",115,"Erling Peralta",,,0,A_ABONO_ACTIVO,2026-03-24,abonos_creditos.fecha_pago,NO,"2026-03-25 15:24:47"
31744,25403,000-001-01-00040322,"SOLUTEC S. DE R.L.",0.00,0,,2026-03-24,"2026-03-25 15:25:15",1610.00,0.00,0,0.00,97,"Madelin Sierra",115,"Erling Peralta",,,0,A_ABONO_ACTIVO,2026-03-24,abonos_creditos.fecha_pago,NO,"2026-03-25 15:25:15"
31745,25406,000-001-01-00040325,"SOLUTEC S. DE R.L.",0.00,0,,2026-03-24,"2026-03-25 15:25:45",425.50,0.00,0,0.00,64,"Kevin Nuñez",115,"Erling Peralta",,,0,A_ABONO_ACTIVO,2026-03-24,abonos_creditos.fecha_pago,NO,"2026-03-25 15:25:45"
31746,25408,000-001-01-00040327,"SOLUTEC S. DE R.L.",0.00,0,,2026-03-24,"2026-03-25 15:26:19",13235.03,0.00,0,0.00,64,"Kevin Nuñez",115,"Erling Peralta",,,0,A_ABONO_ACTIVO,2026-03-24,abonos_creditos.fecha_pago,NO,"2026-03-25 15:26:19"
31747,25410,000-001-01-00040329,"SOLUTEC S. DE R.L.",0.00,0,,2026-03-24,"2026-03-25 15:26:53",15907.16,0.00,0,0.00,98,"Yimmy Funes",115,"Erling Peralta",,,0,A_ABONO_ACTIVO,2026-03-24,abonos_creditos.fecha_pago,NO,"2026-03-25 15:26:53"
32700,25496,000-001-01-00040415,"LIBRERIA SHAMAR",0.00,0,,2026-03-24,"2026-03-24 14:20:25",5244.00,0.00,0,0.00,86,"Jose Luque Vendedor",14,"Sulay Pineda",,,0,A_ABONO_ACTIVO,2026-03-24,abonos_creditos.fecha_pago,NO,"2026-03-24 14:20:25"
32237,25576,000-001-01-00040493,OFFICETEC,0.00,0,,2026-03-24,"2026-03-25 15:54:32",12402.00,0.00,0,0.00,83,"Yosselin Palma",83,"Yosselin Palma",,,0,A_ABONO_ACTIVO,2026-03-24,abonos_creditos.fecha_pago,NO,"2026-03-25 15:54:32"
32368,25597,000-001-01-00040514,OFFICETEC,0.00,0,,2026-03-24,"2026-03-25 15:54:00",7705.00,0.00,0,0.00,83,"Yosselin Palma",83,"Yosselin Palma",,,0,A_ABONO_ACTIVO,2026-03-24,abonos_creditos.fecha_pago,NO,"2026-03-25 15:54:00"
32566,25681,000-001-01-00040598,PAPELANDIA,0.00,0,,2026-03-24,"2026-03-25 11:57:48",1839.33,0.00,0,0.00,97,"Madelin Sierra",120,"CHRISTIAN ESTRADA",,,0,A_ABONO_ACTIVO,2026-03-24,abonos_creditos.fecha_pago,NO,"2026-03-25 11:57:48"
33335,25956,000-001-01-00040872,PAPELANDIA,0.00,0,,2026-03-24,"2026-03-25 11:58:06",419.90,0.00,0,0.00,97,"Madelin Sierra",120,"CHRISTIAN ESTRADA",,,0,A_ABONO_ACTIVO,2026-03-24,abonos_creditos.fecha_pago,NO,"2026-03-25 11:58:06"
33372,26091,000-001-01-00041007,"MINI SUPER DIOXI",0.00,0,,2026-03-24,"2026-04-16 10:42:25",5909.80,0.00,0,0.00,64,"Kevin Nuñez",115,"Erling Peralta",,,0,A_ABONO_ACTIVO,2026-03-24,abonos_creditos.fecha_pago,NO,"2026-04-16 10:42:25"
33373,26161,000-001-01-00041077,"MINI SUPER DIOXI",0.00,0,,2026-03-24,"2026-04-16 10:42:58",1278.57,0.00,0,0.00,64,"Kevin Nuñez",115,"Erling Peralta",,,0,A_ABONO_ACTIVO,2026-03-24,abonos_creditos.fecha_pago,NO,"2026-04-16 10:42:58"
33243,26218,000-001-01-00041134,"PAPER ON",0.00,0,,2026-03-24,"2026-03-25 15:38:53",3188.35,0.00,0,0.00,57,"Josue Cerritos",87,"Mauricio Zavala",,,0,A_ABONO_ACTIVO,2026-03-24,abonos_creditos.fecha_pago,NO,"2026-03-25 15:38:53"
33417,26318,000-001-01-00041234,"PAPELERIA PRINT",0.00,0,,2026-03-24,"2026-03-25 16:05:43",1373.17,0.00,0,0.00,57,"Josue Cerritos",65,"Jessy Alvarado",,,0,A_ABONO_ACTIVO,2026-03-24,abonos_creditos.fecha_pago,NO,"2026-03-25 16:05:43"
33254,26319,000-001-01-00041235,COPYTRAX,0.00,0,,2026-03-24,"2026-03-25 16:06:09",2472.08,0.00,0,0.00,57,"Josue Cerritos",65,"Jessy Alvarado",,,0,A_ABONO_ACTIVO,2026-03-24,abonos_creditos.fecha_pago,NO,"2026-03-25 16:06:09"
33353,26367,000-001-01-00041283,"CREDITO EMPLEADOS",0.00,0,,2026-03-24,"2026-03-24 11:06:46",158.77,0.00,0,0.00,97,"Madelin Sierra",24,OFICINA,,,0,A_ABONO_ACTIVO,2026-03-24,abonos_creditos.fecha_pago,NO,"2026-03-24 11:06:46"
33341,26398,000-001-01-00041314,PAPELANDIA,0.00,0,,2026-03-24,"2026-03-25 11:58:24",791.43,0.00,0,0.00,64,"Kevin Nuñez",120,"CHRISTIAN ESTRADA",,,0,A_ABONO_ACTIVO,2026-03-24,abonos_creditos.fecha_pago,NO,"2026-03-25 11:58:24"
33412,26404,000-001-01-00041320,"REPRESENTACIONES Y DISTRIBUCIONES VELASQUEZ",0.00,0,,2026-03-24,"2026-03-25 15:51:00",8108.19,0.00,0,0.00,83,"Yosselin Palma",24,OFICINA,,,0,A_ABONO_ACTIVO,2026-03-24,abonos_creditos.fecha_pago,NO,"2026-03-25 15:51:00"
30303,23598,000-001-01-00038526,"MERCADITO RUBI",0.00,0,,2026-03-25,"2026-03-26 12:38:26",25336.80,0.00,0,0.00,27,"Ana Pineda",80,"Jose Zambrano",,,0,A_ABONO_ACTIVO,2026-03-25,abonos_creditos.fecha_pago,SI,"2026-03-26 12:38:26"
30094,23650,000-001-01-00038578,"UNIVERSIDAD NACIONAL AUTÓNOMA DE HONDURAS",0.00,0,,2026-03-25,"2026-03-26 12:31:25",26166.90,0.00,0,0.00,57,"Josue Cerritos",13,"Belinda Lopez",,,0,A_ABONO_ACTIVO,2026-03-25,abonos_creditos.fecha_pago,NO,"2026-08-03 17:04:38"
30343,24079,000-001-01-00039007,"DROGUERIA Y TIENDAS SAN MIGUEL  S. DE R.L.",0.00,0,,2026-03-25,"2026-03-26 12:48:34",493205.05,6648.29,0,0.00,30,"Kelyn Barahona",24,OFICINA,,,0,A_ABONO_ACTIVO,2026-03-25,abonos_creditos.fecha_pago,NO,"2026-03-26 12:48:34"
30344,24128,000-001-01-00039056,"DROGUERIA Y TIENDAS SAN MIGUEL  S. DE R.L.",0.00,0,,2026-03-25,"2026-03-26 12:49:02",50427.50,0.00,0,0.00,30,"Kelyn Barahona",24,OFICINA,,,0,A_ABONO_ACTIVO,2026-03-25,abonos_creditos.fecha_pago,NO,"2026-03-26 12:49:02"
30345,24132,000-001-01-00039060,"DROGUERIA Y TIENDAS SAN MIGUEL  S. DE R.L.",0.00,0,,2026-03-25,"2026-03-26 12:49:41",429943.68,0.00,0,0.00,30,"Kelyn Barahona",24,OFICINA,,,0,A_ABONO_ACTIVO,2026-03-25,abonos_creditos.fecha_pago,NO,"2026-03-26 12:49:41"
30346,24134,000-001-01-00039062,"DROGUERIA Y TIENDAS SAN MIGUEL  S. DE R.L.",0.00,0,,2026-03-25,"2026-03-26 12:50:08",6648.29,0.00,0,0.00,30,"Kelyn Barahona",24,OFICINA,,,0,A_ABONO_ACTIVO,2026-03-25,abonos_creditos.fecha_pago,NO,"2026-03-26 12:50:08"
31095,24779,000-001-01-00039699,"LIBRERIA FERNANDO",0.00,0,,2026-03-25,"2026-03-25 11:11:36",10370.93,1054.34,0,0.00,97,"Madelin Sierra",4,"Roy Zelaya",,,0,A_ABONO_ACTIVO,2026-03-25,abonos_creditos.fecha_pago,NO,"2026-03-25 11:11:36"
32528,24947,000-001-01-00039866,"ARTE ORIENTAL",0.00,0,,2026-03-25,"2026-04-15 11:51:51",11715.92,0.00,0,0.00,57,"Josue Cerritos",13,"Belinda Lopez",,,0,A_ABONO_ACTIVO,2026-03-25,abonos_creditos.fecha_pago,NO,"2026-04-15 11:51:51"
31402,24961,000-001-01-00039880,"INVERSIONES RIVERA MUÑOZ",0.00,0,,2026-03-25,"2026-03-25 16:58:58",13412.91,0.00,0,0.00,97,"Madelin Sierra",4,"Roy Zelaya",,,0,A_ABONO_ACTIVO,2026-03-25,abonos_creditos.fecha_pago,NO,"2026-03-25 16:58:58"
31403,24962,000-001-01-00039881,"INVERSIONES RIVERA MUÑOZ",0.00,0,,2026-03-25,"2026-03-25 16:59:17",838.34,0.00,0,0.00,97,"Madelin Sierra",4,"Roy Zelaya",,,0,A_ABONO_ACTIVO,2026-03-25,abonos_creditos.fecha_pago,NO,"2026-03-25 16:59:17"
31404,24963,000-001-01-00039882,"INVERSIONES RIVERA MUÑOZ",0.00,0,,2026-03-25,"2026-03-25 16:59:36",2442.59,0.00,0,0.00,97,"Madelin Sierra",4,"Roy Zelaya",,,0,A_ABONO_ACTIVO,2026-03-25,abonos_creditos.fecha_pago,NO,"2026-03-25 16:59:36"
31622,24998,000-001-01-00039917,"LIBRERÍA UNIVERSAL",0.00,0,,2026-03-25,"2026-03-25 13:27:10",6982.14,0.00,0,0.00,97,"Madelin Sierra",4,"Roy Zelaya",,,0,A_ABONO_ACTIVO,2026-03-25,abonos_creditos.fecha_pago,NO,"2026-03-25 13:27:10"
31623,25229,000-001-01-00040148,"LIBRERÍA UNIVERSAL",0.00,0,,2026-03-25,"2026-03-25 13:27:41",8901.92,313.43,0,0.00,97,"Madelin Sierra",4,"Roy Zelaya",,,0,A_ABONO_ACTIVO,2026-03-25,abonos_creditos.fecha_pago,NO,"2026-03-25 13:27:41"
31738,25235,000-001-01-00040154,"INVERSIONES RIVERA MUÑOZ",0.00,0,,2026-03-25,"2026-03-25 16:59:52",2657.98,0.00,0,0.00,97,"Madelin Sierra",4,"Roy Zelaya",,,0,A_ABONO_ACTIVO,2026-03-25,abonos_creditos.fecha_pago,NO,"2026-03-25 16:59:52"
32381,25369,000-001-01-00040288,"EL BODEGON DE LOS PRECIOS BAJOS",0.00,0,,2026-03-25,"2026-03-30 11:06:01",9479.70,0.00,0,0.00,64,"Kevin Nuñez",115,"Erling Peralta",,,0,A_ABONO_ACTIVO,2026-03-25,abonos_creditos.fecha_pago,NO,"2026-03-30 11:06:01"
32382,25370,000-001-01-00040289,"EL BODEGON DE LOS PRECIOS BAJOS",0.00,0,,2026-03-25,"2026-03-30 11:07:03",1728.00,0.00,0,0.00,97,"Madelin Sierra",115,"Erling Peralta",,,0,A_ABONO_ACTIVO,2026-03-25,abonos_creditos.fecha_pago,NO,"2026-03-30 11:07:03"
32530,25375,000-001-01-00040294,"ARTE ORIENTAL",0.00,0,,2026-03-25,"2026-04-15 11:51:20",10132.73,0.00,0,0.00,57,"Josue Cerritos",13,"Belinda Lopez",,,0,A_ABONO_ACTIVO,2026-03-25,abonos_creditos.fecha_pago,NO,"2026-04-15 11:51:20"
32532,25474,000-001-01-00040393,"ARTE ORIENTAL",0.00,0,,2026-03-25,"2026-04-15 11:52:55",21533.87,0.00,0,0.00,57,"Josue Cerritos",13,"Belinda Lopez",,,0,A_ABONO_ACTIVO,2026-03-25,abonos_creditos.fecha_pago,NO,"2026-04-15 11:52:55"
32533,25475,000-001-01-00040394,"ARTE ORIENTAL",0.00,0,,2026-03-25,"2026-04-15 11:52:22",1252.35,0.00,0,0.00,57,"Josue Cerritos",13,"Belinda Lopez",,,0,A_ABONO_ACTIVO,2026-03-25,abonos_creditos.fecha_pago,NO,"2026-04-15 11:52:22"
33425,25692,000-001-01-00040609,"UNIVERSIDAD NACIONAL AUTÓNOMA DE HONDURAS",0.00,0,,2026-03-25,"2026-03-26 12:33:57",136019.20,0.00,0,0.00,27,"Ana Pineda",87,"Mauricio Zavala",,,0,A_ABONO_ACTIVO,2026-03-25,abonos_creditos.fecha_pago,SI,"2026-08-03 17:04:38"
32541,25771,000-001-01-00040688,"ARTE ORIENTAL",0.00,0,,2026-03-25,"2026-04-13 09:24:05",31567.50,0.00,0,0.00,97,"Madelin Sierra",120,"CHRISTIAN ESTRADA",,,0,A_ABONO_ACTIVO,2026-03-25,abonos_creditos.fecha_pago,NO,"2026-04-13 09:24:05"
32542,25772,000-001-01-00040689,"ARTE ORIENTAL",0.00,0,,2026-03-25,"2026-04-13 09:27:18",25843.95,0.00,0,0.00,97,"Madelin Sierra",120,"CHRISTIAN ESTRADA",,,0,A_ABONO_ACTIVO,2026-03-25,abonos_creditos.fecha_pago,NO,"2026-04-13 09:27:18"
32543,25782,000-001-01-00040699,"ARTE ORIENTAL",0.00,0,,2026-03-25,"2026-04-13 09:29:36",22437.78,0.00,0,0.00,97,"Madelin Sierra",120,"CHRISTIAN ESTRADA",,,0,A_ABONO_ACTIVO,2026-03-25,abonos_creditos.fecha_pago,NO,"2026-04-13 09:29:36"
32544,25783,000-001-01-00040700,"ARTE ORIENTAL",0.00,0,,2026-03-25,"2026-04-13 09:30:29",2703.18,0.00,0,0.00,97,"Madelin Sierra",120,"CHRISTIAN ESTRADA",,,0,A_ABONO_ACTIVO,2026-03-25,abonos_creditos.fecha_pago,NO,"2026-04-13 09:30:29"
32545,25785,000-001-01-00040702,"ARTE ORIENTAL",0.00,0,,2026-03-25,"2026-04-13 09:31:21",9853.76,0.00,0,0.00,97,"Madelin Sierra",120,"CHRISTIAN ESTRADA",,,0,A_ABONO_ACTIVO,2026-03-25,abonos_creditos.fecha_pago,NO,"2026-04-13 09:31:21"
32546,25786,000-001-01-00040703,"ARTE ORIENTAL",0.00,0,,2026-03-25,"2026-04-13 09:36:23",6914.08,0.00,0,0.00,97,"Madelin Sierra",120,"CHRISTIAN ESTRADA",,,0,A_ABONO_ACTIVO,2026-03-25,abonos_creditos.fecha_pago,NO,"2026-04-13 09:36:23"
32547,25787,000-001-01-00040704,"ARTE ORIENTAL",0.00,0,,2026-03-25,"2026-04-13 09:37:09",5635.00,0.00,0,0.00,97,"Madelin Sierra",120,"CHRISTIAN ESTRADA",,,0,A_ABONO_ACTIVO,2026-03-25,abonos_creditos.fecha_pago,NO,"2026-04-13 09:37:09"
32548,25788,000-001-01-00040705,"ARTE ORIENTAL",0.00,0,,2026-03-25,"2026-04-13 09:38:15",33637.50,0.00,0,0.00,97,"Madelin Sierra",120,"CHRISTIAN ESTRADA",,,0,A_ABONO_ACTIVO,2026-03-25,abonos_creditos.fecha_pago,NO,"2026-04-13 09:38:15"
32675,25789,000-001-01-00040706,"ARTE ORIENTAL",0.00,0,,2026-03-25,"2026-04-13 09:38:57",2960.66,0.00,0,0.00,97,"Madelin Sierra",120,"CHRISTIAN ESTRADA",,,0,A_ABONO_ACTIVO,2026-03-25,abonos_creditos.fecha_pago,NO,"2026-04-13 09:38:57"
32676,25795,000-001-01-00040712,"ARTE ORIENTAL",0.00,0,,2026-03-25,"2026-04-13 09:39:40",1030.03,0.00,0,0.00,97,"Madelin Sierra",120,"CHRISTIAN ESTRADA",,,0,A_ABONO_ACTIVO,2026-03-25,abonos_creditos.fecha_pago,NO,"2026-04-13 09:39:40"
32677,25796,000-001-01-00040713,"ARTE ORIENTAL",0.00,0,,2026-03-25,"2026-04-13 09:40:21",1449.00,0.00,0,0.00,97,"Madelin Sierra",120,"CHRISTIAN ESTRADA",,,0,A_ABONO_ACTIVO,2026-03-25,abonos_creditos.fecha_pago,NO,"2026-04-13 09:40:21"
32678,25801,000-001-01-00040718,"ARTE ORIENTAL",0.00,0,,2026-03-25,"2026-04-13 09:41:03",11069.97,0.00,0,0.00,97,"Madelin Sierra",120,"CHRISTIAN ESTRADA",,,0,A_ABONO_ACTIVO,2026-03-25,abonos_creditos.fecha_pago,NO,"2026-04-13 09:41:03"
32679,25802,000-001-01-00040719,"ARTE ORIENTAL",0.00,0,,2026-03-25,"2026-04-13 09:42:17",2404.51,0.00,0,0.00,97,"Madelin Sierra",120,"CHRISTIAN ESTRADA",,,0,A_ABONO_ACTIVO,2026-03-25,abonos_creditos.fecha_pago,NO,"2026-04-13 09:42:17"
32680,25803,000-001-01-00040720,"ARTE ORIENTAL",0.00,0,,2026-03-25,"2026-04-13 09:43:15",23630.40,0.00,0,0.00,97,"Madelin Sierra",120,"CHRISTIAN ESTRADA",,,0,A_ABONO_ACTIVO,2026-03-25,abonos_creditos.fecha_pago,NO,"2026-04-13 09:43:15"
32681,25804,000-001-01-00040721,"ARTE ORIENTAL",0.00,0,,2026-03-25,"2026-04-13 09:44:40",19159.20,0.00,0,0.00,97,"Madelin Sierra",120,"CHRISTIAN ESTRADA",,,0,A_ABONO_ACTIVO,2026-03-25,abonos_creditos.fecha_pago,NO,"2026-04-13 09:44:40"
32682,25805,000-001-01-00040722,"ARTE ORIENTAL",0.00,0,,2026-03-25,"2026-04-13 09:45:45",2060.06,0.00,0,0.00,97,"Madelin Sierra",120,"CHRISTIAN ESTRADA",,,0,A_ABONO_ACTIVO,2026-03-25,abonos_creditos.fecha_pago,NO,"2026-04-13 09:45:45"
32683,25806,000-001-01-00040723,"ARTE ORIENTAL",0.00,0,,2026-03-25,"2026-04-13 09:46:36",17573.89,0.00,0,0.00,97,"Madelin Sierra",120,"CHRISTIAN ESTRADA",,,0,A_ABONO_ACTIVO,2026-03-25,abonos_creditos.fecha_pago,NO,"2026-04-13 09:46:36"
32684,25807,000-001-01-00040724,"ARTE ORIENTAL",0.00,0,,2026-03-25,"2026-04-13 09:47:16",5167.99,0.00,0,0.00,97,"Madelin Sierra",120,"CHRISTIAN ESTRADA",,,0,A_ABONO_ACTIVO,2026-03-25,abonos_creditos.fecha_pago,NO,"2026-04-13 09:47:16"
32685,25808,000-001-01-00040725,"ARTE ORIENTAL",0.00,0,,2026-03-25,"2026-04-13 09:47:58",2060.06,0.00,0,0.00,97,"Madelin Sierra",120,"CHRISTIAN ESTRADA",,,0,A_ABONO_ACTIVO,2026-03-25,abonos_creditos.fecha_pago,NO,"2026-04-13 09:47:58"
32686,25809,000-001-01-00040726,"ARTE ORIENTAL",0.00,0,,2026-03-25,"2026-04-13 09:48:43",10065.60,0.00,0,0.00,97,"Madelin Sierra",120,"CHRISTIAN ESTRADA",,,0,A_ABONO_ACTIVO,2026-03-25,abonos_creditos.fecha_pago,NO,"2026-04-13 09:48:43"
33429,26084,000-001-01-00041000,"DROGUERIA RISCHBIETH S.A. DE C.V.",0.00,0,,2026-03-25,"2026-03-26 12:57:15",971.86,0.00,0,0.00,57,"Josue Cerritos",24,OFICINA,,,0,A_ABONO_ACTIVO,2026-03-25,abonos_creditos.fecha_pago,NO,"2026-03-26 12:57:15"
33430,26203,000-001-01-00041119,"DROGUERIA RISCHBIETH S.A. DE C.V.",0.00,0,,2026-03-25,"2026-03-26 12:57:36",1621.75,0.00,0,0.00,57,"Josue Cerritos",24,OFICINA,,,0,A_ABONO_ACTIVO,2026-03-25,abonos_creditos.fecha_pago,NO,"2026-03-26 12:57:36"
33233,26305,000-001-01-00041221,"DISTRIBUCIONES Y REPRESENTACIONES GENERALES S. DE R.L. DE C.V. DIRGEN",0.00,0,,2026-03-25,"2026-03-25 15:32:43",379.50,0.00,0,0.00,64,"Kevin Nuñez",24,OFICINA,,,0,A_ABONO_ACTIVO,2026-03-25,abonos_creditos.fecha_pago,NO,"2026-03-25 15:32:43"
33692,26312,000-001-01-00041228,"BANCO DE OCCIDENTE S.A",0.00,0,,2026-03-25,"2026-04-14 16:03:04",292077.00,0.00,0,0.00,13,"Belinda Lopez",13,"Belinda Lopez",,,0,A_ABONO_ACTIVO,2026-03-25,abonos_creditos.fecha_pago,NO,"2026-04-14 16:03:04"
33426,26329,000-001-01-00041245,"VARIEDADES RODRIGUEZ",0.00,0,,2026-03-25,"2026-03-26 12:39:35",1516.16,0.00,0,0.00,120,"CHRISTIAN ESTRADA",120,"CHRISTIAN ESTRADA",,,0,A_ABONO_ACTIVO,2026-03-25,abonos_creditos.fecha_pago,NO,"2026-03-26 12:39:35"
33283,26332,000-001-01-00041248,"GRAFICAS CEIBEÑAS",0.00,0,,2026-03-25,"2026-03-26 13:02:59",3185.77,0.00,0,0.00,64,"Kevin Nuñez",115,"Erling Peralta",,,0,A_ABONO_ACTIVO,2026-03-25,abonos_creditos.fecha_pago,NO,"2026-03-26 13:02:59"
33284,26334,000-001-01-00041250,"GRAFICAS CEIBEÑAS",0.00,0,,2026-03-25,"2026-03-26 13:03:16",2923.61,0.00,0,0.00,64,"Kevin Nuñez",115,"Erling Peralta",,,0,A_ABONO_ACTIVO,2026-03-25,abonos_creditos.fecha_pago,NO,"2026-03-26 13:03:16"
33285,26336,000-001-01-00041252,"GRAFICAS CEIBEÑAS",0.00,0,,2026-03-25,"2026-03-26 13:03:40",3869.92,0.00,0,0.00,64,"Kevin Nuñez",115,"Erling Peralta",,,0,A_ABONO_ACTIVO,2026-03-25,abonos_creditos.fecha_pago,NO,"2026-03-26 13:03:40"
33393,26339,000-001-01-00041255,"INVERSIONES ALEM",0.00,0,,2026-03-25,"2026-03-30 10:44:46",761.07,0.00,0,0.00,64,"Kevin Nuñez",115,"Erling Peralta",,,0,A_ABONO_ACTIVO,2026-03-25,abonos_creditos.fecha_pago,NO,"2026-03-30 10:44:46"
33427,26340,000-001-01-00041256,"MICELANEAS W Y C",0.00,0,,2026-03-25,"2026-03-26 12:41:10",2238.43,0.00,0,0.00,64,"Kevin Nuñez",115,"Erling Peralta",,,0,A_ABONO_ACTIVO,2026-03-25,abonos_creditos.fecha_pago,NO,"2026-03-26 12:41:10"
33394,26341,000-001-01-00041257,"INVERSIONES ALEM",0.00,0,,2026-03-25,"2026-03-30 10:45:40",991.47,0.00,0,0.00,64,"Kevin Nuñez",115,"Erling Peralta",,,0,A_ABONO_ACTIVO,2026-03-25,abonos_creditos.fecha_pago,NO,"2026-03-30 10:45:40"
33395,26344,000-001-01-00041260,"INVERSIONES ALEM",0.00,0,,2026-03-25,"2026-03-30 10:47:08",2937.80,0.00,0,0.00,64,"Kevin Nuñez",115,"Erling Peralta",,,0,A_ABONO_ACTIVO,2026-03-25,abonos_creditos.fecha_pago,NO,"2026-03-30 10:47:08"
33428,26347,000-001-01-00041263,"LIBRERIA EMANUEL",0.00,0,,2026-03-25,"2026-03-26 12:43:02",4432.78,0.00,0,0.00,97,"Madelin Sierra",24,OFICINA,,,0,A_ABONO_ACTIVO,2026-03-25,abonos_creditos.fecha_pago,NO,"2026-03-26 12:43:02"
33319,26348,000-001-01-00041264,"GRAFICAS CEIBEÑAS",0.00,0,,2026-03-25,"2026-03-26 13:03:58",1569.53,0.00,0,0.00,64,"Kevin Nuñez",115,"Erling Peralta",,,0,A_ABONO_ACTIVO,2026-03-25,abonos_creditos.fecha_pago,NO,"2026-03-26 13:03:58"
33494,26406,000-001-01-00041322,"SERVICIOS INTEGRADOS DE HONDURAS",0.00,0,,2026-03-25,"2026-03-30 16:39:56",9125.25,0.00,0,0.00,57,"Josue Cerritos",24,OFICINA,,,0,A_ABONO_ACTIVO,2026-03-25,abonos_creditos.fecha_pago,NO,"2026-03-30 16:39:56"
33413,26420,000-001-01-00041336,"REPRESENTACIONES Y DISTRIBUCIONES VELASQUEZ",0.00,0,,2026-03-25,"2026-03-25 15:49:07",506.00,0.00,0,0.00,83,"Yosselin Palma",24,OFICINA,,,0,A_ABONO_ACTIVO,2026-03-25,abonos_creditos.fecha_pago,NO,"2026-03-25 15:49:07"
33402,26423,000-001-01-00041339,"PAPELERIA HONDURAS",0.00,0,,2026-03-25,"2026-03-30 17:02:50",75.90,0.00,0,0.00,83,"Yosselin Palma",24,OFICINA,,,0,A_ABONO_ACTIVO,2026-03-25,abonos_creditos.fecha_pago,NO,"2026-03-30 17:02:50"
33416,26425,000-001-01-00041341,"INVERSIONES RUTA 35 S.A",0.00,0,,2026-03-25,"2026-03-25 15:55:53",1545.60,0.00,0,0.00,97,"Madelin Sierra",24,OFICINA,,,0,A_ABONO_ACTIVO,2026-03-25,abonos_creditos.fecha_pago,NO,"2026-03-25 15:55:53"
33454,26433,000-001-01-00041349,"PAPELERIA HONDURAS",0.00,0,,2026-03-25,"2026-03-30 17:02:01",5856.95,0.00,0,0.00,83,"Yosselin Palma",24,OFICINA,,,0,A_ABONO_ACTIVO,2026-03-25,abonos_creditos.fecha_pago,NO,"2026-03-30 17:02:01"
33487,26435,000-001-01-00041351,"CLIENTE GENERICO",0.00,0,,2026-03-25,"2026-03-30 16:20:11",276.00,0.00,0,0.00,57,"Josue Cerritos",24,OFICINA,,,0,A_ABONO_ACTIVO,2026-03-25,abonos_creditos.fecha_pago,NO,"2026-03-30 16:20:11"
33496,26441,000-001-01-00041357,"DISTRIBUCIONES GENERALES ¨DIGRAL¨",0.00,0,,2026-03-25,"2026-03-31 08:36:02",1794.00,0.00,0,0.00,97,"Madelin Sierra",24,OFICINA,,,0,A_ABONO_ACTIVO,2026-03-25,abonos_creditos.fecha_pago,NO,"2026-03-31 08:36:02"
33508,26451,000-001-01-00041367,"GESTION EMPRESARIAL S. DE R.L. C.V",0.00,0,,2026-03-25,"2026-03-31 10:34:01",2080.35,0.00,0,0.00,86,"Jose Luque Vendedor",87,"Mauricio Zavala",,,0,A_ABONO_ACTIVO,2026-03-25,abonos_creditos.fecha_pago,NO,"2026-03-31 10:34:01"
33509,26452,000-001-01-00041368,"GESTION EMPRESARIAL S. DE R.L. C.V",0.00,0,,2026-03-25,"2026-03-31 10:36:10",799.25,0.00,0,0.00,86,"Jose Luque Vendedor",87,"Mauricio Zavala",,,0,A_ABONO_ACTIVO,2026-03-25,abonos_creditos.fecha_pago,NO,"2026-03-31 10:36:10"
27647,21746,000-001-01-00036674,"VARIEDADES Y MAS EL ALFARERO",0.00,0,,2026-03-26,"2026-04-10 12:16:52",25924.68,394.40,0,0.00,64,"Kevin Nuñez",14,"Sulay Pineda",,,0,A_ABONO_ACTIVO,2026-03-26,abonos_creditos.fecha_pago,NO,"2026-04-10 12:16:52"
31042,24381,000-001-01-00039309,SERVICOMP,0.00,0,,2026-03-26,"2026-04-11 08:37:52",38776.40,3714.42,0,0.00,64,"Kevin Nuñez",14,"Sulay Pineda",,,0,A_ABONO_ACTIVO,2026-03-26,abonos_creditos.fecha_pago,NO,"2026-04-11 08:37:52"
31043,24382,000-001-01-00039310,SERVICOMP,0.00,0,,2026-03-26,"2026-04-10 14:24:25",8715.75,0.00,0,0.00,64,"Kevin Nuñez",14,"Sulay Pineda",,,0,A_ABONO_ACTIVO,2026-03-26,abonos_creditos.fecha_pago,NO,"2026-04-10 14:24:25"
31044,24393,000-001-01-00039319,SERVICOMP,0.00,0,,2026-03-26,"2026-04-10 14:23:26",14238.00,0.00,0,0.00,64,"Kevin Nuñez",14,"Sulay Pineda",,,0,A_ABONO_ACTIVO,2026-03-26,abonos_creditos.fecha_pago,NO,"2026-04-10 14:23:26"
31540,25104,000-001-01-00040023,SERVICOMP,0.00,0,,2026-03-26,"2026-04-10 14:22:11",4283.69,0.00,0,0.00,86,"Jose Luque Vendedor",14,"Sulay Pineda",,,0,A_ABONO_ACTIVO,2026-03-26,abonos_creditos.fecha_pago,NO,"2026-04-10 14:22:11"
33469,26372,000-001-01-00041288,"VARIEDADES YOSER",0.00,0,,2026-03-26,"2026-03-30 14:06:12",453.16,0.00,0,0.00,64,"Kevin Nuñez",115,"Erling Peralta",,,0,A_ABONO_ACTIVO,2026-03-26,abonos_creditos.fecha_pago,NO,"2026-03-30 14:06:12"
33470,26373,000-001-01-00041289,"VARIEDADES YOSER",0.00,0,,2026-03-26,"2026-03-30 14:06:59",1176.63,0.00,0,0.00,64,"Kevin Nuñez",115,"Erling Peralta",,,0,A_ABONO_ACTIVO,2026-03-26,abonos_creditos.fecha_pago,NO,"2026-03-30 14:06:59"
33471,26375,000-001-01-00041291,"VARIEDADES YOSER",0.00,0,,2026-03-26,"2026-03-30 14:07:34",1847.37,0.00,0,0.00,64,"Kevin Nuñez",115,"Erling Peralta",,,0,A_ABONO_ACTIVO,2026-03-26,abonos_creditos.fecha_pago,NO,"2026-03-30 14:07:34"
33472,26376,000-001-01-00041292,"VARIEDADES YOSER",0.00,0,,2026-03-26,"2026-03-30 14:08:04",621.00,0.00,0,0.00,64,"Kevin Nuñez",115,"Erling Peralta",,,0,A_ABONO_ACTIVO,2026-03-26,abonos_creditos.fecha_pago,NO,"2026-03-30 14:08:04"
33478,26381,000-001-01-00041297,"CENTRO DE IMPRESION CEPRINT",0.00,0,,2026-03-26,"2026-03-30 14:40:30",11740.35,0.00,0,0.00,64,"Kevin Nuñez",115,"Erling Peralta",,,0,A_ABONO_ACTIVO,2026-03-26,abonos_creditos.fecha_pago,NO,"2026-03-30 14:40:30"
33479,26386,000-001-01-00041302,"CENTRO DE IMPRESION CEPRINT",0.00,0,,2026-03-26,"2026-03-30 14:41:08",5161.62,0.00,0,0.00,86,"Jose Luque Vendedor",115,"Erling Peralta",,,0,A_ABONO_ACTIVO,2026-03-26,abonos_creditos.fecha_pago,NO,"2026-03-30 14:41:08"
33354,26394,000-001-01-00041310,"CREDITO EMPLEADOS",0.00,0,,2026-03-26,"2026-03-30 14:13:46",646.38,0.00,0,0.00,97,"Madelin Sierra",24,OFICINA,,,0,A_ABONO_ACTIVO,2026-03-26,abonos_creditos.fecha_pago,NO,"2026-03-30 14:13:46"
33519,26408,000-001-01-00041324,"ARTE Y COSTURA",0.00,0,,2026-03-26,"2026-03-31 16:26:47",1213.84,0.00,0,0.00,86,"Jose Luque Vendedor",115,"Erling Peralta",,,0,A_ABONO_ACTIVO,2026-03-26,abonos_creditos.fecha_pago,NO,"2026-03-31 16:26:47"
33520,26409,000-001-01-00041325,"ARTE Y COSTURA",0.00,0,,2026-03-26,"2026-03-31 16:25:59",2052.75,0.00,0,0.00,86,"Jose Luque Vendedor",115,"Erling Peralta",,,0,A_ABONO_ACTIVO,2026-03-26,abonos_creditos.fecha_pago,NO,"2026-03-31 16:25:59"
33497,26443,000-001-01-00041359,"CENTRAL AMERICA TRADING",0.00,0,,2026-03-26,"2026-03-31 08:57:52",2553.00,0.00,0,0.00,57,"Josue Cerritos",24,OFICINA,,,0,A_ABONO_ACTIVO,2026-03-26,abonos_creditos.fecha_pago,NO,"2026-03-31 08:57:52"
28834,22969,000-001-01-00037897,"DISTRIBUCIONES M & K S. DE R,L.",0.00,0,,2026-03-27,"2026-04-15 10:42:44",40986.00,0.00,0,0.00,30,"Kelyn Barahona",24,OFICINA,,,0,A_ABONO_ACTIVO,2026-03-27,abonos_creditos.fecha_pago,NO,"2026-04-15 10:42:44"
29369,23364,000-001-01-00038292,"DISTRIBUCIONES M & K S. DE R,L.",0.00,0,,2026-03-27,"2026-04-15 10:46:40",94890.00,0.00,0,0.00,30,"Kelyn Barahona",24,OFICINA,,,0,A_ABONO_ACTIVO,2026-03-27,abonos_creditos.fecha_pago,NO,"2026-04-15 10:46:40"
29461,23452,000-001-01-00038380,"DISTRIBUCIONES M & K S. DE R,L.",0.00,0,,2026-03-27,"2026-04-15 10:47:08",1638.75,0.00,0,0.00,30,"Kelyn Barahona",24,OFICINA,,,0,A_ABONO_ACTIVO,2026-03-27,abonos_creditos.fecha_pago,NO,"2026-04-15 10:47:08"
29754,23632,000-001-01-00038560,"DISTRIBUCIONES M & K S. DE R,L.",0.00,0,,2026-03-27,"2026-04-15 10:47:38",22080.00,0.00,0,0.00,30,"Kelyn Barahona",24,OFICINA,,,0,A_ABONO_ACTIVO,2026-03-27,abonos_creditos.fecha_pago,NO,"2026-04-15 10:47:38"
29813,23760,000-001-01-00038688,"DISTRIBUCIONES M & K S. DE R,L.",0.00,0,,2026-03-27,"2026-04-15 10:48:13",55660.00,0.00,0,0.00,30,"Kelyn Barahona",24,OFICINA,,,0,A_ABONO_ACTIVO,2026-03-27,abonos_creditos.fecha_pago,NO,"2026-04-15 10:48:13"
29772,23764,000-001-01-00038692,"LIBRERIA FERNANDO",0.00,0,,2026-03-27,"2026-04-06 10:19:17",0.02,0.00,0,0.00,83,"Yosselin Palma",4,"Roy Zelaya",,,0,A_ABONO_ACTIVO,2026-03-27,abonos_creditos.fecha_pago,NO,"2026-04-06 10:19:17"
30175,23979,000-001-01-00038907,"DISTRIBUCIONES M & K S. DE R,L.",0.00,0,,2026-03-27,"2026-04-15 10:48:41",1587.00,0.00,0,0.00,30,"Kelyn Barahona",24,OFICINA,,,0,A_ABONO_ACTIVO,2026-03-27,abonos_creditos.fecha_pago,NO,"2026-04-15 10:48:41"
30176,23991,000-001-01-00038919,"DISTRIBUCIONES M & K S. DE R,L.",0.00,0,,2026-03-27,"2026-04-15 10:49:21",1058.00,0.00,0,0.00,30,"Kelyn Barahona",24,OFICINA,,,0,A_ABONO_ACTIVO,2026-03-27,abonos_creditos.fecha_pago,NO,"2026-04-15 10:49:21"
30576,24325,000-001-01-00039253,"LA CASA DE PAPEL",0.00,0,,2026-03-27,"2026-03-30 15:57:55",11151.57,51.27,0,0.00,86,"Jose Luque Vendedor",65,"Jessy Alvarado",,,0,A_ABONO_ACTIVO,2026-03-27,abonos_creditos.fecha_pago,NO,"2026-03-30 15:57:55"
31370,24683,000-001-01-00039605,"DISTRIBUIDORA COMERCIAL MÁS/DICOMAS",0.00,0,,2026-03-27,"2026-03-30 15:17:48",163875.00,0.00,0,0.00,89,"Jonathan Lopez",36,"Angel Villela",,,0,A_ABONO_ACTIVO,2026-03-27,abonos_creditos.fecha_pago,NO,"2026-03-30 15:17:48"
31096,24781,000-001-01-00039701,"LIBRERIA FERNANDO",0.00,0,,2026-03-27,"2026-04-06 10:17:33",44680.54,0.00,0,0.00,97,"Madelin Sierra",4,"Roy Zelaya",,,0,A_ABONO_ACTIVO,2026-03-27,abonos_creditos.fecha_pago,NO,"2026-04-06 10:17:33"
31097,24782,000-001-01-00039702,"LIBRERIA FERNANDO",0.00,0,,2026-03-27,"2026-04-06 10:18:30",13049.00,0.00,0,0.00,97,"Madelin Sierra",4,"Roy Zelaya",,,0,A_ABONO_ACTIVO,2026-03-27,abonos_creditos.fecha_pago,NO,"2026-04-06 10:18:30"
31112,24825,000-001-01-00039745,"LA CASA DE PAPEL",0.00,0,,2026-03-27,"2026-03-30 15:58:45",4716.08,0.00,0,0.00,98,"Yimmy Funes",65,"Jessy Alvarado",,,0,A_ABONO_ACTIVO,2026-03-27,abonos_creditos.fecha_pago,NO,"2026-03-30 15:58:45"
31369,24905,000-001-01-00039824,"LA CASA DE PAPEL",0.00,0,,2026-03-27,"2026-03-30 15:59:20",1068.53,0.00,0,0.00,98,"Yimmy Funes",65,"Jessy Alvarado",,,0,A_ABONO_ACTIVO,2026-03-27,abonos_creditos.fecha_pago,NO,"2026-03-30 15:59:20"
31199,24912,000-001-01-00039831,"LIBRERIA FERNANDO",0.00,0,,2026-03-27,"2026-04-06 10:21:12",42269.75,2627.17,0,0.00,97,"Madelin Sierra",4,"Roy Zelaya",,,0,A_ABONO_ACTIVO,2026-03-27,abonos_creditos.fecha_pago,NO,"2026-04-06 10:21:12"
31678,24983,000-001-01-00039902,"DISTRIBUIDORA GLOBAL S. DE R.L",0.00,0,,2026-03-27,"2026-03-31 14:26:00",4027.30,0.00,0,0.00,57,"Josue Cerritos",13,"Belinda Lopez",,,0,A_ABONO_ACTIVO,2026-03-27,abonos_creditos.fecha_pago,NO,"2026-03-31 14:26:00"
31599,25056,000-001-01-00039975,SUMGER,0.00,0,,2026-03-27,"2026-03-31 09:36:20",3132.26,0.00,0,0.00,27,"Ana Pineda",24,OFICINA,,,0,A_ABONO_ACTIVO,2026-03-27,abonos_creditos.fecha_pago,SI,"2026-03-31 09:36:20"
31600,25094,000-001-01-00040013,SUMGER,0.00,0,,2026-03-27,"2026-03-31 09:35:43",15667.32,0.00,0,0.00,27,"Ana Pineda",24,OFICINA,,,0,A_ABONO_ACTIVO,2026-03-27,abonos_creditos.fecha_pago,SI,"2026-03-31 09:35:43"
31601,25098,000-001-01-00040017,SUMGER,0.00,0,,2026-03-27,"2026-03-31 09:35:07",11307.38,0.00,0,0.00,27,"Ana Pineda",24,OFICINA,,,0,A_ABONO_ACTIVO,2026-03-27,abonos_creditos.fecha_pago,SI,"2026-03-31 09:35:07"
31679,25243,000-001-01-00040162,"DISTRIBUIDORA GLOBAL S. DE R.L",0.00,0,,2026-03-27,"2026-03-31 14:27:16",1748.08,0.00,0,0.00,57,"Josue Cerritos",13,"Belinda Lopez",,,0,A_ABONO_ACTIVO,2026-03-27,abonos_creditos.fecha_pago,NO,"2026-03-31 14:27:16"
31674,25268,000-001-01-00040187,SUMGER,0.00,0,,2026-03-27,"2026-03-31 09:34:27",4657.50,0.00,0,0.00,27,"Ana Pineda",24,OFICINA,,,0,A_ABONO_ACTIVO,2026-03-27,abonos_creditos.fecha_pago,SI,"2026-03-31 09:34:27"
32202,25333,000-001-01-00040252,"LARACH Y CIA",0.00,0,,2026-03-27,"2026-03-31 14:45:58",40020.00,0.00,0,0.00,57,"Josue Cerritos",13,"Belinda Lopez",,,0,A_ABONO_ACTIVO,2026-03-27,abonos_creditos.fecha_pago,NO,"2026-03-31 14:45:58"
32435,25429,000-001-01-00040348,"PAPELERIA GABRIELA",0.00,0,,2026-03-27,"2026-04-06 16:03:53",7318.88,0.00,0,0.00,97,"Madelin Sierra",120,"CHRISTIAN ESTRADA",,,0,A_ABONO_ACTIVO,2026-03-27,abonos_creditos.fecha_pago,NO,"2026-04-06 16:03:53"
32600,25584,000-001-01-00040501,"VARIEDADES TETO",0.00,0,,2026-03-27,"2026-04-08 08:13:30",29429.54,0.00,0,0.00,86,"Jose Luque Vendedor",14,"Sulay Pineda",,,0,A_ABONO_ACTIVO,2026-03-27,abonos_creditos.fecha_pago,NO,"2026-04-08 08:13:30"
32386,25660,000-001-01-00040577,"DISTRIBUIDORA GLOBAL S. DE R.L",0.00,0,,2026-03-27,"2026-03-31 14:26:44",897.00,0.00,0,0.00,83,"Yosselin Palma",13,"Belinda Lopez",,,0,A_ABONO_ACTIVO,2026-03-27,abonos_creditos.fecha_pago,NO,"2026-03-31 14:26:44"
32816,25815,000-001-01-00040731,"ESCUELA AMERICANA",0.00,0,,2026-03-27,"2026-03-31 14:38:29",10119.53,0.00,0,0.00,57,"Josue Cerritos",13,"Belinda Lopez",,,0,A_ABONO_ACTIVO,2026-03-27,abonos_creditos.fecha_pago,NO,"2026-03-31 14:38:29"
32726,25915,000-001-01-00040831,"PAPELERIA GABRIELA",0.00,0,,2026-03-27,"2026-04-06 16:03:07",890.64,0.00,0,0.00,97,"Madelin Sierra",120,"CHRISTIAN ESTRADA",,,0,A_ABONO_ACTIVO,2026-03-27,abonos_creditos.fecha_pago,NO,"2026-04-06 16:03:07"
33293,25960,000-001-01-00040876,"MINISTERIO PUBLICO",0.00,0,,2026-03-27,"2026-04-15 09:30:27",253320.00,0.00,1,0.00,86,"Jose Luque Vendedor",13,"Belinda Lopez",,,0,A_ABONO_ACTIVO,2026-03-27,abonos_creditos.fecha_pago,NO,"2026-04-15 09:30:27"
33383,26035,000-001-01-00040951,"ESCUELA AMERICANA",0.00,0,,2026-03-27,"2026-03-31 14:37:47",7082.72,0.00,0,0.00,57,"Josue Cerritos",13,"Belinda Lopez",,,0,A_ABONO_ACTIVO,2026-03-27,abonos_creditos.fecha_pago,NO,"2026-03-31 14:37:47"
32920,26039,000-001-01-00040955,"CENTRO BASICO FRANCISCO MORAZAN",0.00,0,,2026-03-27,"2026-04-08 08:30:02",4699.59,1293.54,0,0.00,86,"Jose Luque Vendedor",14,"Sulay Pineda",,,0,A_ABONO_ACTIVO,2026-03-27,abonos_creditos.fecha_pago,NO,"2026-04-08 08:30:02"
33384,26166,000-001-01-00041082,"ESCUELA AMERICANA",0.00,0,,2026-03-27,"2026-03-31 14:37:05",45919.50,0.00,0,0.00,13,"Belinda Lopez",13,"Belinda Lopez",,,0,A_ABONO_ACTIVO,2026-03-27,abonos_creditos.fecha_pago,NO,"2026-03-31 14:37:05"
33121,26199,000-001-01-00041115,"CREDITO EMPLEADOS",0.00,0,,2026-03-27,"2026-04-09 15:18:58",460.53,0.00,0,0.00,64,"Kevin Nuñez",24,OFICINA,,,0,A_ABONO_ACTIVO,2026-03-27,abonos_creditos.fecha_pago,NO,"2026-04-09 15:18:58"
33592,26374,000-001-01-00041290,"FARMACIA SAN JUAN",0.00,0,,2026-03-27,"2026-04-09 14:41:54",1314.80,0.00,0,0.00,64,"Kevin Nuñez",115,"Erling Peralta",,,0,A_ABONO_ACTIVO,2026-03-27,abonos_creditos.fecha_pago,NO,"2026-04-09 14:41:54"
33658,26377,000-001-01-00041293,"BODEGA ELMER",0.00,0,,2026-03-27,"2026-04-11 13:30:35",17696.65,0.00,0,0.00,64,"Kevin Nuñez",115,"Erling Peralta",,,0,A_ABONO_ACTIVO,2026-03-27,abonos_creditos.fecha_pago,NO,"2026-04-11 13:30:35"
33593,26380,000-001-01-00041296,"PRODUCTOS ALIMENTICIOS Y LACTEOS DOÑA OLGA S. DE. R.L. DE C.",0.00,0,,2026-03-27,"2026-04-09 14:42:47",1755.64,0.00,0,0.00,64,"Kevin Nuñez",115,"Erling Peralta",,,0,A_ABONO_ACTIVO,2026-03-27,abonos_creditos.fecha_pago,NO,"2026-04-09 14:42:47"
33659,26387,000-001-01-00041303,"BODEGA ELMER",0.00,0,,2026-03-27,"2026-04-11 13:33:06",16111.15,0.00,0,0.00,64,"Kevin Nuñez",115,"Erling Peralta",,,0,A_ABONO_ACTIVO,2026-03-27,abonos_creditos.fecha_pago,NO,"2026-04-11 13:33:06"
33481,26388,000-001-01-00041304,"HELADOS  Y MAS",0.00,0,,2026-03-27,"2026-03-31 16:35:41",7744.07,0.00,0,0.00,86,"Jose Luque Vendedor",115,"Erling Peralta",,,0,A_ABONO_ACTIVO,2026-03-27,abonos_creditos.fecha_pago,NO,"2026-03-31 16:35:41"
33604,26389,000-001-01-00041305,"BODEGA ERAZO",0.00,0,,2026-03-27,"2026-04-09 15:23:46",4029.53,0.00,0,0.00,64,"Kevin Nuñez",115,"Erling Peralta",,,0,A_ABONO_ACTIVO,2026-03-27,abonos_creditos.fecha_pago,NO,"2026-04-09 15:23:46"
33602,26392,000-001-01-00041308,"20,30 Y MAS",0.00,0,,2026-03-27,"2026-04-09 15:19:42",1168.77,0.00,0,0.00,64,"Kevin Nuñez",115,"Erling Peralta",,,0,A_ABONO_ACTIVO,2026-03-27,abonos_creditos.fecha_pago,NO,"2026-04-09 15:19:42"
33482,26395,000-001-01-00041311,"HELADOS  Y MAS",0.00,0,,2026-03-27,"2026-03-31 16:35:08",5339.81,0.00,0,0.00,64,"Kevin Nuñez",115,"Erling Peralta",,,0,A_ABONO_ACTIVO,2026-03-27,abonos_creditos.fecha_pago,NO,"2026-03-31 16:35:08"
33483,26396,000-001-01-00041312,"HELADOS  Y MAS",0.00,0,,2026-03-27,"2026-03-31 16:34:36",2791.03,0.00,0,0.00,64,"Kevin Nuñez",115,"Erling Peralta",,,0,A_ABONO_ACTIVO,2026-03-27,abonos_creditos.fecha_pago,NO,"2026-03-31 16:34:36"
33605,26397,000-001-01-00041313,"BODEGA ERAZO",0.00,0,,2026-03-27,"2026-04-09 15:22:57",3105.00,0.00,0,0.00,64,"Kevin Nuñez",115,"Erling Peralta",,,0,A_ABONO_ACTIVO,2026-03-27,abonos_creditos.fecha_pago,NO,"2026-04-09 15:22:57"
33647,26405,000-001-01-00041321,"IRYCOM PLUS SERVICE",0.00,0,,2026-03-27,"2026-04-11 13:02:14",14720.00,0.00,0,0.00,86,"Jose Luque Vendedor",13,"Belinda Lopez",,,0,A_ABONO_ACTIVO,2026-03-27,abonos_creditos.fecha_pago,NO,"2026-04-11 13:02:14"
33594,26416,000-001-01-00041332,"UTILES ESCOLARES Y MAS",0.00,0,,2026-03-27,"2026-04-09 15:16:11",225.97,0.00,0,0.00,86,"Jose Luque Vendedor",115,"Erling Peralta",,,0,A_ABONO_ACTIVO,2026-03-27,abonos_creditos.fecha_pago,NO,"2026-04-09 15:16:11"
33595,26418,000-001-01-00041334,"UTILES ESCOLARES Y MAS",0.00,0,,2026-03-27,"2026-04-09 14:45:15",2322.58,0.00,0,0.00,86,"Jose Luque Vendedor",115,"Erling Peralta",,,0,A_ABONO_ACTIVO,2026-03-27,abonos_creditos.fecha_pago,NO,"2026-04-09 14:45:15"
33596,26419,000-001-01-00041335,"UTILES ESCOLARES Y MAS",0.00,0,,2026-03-27,"2026-04-09 14:44:08",247.73,0.00,0,0.00,86,"Jose Luque Vendedor",115,"Erling Peralta",,,0,A_ABONO_ACTIVO,2026-03-27,abonos_creditos.fecha_pago,NO,"2026-04-09 14:44:08"
33597,26421,000-001-01-00041337,"UTILES ESCOLARES Y MAS",0.00,0,,2026-03-27,"2026-04-09 15:14:23",121.01,0.00,0,0.00,86,"Jose Luque Vendedor",115,"Erling Peralta",,,0,A_ABONO_ACTIVO,2026-03-27,abonos_creditos.fecha_pago,NO,"2026-04-09 15:14:23"
33607,26422,000-001-01-00041338,"DISTRIBUIDORA  FRANSOL",0.00,0,,2026-03-27,"2026-04-09 15:34:38",3047.26,0.00,0,0.00,86,"Jose Luque Vendedor",115,"Erling Peralta",,,0,A_ABONO_ACTIVO,2026-03-27,abonos_creditos.fecha_pago,NO,"2026-04-09 15:34:38"
33608,26424,000-001-01-00041340,"DISTRIBUIDORA  FRANSOL",0.00,0,,2026-03-27,"2026-04-09 15:26:07",8754.14,0.00,0,0.00,86,"Jose Luque Vendedor",115,"Erling Peralta",,,0,A_ABONO_ACTIVO,2026-03-27,abonos_creditos.fecha_pago,NO,"2026-04-09 15:26:07"
33603,26426,000-001-01-00041342,"BODEGUITA SUYAPA-MARLENIS VELASQUEZ CACERES",0.00,0,,2026-03-27,"2026-04-09 15:20:33",4835.44,0.00,0,0.00,86,"Jose Luque Vendedor",115,"Erling Peralta",,,0,A_ABONO_ACTIVO,2026-03-27,abonos_creditos.fecha_pago,NO,"2026-04-09 15:20:33"
33488,26436,000-001-01-00041352,"CLIENTE GENERICO",0.00,0,,2026-03-27,"2026-03-31 09:45:09",690.00,0.00,0,0.00,57,"Josue Cerritos",24,OFICINA,,,0,A_ABONO_ACTIVO,2026-03-27,abonos_creditos.fecha_pago,NO,"2026-03-31 09:45:09"
33489,26439,000-001-01-00041355,"CLIENTE GENERICO",0.00,0,,2026-03-27,"2026-04-11 13:38:44",18.17,0.00,0,0.00,83,"Yosselin Palma",24,OFICINA,,,0,A_ABONO_ACTIVO,2026-03-27,abonos_creditos.fecha_pago,NO,"2026-04-11 13:38:44"
33501,26458,000-001-01-00041374,"QUIMICOS DYD",0.00,0,,2026-03-27,"2026-05-18 16:39:36",11644.53,495.51,0,0.00,57,"Josue Cerritos",24,OFICINA,,,0,A_ABONO_ACTIVO,2026-03-27,abonos_creditos.fecha_pago,NO,"2026-05-18 16:39:36"
33610,26466,000-001-01-00041382,"SUMINISTROS PROFESIONALES S. DE R.L.",0.00,0,,2026-03-27,"2026-04-09 15:39:05",2668.00,0.00,0,0.00,83,"Yosselin Palma",83,"Yosselin Palma",,,0,A_ABONO_ACTIVO,2026-03-27,abonos_creditos.fecha_pago,NO,"2026-04-09 15:39:05"
33491,26470,000-001-01-00041386,"CLIENTE GENERICO",0.00,0,,2026-03-27,"2026-03-31 12:14:41",414.52,0.00,0,0.00,57,"Josue Cerritos",24,OFICINA,,,0,A_ABONO_ACTIVO,2026-03-27,abonos_creditos.fecha_pago,NO,"2026-03-31 12:14:41"
33506,26475,000-001-01-00041391,"MERCADITO LA LOMA",0.00,0,,2026-03-27,"2026-03-31 10:11:57",5919.64,0.00,0,0.00,57,"Josue Cerritos",24,OFICINA,,,0,A_ABONO_ACTIVO,2026-03-27,abonos_creditos.fecha_pago,NO,"2026-03-31 10:11:57"
13819,10265,000-001-01-00025588,COEXEL,0.00,0,,2026-03-28,"2026-04-11 13:59:26",75080.00,0.00,0,0.00,57,"Josue Cerritos",36,"Angel Villela",,,0,A_ABONO_ACTIVO,2026-03-28,abonos_creditos.fecha_pago,NO,"2026-04-11 13:59:26"
29805,23762,000-001-01-00038690,"PAPELERIA HONDURAS",0.00,0,,2026-03-28,"2026-04-10 11:58:45",242137.79,0.00,0,0.00,30,"Kelyn Barahona",24,OFICINA,,,0,A_ABONO_ACTIVO,2026-03-28,abonos_creditos.fecha_pago,NO,"2026-04-10 11:58:45"
30107,23868,000-001-01-00038796,"PAPELERIA HONDURAS",0.00,0,,2026-03-28,"2026-04-10 11:57:36",11063.00,0.00,0,0.00,30,"Kelyn Barahona",24,OFICINA,,,0,A_ABONO_ACTIVO,2026-03-28,abonos_creditos.fecha_pago,NO,"2026-04-10 11:57:36"
30328,23962,000-001-01-00038890,"DISTRIBUIDORA VENECIA",0.00,0,,2026-03-28,"2026-03-31 10:23:11",46754.40,0.00,0,0.00,30,"Kelyn Barahona",24,OFICINA,,,0,A_ABONO_ACTIVO,2026-03-28,abonos_creditos.fecha_pago,NO,"2026-03-31 10:23:11"
30329,23963,000-001-01-00038891,"DISTRIBUIDORA VENECIA",0.00,0,,2026-03-28,"2026-03-31 10:23:44",33925.00,0.00,0,0.00,30,"Kelyn Barahona",24,OFICINA,,,0,A_ABONO_ACTIVO,2026-03-28,abonos_creditos.fecha_pago,NO,"2026-03-31 10:23:44"
30558,24348,000-001-01-00039276,"DROGUERIA Y TIENDAS SAN MIGUEL  S. DE R.L.",0.00,0,,2026-03-28,"2026-04-09 16:16:40",502675.20,0.00,0,7804.80,27,"Ana Pineda",24,OFICINA,,,0,A_ABONO_ACTIVO,2026-03-28,abonos_creditos.fecha_pago,SI,"2026-04-09 16:16:40"
30678,24467,000-001-01-00039393,"DROGUERIA Y TIENDAS SAN MIGUEL  S. DE R.L.",0.00,0,,2026-03-28,"2026-04-09 16:15:12",494784.00,2934.30,0,0.00,83,"Yosselin Palma",24,OFICINA,,,0,A_ABONO_ACTIVO,2026-03-28,abonos_creditos.fecha_pago,NO,"2026-04-09 16:15:12"
30679,24469,000-001-01-00039395,"DROGUERIA Y TIENDAS SAN MIGUEL  S. DE R.L.",0.00,0,,2026-03-28,"2026-04-09 16:13:55",103680.00,0.00,0,0.00,83,"Yosselin Palma",24,OFICINA,,,0,A_ABONO_ACTIVO,2026-03-28,abonos_creditos.fecha_pago,NO,"2026-04-09 16:13:55"
30835,24566,000-001-01-00039488,"DISTRIBUIDORA VENECIA",0.00,0,,2026-03-28,"2026-04-27 13:23:49",3186.97,0.00,0,0.00,27,"Ana Pineda",24,OFICINA,,,0,A_ABONO_ACTIVO,2026-03-28,abonos_creditos.fecha_pago,SI,"2026-04-27 13:23:49"
30836,24568,000-001-01-00039490,"DISTRIBUIDORA VENECIA",0.00,0,,2026-03-28,"2026-04-27 13:23:22",7452.10,0.00,0,0.00,27,"Ana Pineda",24,OFICINA,,,0,A_ABONO_ACTIVO,2026-03-28,abonos_creditos.fecha_pago,SI,"2026-04-27 13:23:22"
31388,25008,000-001-01-00039927,"CREDITO EMPLEADOS",0.00,0,,2026-03-28,"2026-03-31 15:52:49",563.68,0.00,0,0.00,57,"Josue Cerritos",24,OFICINA,,,0,A_ABONO_ACTIVO,2026-03-28,abonos_creditos.fecha_pago,NO,"2026-03-31 15:52:49"
31393,25101,000-001-01-00040020,"CREDITO EMPLEADOS",0.00,0,,2026-03-28,"2026-03-31 15:53:48",185.39,0.00,0,0.00,57,"Josue Cerritos",24,OFICINA,,,0,A_ABONO_ACTIVO,2026-03-28,abonos_creditos.fecha_pago,NO,"2026-03-31 15:53:48"
31708,25173,000-001-01-00040092,"HECTOR S OFFICE",0.00,0,,2026-03-28,"2026-04-10 10:23:46",3436.59,0.00,0,0.00,64,"Kevin Nuñez",115,"Erling Peralta",,,0,A_ABONO_ACTIVO,2026-03-28,abonos_creditos.fecha_pago,NO,"2026-04-10 10:23:46"
31709,25181,000-001-01-00040100,"HECTOR S OFFICE",0.00,0,,2026-03-28,"2026-04-10 10:19:14",7429.00,0.00,0,0.00,64,"Kevin Nuñez",115,"Erling Peralta",,,0,A_ABONO_ACTIVO,2026-03-28,abonos_creditos.fecha_pago,NO,"2026-04-10 10:19:14"
32754,25629,000-001-01-00040546,"MASTER PRINTING",0.00,0,,2026-03-28,"2026-03-30 14:53:39",1959.49,0.00,0,0.00,64,"Kevin Nuñez",115,"Erling Peralta",,,0,A_ABONO_ACTIVO,2026-03-28,abonos_creditos.fecha_pago,NO,"2026-03-30 14:53:39"
32755,25631,000-001-01-00040548,"MASTER PRINTING",0.00,0,,2026-03-28,"2026-03-30 14:54:31",3324.89,0.00,0,0.00,64,"Kevin Nuñez",115,"Erling Peralta",,,0,A_ABONO_ACTIVO,2026-03-28,abonos_creditos.fecha_pago,NO,"2026-03-30 14:54:31"
32642,25741,000-001-01-00040658,"CREDITO EMPLEADOS",0.00,0,,2026-03-28,"2026-03-31 15:53:19",266.44,0.00,0,0.00,57,"Josue Cerritos",24,OFICINA,,,0,A_ABONO_ACTIVO,2026-03-28,abonos_creditos.fecha_pago,NO,"2026-03-31 15:53:19"
33105,26096,000-001-01-00041012,"GRAPHICS JKS",0.00,0,,2026-03-28,"2026-04-11 10:28:50",9448.20,0.00,0,0.00,86,"Jose Luque Vendedor",14,"Sulay Pineda",,,0,A_ABONO_ACTIVO,2026-03-28,abonos_creditos.fecha_pago,NO,"2026-04-11 10:28:50"
33578,26453,000-001-01-00041369,"ABARROTERIA LAS FLORES, S. DE R.L. DE C.V.",0.00,0,,2026-03-28,"2026-04-07 17:05:43",16449.59,0.00,0,0.00,86,"Jose Luque Vendedor",87,"Mauricio Zavala",,,0,A_ABONO_ACTIVO,2026-03-28,abonos_creditos.fecha_pago,NO,"2026-04-07 17:05:43"
33579,26456,000-001-01-00041372,"ABARROTERIA LAS FLORES, S. DE R.L. DE C.V.",0.00,0,,2026-03-28,"2026-04-07 17:04:51",2926.75,0.00,0,0.00,86,"Jose Luque Vendedor",87,"Mauricio Zavala",,,0,A_ABONO_ACTIVO,2026-03-28,abonos_creditos.fecha_pago,NO,"2026-04-07 17:04:51"
33547,26463,000-001-01-00041379,"CENTRO DE IMPRESION FULLCOLOR S. DE R.L",0.00,0,,2026-03-28,"2026-04-06 16:08:58",1518.00,0.00,0,0.00,120,"CHRISTIAN ESTRADA",120,"CHRISTIAN ESTRADA",,,0,A_ABONO_ACTIVO,2026-03-28,abonos_creditos.fecha_pago,NO,"2026-04-06 16:08:58"
33492,26473,000-001-01-00041389,"CLIENTE GENERICO",0.00,0,,2026-03-28,"2026-04-06 16:07:25",63.25,0.00,0,0.00,27,"Ana Pineda",24,OFICINA,,,0,A_ABONO_ACTIVO,2026-03-28,abonos_creditos.fecha_pago,SI,"2026-04-06 16:07:25"
31018,24704,000-001-01-00039626,"PLASTICOS CEIBEÑOS N.2",0.00,0,,2026-03-30,"2026-04-10 09:54:14",340.14,0.00,0,0.00,64,"Kevin Nuñez",100,"Kevin Vendedor",,,0,A_ABONO_ACTIVO,2026-03-30,abonos_creditos.fecha_pago,NO,"2026-04-10 09:54:14"
31019,24709,000-001-01-00039631,"PLASTICOS CEIBEÑOS N.2",0.00,0,,2026-03-30,"2026-04-10 09:53:08",3506.58,0.00,0,0.00,64,"Kevin Nuñez",100,"Kevin Vendedor",,,0,A_ABONO_ACTIVO,2026-03-30,abonos_creditos.fecha_pago,NO,"2026-04-10 09:53:08"
31020,24714,000-001-01-00039636,"PLASTICOS CEIBEÑOS N.2",0.00,0,,2026-03-30,"2026-04-10 09:52:21",1117.80,0.00,0,0.00,64,"Kevin Nuñez",100,"Kevin Vendedor",,,0,A_ABONO_ACTIVO,2026-03-30,abonos_creditos.fecha_pago,NO,"2026-04-10 09:52:21"
32781,24908,000-001-01-00039827,TECNOGLOBAL,0.00,0,,2026-03-30,"2026-03-31 16:08:55",1871.05,0.00,0,0.00,57,"Josue Cerritos",13,"Belinda Lopez",,,0,A_ABONO_ACTIVO,2026-03-30,abonos_creditos.fecha_pago,NO,"2026-03-31 16:08:55"
31543,24914,000-001-01-00039833,"INVERSIONES DIANA MAYOREO",0.00,0,,2026-03-30,"2026-04-11 10:42:07",24343.39,0.00,0,0.00,86,"Jose Luque Vendedor",14,"Sulay Pineda",,,0,A_ABONO_ACTIVO,2026-03-30,abonos_creditos.fecha_pago,NO,"2026-04-11 10:42:07"
31458,25000,000-001-01-00039919,"PLASTICOS CEIBEÑOS N.2",0.00,0,,2026-03-30,"2026-04-10 09:51:26",2949.75,0.00,0,0.00,64,"Kevin Nuñez",115,"Erling Peralta",,,0,A_ABONO_ACTIVO,2026-03-30,abonos_creditos.fecha_pago,NO,"2026-04-10 09:51:26"
31459,25001,000-001-01-00039920,"PLASTICOS CEIBEÑOS N.2",0.00,0,,2026-03-30,"2026-04-10 09:50:37",1278.43,0.00,0,0.00,64,"Kevin Nuñez",115,"Erling Peralta",,,0,A_ABONO_ACTIVO,2026-03-30,abonos_creditos.fecha_pago,NO,"2026-04-10 09:50:37"
31460,25004,000-001-01-00039923,"PLASTICOS CEIBEÑOS N.2",0.00,0,,2026-03-30,"2026-04-10 09:49:59",21160.00,0.00,0,0.00,64,"Kevin Nuñez",115,"Erling Peralta",,,0,A_ABONO_ACTIVO,2026-03-30,abonos_creditos.fecha_pago,NO,"2026-04-10 09:49:59"
31461,25015,000-001-01-00039934,"PLASTICOS CEIBEÑOS N.2",0.00,0,,2026-03-30,"2026-04-10 09:49:04",7584.36,0.00,0,0.00,64,"Kevin Nuñez",115,"Erling Peralta",,,0,A_ABONO_ACTIVO,2026-03-30,abonos_creditos.fecha_pago,NO,"2026-04-10 09:49:04"
33404,25151,000-001-01-00040070,"SERPROINT , S. DE R.L DE C.V.",0.00,0,,2026-03-30,"2026-03-31 12:08:33",30176.00,0.00,0,0.00,27,"Ana Pineda",24,OFICINA,,,0,A_ABONO_ACTIVO,2026-03-30,abonos_creditos.fecha_pago,SI,"2026-03-31 12:08:34"
33337,25165,000-001-01-00040084,"DISNA DE HONDURAS S.A DE C.V",0.00,0,,2026-03-30,"2026-04-15 10:59:32",539994.00,0.00,0,0.00,27,"Ana Pineda",24,OFICINA,,,0,A_ABONO_ACTIVO,2026-03-30,abonos_creditos.fecha_pago,SI,"2026-04-15 10:59:32"
31838,25286,000-001-01-00040205,"CREDITO EMPLEADOS",0.00,0,,2026-03-30,"2026-04-06 16:42:35",157.56,0.00,0,0.00,27,"Ana Pineda",24,OFICINA,,,0,A_ABONO_ACTIVO,2026-03-30,abonos_creditos.fecha_pago,SI,"2026-04-06 16:42:35"
31752,25323,000-001-01-00040242,"SUPER OFERTAS MADRID",0.00,0,,2026-03-30,"2026-04-10 09:36:28",7577.54,0.00,0,0.00,64,"Kevin Nuñez",115,"Erling Peralta",,,0,A_ABONO_ACTIVO,2026-03-30,abonos_creditos.fecha_pago,NO,"2026-04-10 09:36:28"
31753,25326,000-001-01-00040245,"SUPER OFERTAS MADRID",0.00,0,,2026-03-30,"2026-04-10 09:35:41",10096.11,0.00,0,0.00,64,"Kevin Nuñez",115,"Erling Peralta",,,0,A_ABONO_ACTIVO,2026-03-30,abonos_creditos.fecha_pago,NO,"2026-04-10 09:35:41"
31754,25327,000-001-01-00040246,"SUPER OFERTAS MADRID",0.00,0,,2026-03-30,"2026-04-10 09:35:05",807.30,0.00,0,0.00,64,"Kevin Nuñez",115,"Erling Peralta",,,0,A_ABONO_ACTIVO,2026-03-30,abonos_creditos.fecha_pago,NO,"2026-04-10 09:35:05"
31755,25328,000-001-01-00040247,"SUPER OFERTAS MADRID",0.00,0,,2026-03-30,"2026-04-10 09:33:59",2224.56,0.00,0,0.00,64,"Kevin Nuñez",115,"Erling Peralta",,,0,A_ABONO_ACTIVO,2026-03-30,abonos_creditos.fecha_pago,NO,"2026-04-10 09:33:59"
31756,25329,000-001-01-00040248,"SUPER OFERTAS MADRID",0.00,0,,2026-03-30,"2026-04-10 09:26:09",1818.38,0.00,0,0.00,64,"Kevin Nuñez",115,"Erling Peralta",,,0,A_ABONO_ACTIVO,2026-03-30,abonos_creditos.fecha_pago,NO,"2026-04-10 09:26:09"
32265,25413,000-001-01-00040332,"INVERSIONES TECNOLOGICAS CORPORATIVAS S. de R.L",0.00,0,,2026-03-30,"2026-04-10 10:01:39",21467.86,0.00,0,0.00,98,"Yimmy Funes",115,"Erling Peralta",,,0,A_ABONO_ACTIVO,2026-03-30,abonos_creditos.fecha_pago,NO,"2026-04-10 10:01:39"
32266,25466,000-001-01-00040385,"INVERSIONES TECNOLOGICAS CORPORATIVAS S. de R.L",0.00,0,,2026-03-30,"2026-04-10 09:59:00",2624.59,0.00,0,0.00,64,"Kevin Nuñez",115,"Erling Peralta",,,0,A_ABONO_ACTIVO,2026-03-30,abonos_creditos.fecha_pago,NO,"2026-04-10 09:59:00"
32292,25535,000-001-01-00040453,"PLASTICOS CEIBEÑOS N.2",0.00,0,,2026-03-30,"2026-04-18 10:36:40",1757.39,0.00,0,0.00,64,"Kevin Nuñez",115,"Erling Peralta",,,0,A_ABONO_ACTIVO,2026-03-30,abonos_creditos.fecha_pago,NO,"2026-04-18 10:36:40"
32293,25536,000-001-01-00040454,"PLASTICOS CEIBEÑOS N.2",0.00,0,,2026-03-30,"2026-04-10 09:47:18",5476.43,0.00,0,0.00,64,"Kevin Nuñez",115,"Erling Peralta",,,0,A_ABONO_ACTIVO,2026-03-30,abonos_creditos.fecha_pago,NO,"2026-04-10 09:47:18"
32294,25538,000-001-01-00040456,"PLASTICOS CEIBEÑOS N.2",0.00,0,,2026-03-30,"2026-04-10 09:45:59",6337.73,0.00,0,0.00,64,"Kevin Nuñez",115,"Erling Peralta",,,0,A_ABONO_ACTIVO,2026-03-30,abonos_creditos.fecha_pago,NO,"2026-04-10 09:45:59"
33162,25638,000-001-01-00040555,"INVERSIONES TECNOLOGICAS CORPORATIVAS S. de R.L",0.00,0,,2026-03-30,"2026-04-10 09:58:03",4746.45,0.00,0,0.00,64,"Kevin Nuñez",115,"Erling Peralta",,,0,A_ABONO_ACTIVO,2026-03-30,abonos_creditos.fecha_pago,NO,"2026-04-10 09:58:03"
33163,25671,000-001-01-00040588,"INVERSIONES TECNOLOGICAS CORPORATIVAS S. de R.L",0.00,0,,2026-03-30,"2026-04-10 09:57:24",3081.57,0.00,0,0.00,97,"Madelin Sierra",115,"Erling Peralta",,,0,A_ABONO_ACTIVO,2026-03-30,abonos_creditos.fecha_pago,NO,"2026-04-10 09:57:24"
32691,25745,000-001-01-00040662,DISFERRO,0.00,0,,2026-03-30,"2026-04-06 16:44:16",4264.20,0.00,0,0.00,89,"Jonathan Lopez",36,"Angel Villela",,,0,A_ABONO_ACTIVO,2026-03-30,abonos_creditos.fecha_pago,NO,"2026-04-06 16:44:16"
32692,25749,000-001-01-00040666,DISFERRO,0.00,0,,2026-03-30,"2026-04-06 16:45:17",1010.71,0.00,0,0.00,89,"Jonathan Lopez",36,"Angel Villela",,,0,A_ABONO_ACTIVO,2026-03-30,abonos_creditos.fecha_pago,NO,"2026-04-06 16:45:17"
33207,26237,000-001-01-00041153,"BANCO DE DESARROLLO RURAL HONDURAS S.A",0.00,0,,2026-03-30,"2026-04-14 14:38:58",113266.16,0.00,0,0.00,57,"Josue Cerritos",13,"Belinda Lopez",,,0,A_ABONO_ACTIVO,2026-03-30,abonos_creditos.fecha_pago,NO,"2026-04-14 14:38:58"
33690,26301,000-001-01-00041217,"BANCO DE DESARROLLO RURAL HONDURAS S.A",0.00,0,,2026-03-30,"2026-04-14 14:39:57",50829.08,0.00,0,0.00,13,"Belinda Lopez",13,"Belinda Lopez",,,0,A_ABONO_ACTIVO,2026-03-30,abonos_creditos.fecha_pago,NO,"2026-04-14 14:39:57"
33694,26411,000-001-01-00041327,"BANCO ATLANTIDA",0.00,0,,2026-03-30,"2026-04-14 16:42:16",241500.00,0.00,0,0.00,27,"Ana Pineda",36,"Angel Villela",,,0,A_ABONO_ACTIVO,2026-03-30,abonos_creditos.fecha_pago,SI,"2026-04-14 16:42:16"
33548,26450,000-001-01-00041366,"PROYECTO ALDEA GLOBAL",0.00,0,,2026-03-30,"2026-04-06 16:09:57",966.00,0.00,0,0.00,83,"Yosselin Palma",24,OFICINA,,,0,A_ABONO_ACTIVO,2026-03-30,abonos_creditos.fecha_pago,NO,"2026-04-06 16:09:57"
33490,26462,000-001-01-00041378,"CLIENTE GENERICO",0.00,0,,2026-03-30,"2026-04-06 16:41:24",27.02,0.00,0,0.00,57,"Josue Cerritos",24,OFICINA,,,0,A_ABONO_ACTIVO,2026-03-30,abonos_creditos.fecha_pago,NO,"2026-04-06 16:41:24"
33549,26479,000-001-01-00041395,ALCOTEQ,0.00,0,,2026-03-30,"2026-04-06 16:11:29",2698.45,0.00,0,0.00,57,"Josue Cerritos",24,OFICINA,,,0,A_ABONO_ACTIVO,2026-03-30,abonos_creditos.fecha_pago,NO,"2026-04-06 16:11:29"
33512,26487,000-001-01-00041403,"OUTSOURCING 504 S.A.",0.00,0,,2026-03-30,"2026-03-31 11:50:57",3266.23,0.00,0,0.00,97,"Madelin Sierra",24,OFICINA,,,0,A_ABONO_ACTIVO,2026-03-30,abonos_creditos.fecha_pago,NO,"2026-03-31 11:50:57"
33709,26488,000-001-01-00041404,"SP INVERSIONES MULTIPLES S DE R.L",0.00,0,,2026-03-30,"2026-04-30 10:28:56",2221.25,0.00,0,0.00,57,"Josue Cerritos",24,OFICINA,,,0,A_ABONO_ACTIVO,2026-03-30,abonos_creditos.fecha_pago,NO,"2026-04-30 10:28:56"
33495,26511,000-001-01-00041427,"PAPELERIA HONDURAS",0.00,0,,2026-03-30,"2026-03-31 12:17:53",14662.50,0.00,0,0.00,83,"Yosselin Palma",24,OFICINA,,,0,A_ABONO_ACTIVO,2026-03-30,abonos_creditos.fecha_pago,NO,"2026-03-31 12:17:53"
29059,22896,000-001-01-00037824,"INDELCO S DE RL",0.00,0,,2026-03-31,"2026-04-11 11:01:42",68655.00,0.00,0,0.00,64,"Kevin Nuñez",14,"Sulay Pineda",,,0,A_ABONO_ACTIVO,2026-03-31,abonos_creditos.fecha_pago,NO,"2026-04-11 11:01:42"
30560,24030,000-001-01-00038958,"PAPELERIA LA PROFE",0.00,0,,2026-03-31,"2026-04-11 09:16:24",42275.39,0.00,0,0.00,27,"Ana Pineda",14,"Sulay Pineda",,,0,A_ABONO_ACTIVO,2026-03-31,abonos_creditos.fecha_pago,SI,"2026-04-11 09:16:24"
31386,25016,000-001-01-00039935,"LECHE Y DERIVADOS S.A ( LEYDE)",0.00,0,,2026-03-31,"2026-04-10 10:47:53",5807.50,0.00,0,0.00,64,"Kevin Nuñez",115,"Erling Peralta",,,0,A_ABONO_ACTIVO,2026-03-31,abonos_creditos.fecha_pago,NO,"2026-04-10 10:47:53"
31700,25103,000-001-01-00040022,"LIBRERIA Y PAPELERIA DON QUIJOTE",0.00,0,,2026-03-31,"2026-04-11 13:20:43",6258.30,0.00,0,0.00,98,"Yimmy Funes",65,"Jessy Alvarado",,,0,A_ABONO_ACTIVO,2026-03-31,abonos_creditos.fecha_pago,NO,"2026-04-11 13:20:43"
31827,25231,000-001-01-00040150,"CREDITO EMPLEADOS",0.00,0,,2026-03-31,"2026-04-09 16:35:26",520.08,0.00,0,0.00,27,"Ana Pineda",24,OFICINA,,,0,A_ABONO_ACTIVO,2026-03-31,abonos_creditos.fecha_pago,SI,"2026-04-09 16:35:26"
31833,25240,000-001-01-00040159,"CREDITO EMPLEADOS",0.00,0,,2026-03-31,"2026-04-09 16:36:11",307.91,0.00,0,0.00,57,"Josue Cerritos",24,OFICINA,,,0,A_ABONO_ACTIVO,2026-03-31,abonos_creditos.fecha_pago,NO,"2026-04-09 16:36:11"
33458,25421,000-001-01-00040340,"LECHE Y DERIVADOS S.A ( LEYDE)",0.00,0,,2026-03-31,"2026-04-10 10:47:16",43125.00,0.00,0,0.00,64,"Kevin Nuñez",115,"Erling Peralta",,,0,A_ABONO_ACTIVO,2026-03-31,abonos_creditos.fecha_pago,NO,"2026-04-10 10:47:16"
32165,25433,000-001-01-00040352,"LIBRERIA Y PAPELERIA DON QUIJOTE",0.00,0,,2026-03-31,"2026-04-11 13:23:08",110170.00,0.00,0,0.00,98,"Yimmy Funes",65,"Jessy Alvarado",,,0,A_ABONO_ACTIVO,2026-03-31,abonos_creditos.fecha_pago,NO,"2026-04-11 13:23:08"
32163,25436,000-001-01-00040355,"VARIEDADES Y PAPELERIA LA TECNOLOGICA",0.00,0,,2026-03-31,"2026-04-11 12:02:08",6095.00,0.00,0,0.00,98,"Yimmy Funes",65,"Jessy Alvarado",,,0,A_ABONO_ACTIVO,2026-03-31,abonos_creditos.fecha_pago,NO,"2026-04-11 12:02:08"
32491,25578,000-001-01-00040495,"SUPERMERCADO LA COLONIA S.A. DE C.V.",0.00,0,,2026-03-31,"2026-04-06 15:59:12",125796.20,0.00,0,0.00,89,"Jonathan Lopez",36,"Angel Villela",,,0,A_ABONO_ACTIVO,2026-03-31,abonos_creditos.fecha_pago,NO,"2026-04-06 15:59:12"
32936,25655,000-001-01-00040572,"INVERSIONES FER KAR S. DE R.L. DE C.V",0.00,0,,2026-03-31,"2026-04-06 16:06:21",16295.00,0.00,0,55695.00,27,"Ana Pineda",24,OFICINA,,,0,A_ABONO_ACTIVO,2026-03-31,abonos_creditos.fecha_pago,SI,"2026-04-06 16:06:21"
32617,25656,000-001-01-00040573,"COPICENTRO DIANA",0.00,0,,2026-03-31,"2026-04-11 11:27:56",35075.00,0.00,0,0.00,86,"Jose Luque Vendedor",14,"Sulay Pineda",,,0,A_ABONO_ACTIVO,2026-03-31,abonos_creditos.fecha_pago,NO,"2026-04-11 11:27:56"
32789,25822,000-001-01-00040738,"LIBRERIA Y PAPELERIA DON QUIJOTE",0.00,0,,2026-03-31,"2026-04-11 13:24:13",562.94,0.00,0,0.00,64,"Kevin Nuñez",65,"Jessy Alvarado",,,0,A_ABONO_ACTIVO,2026-03-31,abonos_creditos.fecha_pago,NO,"2026-04-11 13:24:13"
32790,25860,000-001-01-00040776,"LIBRERIA Y PAPELERIA DON QUIJOTE",0.00,0,,2026-03-31,"2026-04-11 13:25:09",5846.92,0.00,0,0.00,64,"Kevin Nuñez",65,"Jessy Alvarado",,,0,A_ABONO_ACTIVO,2026-03-31,abonos_creditos.fecha_pago,NO,"2026-04-11 13:25:09"
32978,25957,000-001-01-00040873,"BANCO ATLANTIDA",0.00,0,,2026-03-31,"2026-04-23 11:16:22",241500.00,0.00,0,0.00,89,"Jonathan Lopez",36,"Angel Villela",,,0,A_ABONO_ACTIVO,2026-03-31,abonos_creditos.fecha_pago,NO,"2026-04-23 11:16:22"
33223,26113,000-001-01-00041029,"PLASTICOS CEIBEÑOS",0.00,0,,2026-03-31,"2026-04-10 08:25:15",2702.73,0.00,0,0.00,64,"Kevin Nuñez",115,"Erling Peralta",,,0,A_ABONO_ACTIVO,2026-03-31,abonos_creditos.fecha_pago,NO,"2026-04-10 08:25:15"
33224,26117,000-001-01-00041033,"PLASTICOS CEIBEÑOS",0.00,0,,2026-03-31,"2026-04-10 08:25:50",4006.69,0.00,0,0.00,64,"Kevin Nuñez",115,"Erling Peralta",,,0,A_ABONO_ACTIVO,2026-03-31,abonos_creditos.fecha_pago,NO,"2026-04-10 08:25:50"
33346,26148,000-001-01-00041064,"LIBRERIA Y PAPELERIA DON QUIJOTE",0.00,0,,2026-03-31,"2026-04-11 13:26:13",7624.50,0.00,0,0.00,57,"Josue Cerritos",65,"Jessy Alvarado",,,0,A_ABONO_ACTIVO,2026-03-31,abonos_creditos.fecha_pago,NO,"2026-04-11 13:26:13"
33098,26171,000-001-01-00041087,"DISTRIBUIDORA DE PRODUCTOS VARIADOS ¨DIPROVA¨",0.00,0,,2026-03-31,"2026-04-10 10:27:45",15765.12,0.00,0,0.00,64,"Kevin Nuñez",115,"Erling Peralta",,,0,A_ABONO_ACTIVO,2026-03-31,abonos_creditos.fecha_pago,NO,"2026-04-10 10:27:45"
33636,26428,000-001-01-00041344,"INVERSIONES P & P S. DE R.L.",0.00,0,,2026-03-31,"2026-04-11 12:55:44",938.31,0.00,0,0.00,27,"Ana Pineda",14,"Sulay Pineda",,,0,A_ABONO_ACTIVO,2026-03-31,abonos_creditos.fecha_pago,SI,"2026-04-11 12:55:44"
33550,26482,000-001-01-00041398,"SERVICIOS TECNICOS Y SUMINISTROS",0.00,0,,2026-03-31,"2026-04-06 16:12:43",764.75,0.00,0,0.00,83,"Yosselin Palma",24,OFICINA,,,0,A_ABONO_ACTIVO,2026-03-31,abonos_creditos.fecha_pago,NO,"2026-04-06 16:12:43"
33493,26489,000-001-01-00041405,"CLIENTE GENERICO",0.00,0,,2026-03-31,"2026-04-06 16:54:17",480.06,0.00,0,0.00,57,"Josue Cerritos",24,OFICINA,,,0,A_ABONO_ACTIVO,2026-03-31,abonos_creditos.fecha_pago,NO,"2026-04-06 16:54:17"
33484,26490,000-001-01-00041406,"CLIENTE GENÉRICO-",0.00,0,,2026-03-31,"2026-04-07 17:02:07",69.00,0.00,0,0.00,86,"Jose Luque Vendedor",24,OFICINA,,,0,A_ABONO_ACTIVO,2026-03-31,abonos_creditos.fecha_pago,NO,"2026-04-07 17:02:07"
33518,26512,000-001-01-00041428,TECNOGLOBAL,0.00,0,,2026-03-31,"2026-03-31 16:14:35",2955.44,0.00,0,0.00,86,"Jose Luque Vendedor",13,"Belinda Lopez",,,0,A_ABONO_ACTIVO,2026-03-31,abonos_creditos.fecha_pago,NO,"2026-03-31 16:14:35"
33552,26522,000-001-01-00041438,"MULTISERVICIOS SALOME",0.00,0,,2026-03-31,"2026-04-06 16:49:34",759.00,0.00,0,0.00,86,"Jose Luque Vendedor",24,OFICINA,,,0,A_ABONO_ACTIVO,2026-03-31,abonos_creditos.fecha_pago,NO,"2026-04-06 16:49:34"
33553,26525,000-001-01-00041441,"COMERCIAL REYES",0.00,0,,2026-03-31,"2026-04-06 16:55:12",759.00,0.00,0,0.00,97,"Madelin Sierra",24,OFICINA,,,0,A_ABONO_ACTIVO,2026-03-31,abonos_creditos.fecha_pago,NO,"2026-04-06 16:55:12"
30546,23785,000-001-01-00038713,"TECHNOS DESIGN COMPUTADORAS SA DE CV",0.00,0,,2026-04-01,"2026-04-10 11:02:26",17250.00,0.00,0,0.00,64,"Kevin Nuñez",24,OFICINA,,,0,A_ABONO_ACTIVO,2026-04-01,abonos_creditos.fecha_pago,NO,"2026-04-10 11:02:26"
33513,25866,000-001-01-00040782,"DISTRIBUIDORA DHARA",0.00,0,,2026-04-01,"2026-04-15 17:04:41",16675.00,0.00,0,0.00,57,"Josue Cerritos",24,OFICINA,,,0,A_ABONO_ACTIVO,2026-04-01,abonos_creditos.fecha_pago,NO,"2026-04-15 17:04:41"
31157,24841,000-001-01-00039761,ATEXA,0.00,0,,2026-04-02,"2026-04-24 16:37:01",110400.00,0.00,0,0.00,57,"Josue Cerritos",13,"Belinda Lopez",,,0,A_ABONO_ACTIVO,2026-04-02,abonos_creditos.fecha_pago,NO,"2026-04-24 16:37:01"
31711,25355,000-001-01-00040274,"HECTOR S OFFICE",0.00,0,,2026-04-05,"2026-04-10 11:15:28",2967.00,0.00,0,0.00,64,"Kevin Nuñez",115,"Erling Peralta",,,0,A_ABONO_ACTIVO,2026-04-05,abonos_creditos.fecha_pago,NO,"2026-04-10 11:15:28"
31712,25358,000-001-01-00040277,"HECTOR S OFFICE",0.00,0,,2026-04-05,"2026-04-10 11:15:59",835.62,0.00,0,0.00,64,"Kevin Nuñez",115,"Erling Peralta",,,0,A_ABONO_ACTIVO,2026-04-05,abonos_creditos.fecha_pago,NO,"2026-04-10 11:15:59"
33212,26016,000-001-01-00040932,"COPIAS Y MAS  ZABDI",0.00,0,,2026-04-05,"2026-04-10 15:59:03",7429.00,0.00,0,0.00,57,"Josue Cerritos",87,"Mauricio Zavala",,,0,A_ABONO_ACTIVO,2026-04-05,abonos_creditos.fecha_pago,NO,"2026-04-10 15:59:03"
30169,23467,000-001-01-00038395,"EMBOTELLADORA LA REYNA S.A",0.00,0,,2026-04-06,"2026-05-05 09:07:23",28520.00,0.00,0,0.00,88,"Camila Pineda",13,"Belinda Lopez",,,0,A_ABONO_ACTIVO,2026-04-06,abonos_creditos.fecha_pago,NO,"2026-05-05 09:07:23"
30765,23701,000-001-01-00038629,"ENSUEÑOS DE ESMERALDA",0.00,0,,2026-04-06,"2026-04-10 15:28:24",47642.37,2515.86,0,0.00,89,"Jonathan Lopez",80,"Jose Zambrano",,,0,A_ABONO_ACTIVO,2026-04-06,abonos_creditos.fecha_pago,NO,"2026-04-10 15:28:24"
30561,24031,000-001-01-00038959,"PAPELERIA LA PROFE",0.00,0,,2026-04-06,"2026-04-11 09:26:11",217491.26,0.00,0,0.00,27,"Ana Pineda",14,"Sulay Pineda",,,0,A_ABONO_ACTIVO,2026-04-06,abonos_creditos.fecha_pago,SI,"2026-04-11 09:26:11"
30716,24335,000-001-01-00039263,"COMERCIAL NAZARETH",0.00,0,,2026-04-06,"2026-04-07 15:43:53",309580.00,0.00,0,0.00,64,"Kevin Nuñez",4,"Roy Zelaya",,,0,A_ABONO_ACTIVO,2026-04-06,abonos_creditos.fecha_pago,NO,"2026-04-07 15:43:53"
30627,24415,000-001-01-00039341,"MERCADITO EL ROSQUILLERO",0.00,0,,2026-04-06,"2026-04-16 10:52:11",13495.04,0.00,0,0.00,64,"Kevin Nuñez",14,"Sulay Pineda",,,0,A_ABONO_ACTIVO,2026-04-06,abonos_creditos.fecha_pago,NO,"2026-04-16 10:52:11"
31694,24890,000-001-01-00039810,"CORPORACION INDUSTRIAL RIVERA S. DE R.L DE C.V",0.00,0,,2026-04-06,"2026-04-16 15:13:47",10902.00,0.00,0,0.00,27,"Ana Pineda",24,OFICINA,,,0,A_ABONO_ACTIVO,2026-04-06,abonos_creditos.fecha_pago,SI,"2026-04-16 15:13:47"
31846,25376,000-001-01-00040295,"CREDITO EMPLEADOS",0.00,0,,2026-04-06,"2026-04-15 12:14:44",405.74,0.00,0,0.00,27,"Ana Pineda",24,OFICINA,,,0,A_ABONO_ACTIVO,2026-04-06,abonos_creditos.fecha_pago,SI,"2026-04-15 12:14:44"
32697,25386,000-001-01-00040305,"INTERNET JOSADEL",0.00,0,,2026-04-06,"2026-04-16 10:33:44",3140.57,0.00,0,0.00,86,"Jose Luque Vendedor",14,"Sulay Pineda",,,0,A_ABONO_ACTIVO,2026-04-06,abonos_creditos.fecha_pago,NO,"2026-04-16 10:33:44"
32327,25515,000-001-01-00040434,"CREDITO EMPLEADOS",0.00,0,,2026-04-06,"2026-04-15 12:14:00",395.15,0.00,0,0.00,27,"Ana Pineda",24,OFICINA,,,0,A_ABONO_ACTIVO,2026-04-06,abonos_creditos.fecha_pago,SI,"2026-04-15 12:14:00"
32228,25546,000-001-01-00040464,"ENSUEÑOS DE ESMERALDA",0.00,0,,2026-04-06,"2026-04-10 15:29:52",1259.93,0.00,0,0.00,97,"Madelin Sierra",120,"CHRISTIAN ESTRADA",,,0,A_ABONO_ACTIVO,2026-04-06,abonos_creditos.fecha_pago,NO,"2026-04-10 15:29:52"
32503,25561,000-001-01-00040478,"EDITORIAL TORRES LAZO",0.00,0,,2026-04-06,"2026-05-05 09:11:08",6808.00,0.00,0,0.00,57,"Josue Cerritos",13,"Belinda Lopez",,,0,A_ABONO_ACTIVO,2026-04-06,abonos_creditos.fecha_pago,NO,"2026-05-05 09:11:08"
32438,25567,000-001-01-00040484,"ENSUEÑOS DE ESMERALDA",0.00,0,,2026-04-06,"2026-04-10 15:29:10",387.23,0.00,0,0.00,97,"Madelin Sierra",120,"CHRISTIAN ESTRADA",,,0,A_ABONO_ACTIVO,2026-04-06,abonos_creditos.fecha_pago,NO,"2026-04-10 15:29:10"
32439,25579,000-001-01-00040496,"ENSUEÑOS DE ESMERALDA",0.00,0,,2026-04-06,"2026-04-10 15:30:34",4042.53,0.00,0,0.00,97,"Madelin Sierra",120,"CHRISTIAN ESTRADA",,,0,A_ABONO_ACTIVO,2026-04-06,abonos_creditos.fecha_pago,NO,"2026-04-10 15:30:34"
32440,25628,000-001-01-00040545,"ENSUEÑOS DE ESMERALDA",0.00,0,,2026-04-06,"2026-04-10 15:31:18",371.09,0.00,0,0.00,97,"Madelin Sierra",120,"CHRISTIAN ESTRADA",,,0,A_ABONO_ACTIVO,2026-04-06,abonos_creditos.fecha_pago,NO,"2026-04-10 15:31:18"
32441,25633,000-001-01-00040550,"ENSUEÑOS DE ESMERALDA",0.00,0,,2026-04-06,"2026-04-10 15:31:49",601.66,0.00,0,0.00,97,"Madelin Sierra",120,"CHRISTIAN ESTRADA",,,0,A_ABONO_ACTIVO,2026-04-06,abonos_creditos.fecha_pago,NO,"2026-04-10 15:31:49"
32504,25759,000-001-01-00040676,"EDITORIAL TORRES LAZO",0.00,0,,2026-04-06,"2026-05-05 09:10:49",8510.00,0.00,0,0.00,57,"Josue Cerritos",13,"Belinda Lopez",,,0,A_ABONO_ACTIVO,2026-04-06,abonos_creditos.fecha_pago,NO,"2026-05-05 09:10:49"
32605,25773,000-001-01-00040690,"CORPORACION INDUSTRIAL RIVERA S. DE R.L DE C.V",0.00,0,,2026-04-06,"2026-05-05 14:41:18",10902.00,0.00,0,0.00,57,"Josue Cerritos",24,OFICINA,,,0,A_ABONO_ACTIVO,2026-04-06,abonos_creditos.fecha_pago,NO,"2026-05-05 14:41:18"
32655,25854,000-001-01-00040770,"CREDITO EMPLEADOS",0.00,0,,2026-04-06,"2026-04-15 11:52:35",31.56,0.00,0,0.00,57,"Josue Cerritos",24,OFICINA,,,0,A_ABONO_ACTIVO,2026-04-06,abonos_creditos.fecha_pago,NO,"2026-04-15 11:52:35"
32961,25909,000-001-01-00040825,"EDITORIAL TORRES LAZO",0.00,0,,2026-04-06,"2026-05-05 09:10:30",10212.00,0.00,0,0.00,57,"Josue Cerritos",13,"Belinda Lopez",,,0,A_ABONO_ACTIVO,2026-04-06,abonos_creditos.fecha_pago,NO,"2026-05-05 09:10:30"
32696,25910,000-001-01-00040826,"A Z COMERCIAL",0.00,0,,2026-04-06,"2026-04-30 09:41:53",4002.00,0.00,0,0.00,57,"Josue Cerritos",24,OFICINA,,,0,A_ABONO_ACTIVO,2026-04-06,abonos_creditos.fecha_pago,NO,"2026-04-30 09:41:53"
33053,25929,000-001-01-00040845,MARVE,0.00,0,,2026-04-06,"2026-04-30 09:40:44",5060.00,0.00,0,0.00,27,"Ana Pineda",24,OFICINA,,,0,A_ABONO_ACTIVO,2026-04-06,abonos_creditos.fecha_pago,SI,"2026-04-30 09:40:44"
32738,25939,000-001-01-00040855,"COMERCIAL NAZARETH",0.00,0,,2026-04-06,"2026-04-15 15:55:45",10336.20,0.00,0,0.00,97,"Madelin Sierra",4,"Roy Zelaya",,,0,A_ABONO_ACTIVO,2026-04-06,abonos_creditos.fecha_pago,NO,"2026-04-15 15:55:45"
32880,25959,000-001-01-00040875,"CREDITO EMPLEADOS",0.00,0,,2026-04-06,"2026-04-15 11:49:43",47.20,0.00,0,0.00,27,"Ana Pineda",24,OFICINA,,,0,A_ABONO_ACTIVO,2026-04-06,abonos_creditos.fecha_pago,SI,"2026-04-15 11:49:43"
32881,25981,000-001-01-00040897,"CREDITO EMPLEADOS",0.00,0,,2026-04-06,"2026-04-15 12:15:45",380.18,0.00,0,0.00,27,"Ana Pineda",24,OFICINA,,,0,A_ABONO_ACTIVO,2026-04-06,abonos_creditos.fecha_pago,SI,"2026-04-15 12:15:45"
33120,26195,000-001-01-00041111,"CREDITO EMPLEADOS",0.00,0,,2026-04-06,"2026-04-16 14:05:42",7261.93,0.00,0,0.00,57,"Josue Cerritos",24,OFICINA,,,0,A_ABONO_ACTIVO,2026-04-06,abonos_creditos.fecha_pago,NO,"2026-04-16 14:05:42"
33365,26371,000-001-01-00041287,"INVERSIONES MULTIPLES VILLALVIR PINEDA",0.00,0,,2026-04-06,"2026-04-10 10:54:23",1208.86,0.00,0,0.00,64,"Kevin Nuñez",115,"Erling Peralta",,,0,A_ABONO_ACTIVO,2026-04-06,abonos_creditos.fecha_pago,NO,"2026-04-10 10:54:23"
33575,26432,000-001-01-00041348,"FERRETERIA RAMOS",0.00,0,,2026-04-06,"2026-04-07 16:34:02",6331.44,0.00,0,0.00,86,"Jose Luque Vendedor",14,"Sulay Pineda",,,0,A_ABONO_ACTIVO,2026-04-06,abonos_creditos.fecha_pago,NO,"2026-04-07 16:34:02"
33669,26442,000-001-01-00041358,"COPY Y MAS",0.00,0,,2026-04-06,"2026-04-15 11:45:28",12525.04,0.00,0,0.00,86,"Jose Luque Vendedor",14,"Sulay Pineda",,,0,A_ABONO_ACTIVO,2026-04-06,abonos_creditos.fecha_pago,NO,"2026-04-15 11:45:28"
33522,26444,000-001-01-00041360,"PULPERIA DAYANNA",0.00,0,,2026-04-06,"2026-04-15 11:27:42",1462.16,0.00,0,0.00,86,"Jose Luque Vendedor",14,"Sulay Pineda",,,0,A_ABONO_ACTIVO,2026-04-06,abonos_creditos.fecha_pago,NO,"2026-04-15 11:27:42"
33523,26445,000-001-01-00041361,"PULPERIA DAYANNA",0.00,0,,2026-04-06,"2026-04-15 11:31:47",131.87,0.00,0,0.00,86,"Jose Luque Vendedor",14,"Sulay Pineda",,,0,A_ABONO_ACTIVO,2026-04-06,abonos_creditos.fecha_pago,NO,"2026-04-15 11:31:47"
33576,26446,000-001-01-00041362,"FERRETERIA RAMOS",0.00,0,,2026-04-06,"2026-04-07 16:35:17",6408.72,0.00,0,0.00,86,"Jose Luque Vendedor",14,"Sulay Pineda",,,0,A_ABONO_ACTIVO,2026-04-06,abonos_creditos.fecha_pago,NO,"2026-04-07 16:35:17"
33635,26449,000-001-01-00041365,"INVERSIONES OFIMUNDO",0.00,0,,2026-04-06,"2026-04-15 16:00:06",2646.33,0.00,0,0.00,86,"Jose Luque Vendedor",14,"Sulay Pineda",,,0,A_ABONO_ACTIVO,2026-04-06,abonos_creditos.fecha_pago,NO,"2026-04-15 16:00:06"
33670,26472,000-001-01-00041388,"COPY Y MAS",0.00,0,,2026-04-06,"2026-04-15 11:43:25",871.70,0.00,0,0.00,86,"Jose Luque Vendedor",14,"Sulay Pineda",,,0,A_ABONO_ACTIVO,2026-04-06,abonos_creditos.fecha_pago,NO,"2026-04-15 11:43:25"
33485,26491,000-001-01-00041407,"CLIENTE GENÉRICO-",0.00,0,,2026-04-06,"2026-04-15 11:38:16",75.90,0.00,0,0.00,86,"Jose Luque Vendedor",24,OFICINA,,,0,A_ABONO_ACTIVO,2026-04-06,abonos_creditos.fecha_pago,NO,"2026-04-15 11:38:16"
33615,26523,000-001-01-00041439,"YESSENIA PATRICIA GARCIA PINEDA",0.00,0,,2026-04-06,"2026-04-09 16:31:03",574.07,0.00,0,0.00,86,"Jose Luque Vendedor",14,"Sulay Pineda",,,0,A_ABONO_ACTIVO,2026-04-06,abonos_creditos.fecha_pago,NO,"2026-04-09 16:31:03"
33581,26524,000-001-01-00041440,"GRAPHICS JKS",0.00,0,,2026-04-06,"2026-04-09 16:33:58",798.21,0.00,0,0.00,86,"Jose Luque Vendedor",14,"Sulay Pineda",,,0,A_ABONO_ACTIVO,2026-04-06,abonos_creditos.fecha_pago,NO,"2026-04-09 16:33:58"
33567,26567,000-001-01-00041483,"PAPELERIA HONDURAS",0.00,0,,2026-04-06,"2026-04-10 09:39:19",2063.45,0.00,0,0.00,83,"Yosselin Palma",24,OFICINA,,,0,A_ABONO_ACTIVO,2026-04-06,abonos_creditos.fecha_pago,NO,"2026-04-10 09:39:19"
31110,24729,000-001-01-00039651,"HECTOR S OFFICE",0.00,0,,2026-04-07,"2026-04-10 11:17:06",17537.50,0.00,0,0.00,64,"Kevin Nuñez",100,"Kevin Vendedor",,,0,A_ABONO_ACTIVO,2026-04-07,abonos_creditos.fecha_pago,NO,"2026-04-10 11:17:06"
32241,25185,000-001-01-00040104,"LIBRERIA FERNANDO",0.00,0,,2026-04-07,"2026-04-25 09:09:56",7364.16,0.00,0,0.00,97,"Madelin Sierra",4,"Roy Zelaya",,,0,A_ABONO_ACTIVO,2026-04-07,abonos_creditos.fecha_pago,NO,"2026-04-25 09:09:56"
32242,25199,000-001-01-00040118,"LIBRERIA FERNANDO",0.00,0,,2026-04-07,"2026-04-25 09:08:52",32614.19,0.00,0,0.00,97,"Madelin Sierra",4,"Roy Zelaya",,,0,A_ABONO_ACTIVO,2026-04-07,abonos_creditos.fecha_pago,NO,"2026-04-25 09:08:52"
32243,25225,000-001-01-00040144,"LIBRERIA FERNANDO",0.00,0,,2026-04-07,"2026-04-25 09:13:46",16237.59,237.50,0,0.00,97,"Madelin Sierra",4,"Roy Zelaya",,,0,A_ABONO_ACTIVO,2026-04-07,abonos_creditos.fecha_pago,NO,"2026-04-25 09:13:46"
32244,25227,000-001-01-00040146,"LIBRERIA FERNANDO",0.00,0,,2026-04-07,"2026-04-25 09:10:45",41242.88,0.00,0,0.00,97,"Madelin Sierra",4,"Roy Zelaya",,,0,A_ABONO_ACTIVO,2026-04-07,abonos_creditos.fecha_pago,NO,"2026-04-25 09:10:45"
32245,25251,000-001-01-00040170,"LIBRERIA FERNANDO",0.00,0,,2026-04-07,"2026-04-25 09:11:53",34446.12,0.00,0,0.00,97,"Madelin Sierra",4,"Roy Zelaya",,,0,A_ABONO_ACTIVO,2026-04-07,abonos_creditos.fecha_pago,NO,"2026-04-25 09:11:53"
32246,25275,000-001-01-00040194,"LIBRERIA FERNANDO",0.00,0,,2026-04-07,"2026-04-25 09:12:45",16801.80,0.00,0,0.00,97,"Madelin Sierra",4,"Roy Zelaya",,,0,A_ABONO_ACTIVO,2026-04-07,abonos_creditos.fecha_pago,NO,"2026-04-25 09:12:45"
33146,25944,000-001-01-00040860,"BORMAC S S. DE R.L.",0.00,0,,2026-04-07,"2026-04-10 11:11:04",4164.15,0.00,0,0.00,64,"Kevin Nuñez",115,"Erling Peralta",,,0,A_ABONO_ACTIVO,2026-04-07,abonos_creditos.fecha_pago,NO,"2026-04-10 11:11:04"
33147,25971,000-001-01-00040887,"BORMAC S S. DE R.L.",0.00,0,,2026-04-07,"2026-04-10 11:10:30",1670.14,0.00,0,0.00,64,"Kevin Nuñez",115,"Erling Peralta",,,0,A_ABONO_ACTIVO,2026-04-07,abonos_creditos.fecha_pago,NO,"2026-04-10 11:10:30"
33546,26555,000-001-01-00041471,"CLIENTE GENERICO",0.00,0,,2026-04-07,"2026-04-15 12:58:35",350.75,0.00,0,0.00,57,"Josue Cerritos",24,OFICINA,,,0,A_ABONO_ACTIVO,2026-04-07,abonos_creditos.fecha_pago,NO,"2026-04-15 12:58:35"
33737,26564,000-001-01-00041480,"LEONEL ARTURO ARITA",0.00,0,,2026-04-07,"2026-04-15 14:07:48",1909.00,0.00,0,0.00,57,"Josue Cerritos",24,OFICINA,,,0,A_ABONO_ACTIVO,2026-04-07,abonos_creditos.fecha_pago,NO,"2026-04-15 14:07:48"
33762,26572,000-001-01-00041488,"CENTRAL AMERICA TRADING",0.00,0,,2026-04-07,"2026-04-15 15:43:31",1955.00,0.00,0,0.00,97,"Madelin Sierra",24,OFICINA,,,0,A_ABONO_ACTIVO,2026-04-07,abonos_creditos.fecha_pago,NO,"2026-04-15 15:43:31"
33616,26574,000-001-01-00041490,"INVERSIONES ALONZO S DE R.L DE C.V",0.00,0,,2026-04-07,"2026-04-15 11:46:51",5075.09,0.00,0,0.00,83,"Yosselin Palma",24,OFICINA,,,0,A_ABONO_ACTIVO,2026-04-07,abonos_creditos.fecha_pago,NO,"2026-04-15 11:46:51"
33740,26589,000-001-01-00041505,"HOME-PHARMA S DE R.L",0.00,0,,2026-04-07,"2026-04-15 14:20:43",2347.84,0.00,0,0.00,97,"Madelin Sierra",24,OFICINA,,,0,A_ABONO_ACTIVO,2026-04-07,abonos_creditos.fecha_pago,NO,"2026-04-15 14:20:43"
34094,25814,000-001-01-00040730,"SOTO COMERCIAL",0.00,0,,2026-04-08,"2026-05-05 09:23:20",16814.47,0.00,0,0.00,57,"Josue Cerritos",24,OFICINA,,,0,A_ABONO_ACTIVO,2026-04-08,abonos_creditos.fecha_pago,NO,"2026-05-05 09:23:20"
33543,25908,000-001-01-00040824,"LA CASA DE LAS OFERTAS Nº2",0.00,0,,2026-04-08,"2026-04-16 14:10:04",3144.67,0.00,0,0.00,64,"Kevin Nuñez",65,"Jessy Alvarado",,,0,A_ABONO_ACTIVO,2026-04-08,abonos_creditos.fecha_pago,NO,"2026-04-16 14:10:04"
33196,26216,000-001-01-00041132,"LIBRERIA Y PAPELERIA  C Y M",0.00,0,,2026-04-08,"2026-04-15 16:17:09",6842.50,0.00,0,0.00,57,"Josue Cerritos",13,"Belinda Lopez",,,0,A_ABONO_ACTIVO,2026-04-08,abonos_creditos.fecha_pago,NO,"2026-04-15 16:17:09"
33197,26255,000-001-01-00041171,"LIBRERIA Y PAPELERIA  C Y M",0.00,0,,2026-04-08,"2026-04-15 16:15:43",3909.82,0.00,0,0.00,57,"Josue Cerritos",13,"Belinda Lopez",,,0,A_ABONO_ACTIVO,2026-04-08,abonos_creditos.fecha_pago,NO,"2026-04-15 16:15:43"
34091,26481,000-001-01-00041397,"CAR WASH KUWAIT / RAUL ESTANISLAO GIRON ROMERO",0.00,0,,2026-04-08,"2026-05-05 09:19:25",25000.00,0.00,0,0.00,27,"Ana Pineda",24,OFICINA,,,0,A_ABONO_ACTIVO,2026-04-08,abonos_creditos.fecha_pago,SI,"2026-05-05 09:19:25"
33583,26521,000-001-01-00041437,"SCHOOL SUPPLIES",0.00,0,,2026-04-08,"2026-04-10 11:25:31",8174.65,0.00,0,0.00,86,"Jose Luque Vendedor",115,"Erling Peralta",,,0,A_ABONO_ACTIVO,2026-04-08,abonos_creditos.fecha_pago,NO,"2026-04-10 11:25:31"
33584,26526,000-001-01-00041442,"SCHOOL SUPPLIES",0.00,0,,2026-04-08,"2026-04-10 11:26:10",5207.63,0.00,0,0.00,86,"Jose Luque Vendedor",115,"Erling Peralta",,,0,A_ABONO_ACTIVO,2026-04-08,abonos_creditos.fecha_pago,NO,"2026-04-10 11:26:10"
33629,26557,000-001-01-00041473,"INDUSTRIAS MAGAÑA S. DE R. L.",0.00,0,,2026-04-08,"2026-04-10 15:56:27",644.00,0.00,0,0.00,86,"Jose Luque Vendedor",87,"Mauricio Zavala",,,0,A_ABONO_ACTIVO,2026-04-08,abonos_creditos.fecha_pago,NO,"2026-04-10 15:56:27"
33621,26559,000-001-01-00041475,"INVERSIONES GATO S DE R.L  DE C.V (SCHOOL BOX)",0.00,0,,2026-04-08,"2026-04-10 11:32:07",683.10,0.00,0,0.00,86,"Jose Luque Vendedor",115,"Erling Peralta",,,0,A_ABONO_ACTIVO,2026-04-08,abonos_creditos.fecha_pago,NO,"2026-04-10 11:32:07"
33622,26560,000-001-01-00041476,"INVERSIONES GATO S DE R.L  DE C.V (SCHOOL BOX)",0.00,0,,2026-04-08,"2026-04-10 11:33:06",2278.17,0.00,0,0.00,86,"Jose Luque Vendedor",115,"Erling Peralta",,,0,A_ABONO_ACTIVO,2026-04-08,abonos_creditos.fecha_pago,NO,"2026-04-10 11:33:06"
33623,26563,000-001-01-00041479,"INVERSIONES GATO S DE R.L  DE C.V (SCHOOL BOX)",0.00,0,,2026-04-08,"2026-04-10 11:34:47",7307.08,0.00,0,0.00,86,"Jose Luque Vendedor",115,"Erling Peralta",,,0,A_ABONO_ACTIVO,2026-04-08,abonos_creditos.fecha_pago,NO,"2026-04-10 11:34:47"
33624,26565,000-001-01-00041481,"INVERSIONES GATO S DE R.L  DE C.V (SCHOOL BOX)",0.00,0,,2026-04-08,"2026-04-10 11:35:44",9741.99,0.00,0,0.00,83,"Yosselin Palma",115,"Erling Peralta",,,0,A_ABONO_ACTIVO,2026-04-08,abonos_creditos.fecha_pago,NO,"2026-04-10 11:35:44"
33761,26566,000-001-01-00041482,"CAPITAL SOLIDIARIO",0.00,0,,2026-04-08,"2026-04-15 15:41:39",1371.67,0.00,0,0.00,83,"Yosselin Palma",24,OFICINA,,,0,A_ABONO_ACTIVO,2026-04-08,abonos_creditos.fecha_pago,NO,"2026-04-15 15:41:39"
33630,26584,000-001-01-00041500,TECNOGLOBAL,0.00,0,,2026-04-08,"2026-04-15 15:36:47",906.70,0.00,0,0.00,86,"Jose Luque Vendedor",13,"Belinda Lopez",,,0,A_ABONO_ACTIVO,2026-04-08,abonos_creditos.fecha_pago,NO,"2026-04-15 15:36:47"
33631,26585,000-001-01-00041501,TECNOGLOBAL,0.00,0,,2026-04-08,"2026-04-15 15:37:54",293.27,0.00,0,0.00,86,"Jose Luque Vendedor",13,"Belinda Lopez",,,0,A_ABONO_ACTIVO,2026-04-08,abonos_creditos.fecha_pago,NO,"2026-04-15 15:37:54"
33746,26610,000-001-01-00041526,"PRINT HONDURAS",0.00,0,,2026-04-08,"2026-04-15 15:07:27",552.99,0.00,0,0.00,97,"Madelin Sierra",24,OFICINA,,,0,A_ABONO_ACTIVO,2026-04-08,abonos_creditos.fecha_pago,NO,"2026-04-15 15:07:27"
34092,26953,000-001-01-00041869,"CAR WASH KUWAIT / RAUL ESTANISLAO GIRON ROMERO",0.00,0,,2026-04-08,"2026-05-25 14:47:41",25000.00,0.00,0,0.00,27,"Ana Pineda",24,OFICINA,,,0,A_ABONO_ACTIVO,2026-04-08,abonos_creditos.fecha_pago,SI,"2026-05-25 14:47:41"
29019,22989,000-001-01-00037917,"DISTRIBUCIONES M & K S. DE R,L.",0.00,0,,2026-04-09,"2026-04-15 14:34:41",87436.80,0.00,0,0.00,30,"Kelyn Barahona",24,OFICINA,,,0,A_ABONO_ACTIVO,2026-04-09,abonos_creditos.fecha_pago,NO,"2026-04-15 14:34:41"
29020,22994,000-001-01-00037922,"DISTRIBUCIONES M & K S. DE R,L.",0.00,0,,2026-04-09,"2026-04-15 14:35:32",45540.00,0.00,0,0.00,30,"Kelyn Barahona",24,OFICINA,,,0,A_ABONO_ACTIVO,2026-04-09,abonos_creditos.fecha_pago,NO,"2026-04-15 14:35:32"
29023,23054,000-001-01-00037982,"DISTRIBUCIONES M & K S. DE R,L.",0.00,0,,2026-04-09,"2026-04-15 14:36:11",87436.80,0.00,0,0.00,30,"Kelyn Barahona",24,OFICINA,,,0,A_ABONO_ACTIVO,2026-04-09,abonos_creditos.fecha_pago,NO,"2026-04-15 14:36:11"
29024,23104,000-001-01-00038032,"DISTRIBUCIONES M & K S. DE R,L.",0.00,0,,2026-04-09,"2026-04-15 14:36:51",9200.00,0.00,0,0.00,30,"Kelyn Barahona",24,OFICINA,,,0,A_ABONO_ACTIVO,2026-04-09,abonos_creditos.fecha_pago,NO,"2026-04-15 14:36:51"
29060,23124,000-001-01-00038052,"DISTRIBUCIONES M & K S. DE R,L.",0.00,0,,2026-04-09,"2026-04-15 14:37:30",136620.00,0.00,0,0.00,30,"Kelyn Barahona",24,OFICINA,,,0,A_ABONO_ACTIVO,2026-04-09,abonos_creditos.fecha_pago,NO,"2026-04-15 14:37:30"
29067,23184,000-001-01-00038112,"DISTRIBUCIONES M & K S. DE R,L.",0.00,0,,2026-04-09,"2026-04-15 14:38:01",9200.00,0.00,0,0.00,30,"Kelyn Barahona",24,OFICINA,,,0,A_ABONO_ACTIVO,2026-04-09,abonos_creditos.fecha_pago,NO,"2026-04-15 14:38:01"
29068,23185,000-001-01-00038113,"DISTRIBUCIONES M & K S. DE R,L.",0.00,0,,2026-04-09,"2026-04-15 14:39:43",19872.00,0.00,0,0.00,30,"Kelyn Barahona",24,OFICINA,,,0,A_ABONO_ACTIVO,2026-04-09,abonos_creditos.fecha_pago,NO,"2026-04-15 14:39:43"
29214,23214,000-001-01-00038142,"SECRETARIA DE EDUCACION",0.00,0,,2026-04-09,"2026-04-15 15:52:19",2353.93,0.00,0,0.00,27,"Ana Pineda",24,OFICINA,,,0,A_ABONO_ACTIVO,2026-04-09,abonos_creditos.fecha_pago,SI,"2026-04-15 15:52:19"
31854,25470,000-001-01-00040389,"CREDITO EMPLEADOS",0.00,0,,2026-04-09,"2026-04-16 16:09:12",216.57,0.00,0,0.00,27,"Ana Pineda",24,OFICINA,,,0,A_ABONO_ACTIVO,2026-04-09,abonos_creditos.fecha_pago,SI,"2026-04-16 16:09:12"
32259,25591,000-001-01-00040508,"DISTRIBUCIONES GRAFICAS LA LIBRERIA",0.00,0,,2026-04-09,"2026-04-10 15:38:26",66700.00,0.00,0,0.00,97,"Madelin Sierra",120,"CHRISTIAN ESTRADA",,,0,A_ABONO_ACTIVO,2026-04-09,abonos_creditos.fecha_pago,NO,"2026-04-10 15:38:26"
32641,25721,000-001-01-00040638,"CREDITO EMPLEADOS",0.00,0,,2026-04-09,"2026-04-16 16:09:54",391.99,0.00,0,0.00,57,"Josue Cerritos",24,OFICINA,,,0,A_ABONO_ACTIVO,2026-04-09,abonos_creditos.fecha_pago,NO,"2026-04-16 16:09:54"
32437,25736,000-001-01-00040653,"DISTRIBUCIONES GRAFICAS LA LIBRERIA",0.00,0,,2026-04-09,"2026-04-10 15:39:11",14394.79,0.00,0,0.00,97,"Madelin Sierra",120,"CHRISTIAN ESTRADA",,,0,A_ABONO_ACTIVO,2026-04-09,abonos_creditos.fecha_pago,NO,"2026-04-10 15:39:11"
33204,25918,000-001-01-00040834,"DISTRIBUCIONES GRAFICAS LA LIBRERIA",0.00,0,,2026-04-09,"2026-04-10 15:36:56",772.20,0.00,0,0.00,97,"Madelin Sierra",120,"CHRISTIAN ESTRADA",,,0,A_ABONO_ACTIVO,2026-04-09,abonos_creditos.fecha_pago,NO,"2026-04-10 15:36:56"
33205,25919,000-001-01-00040835,"DISTRIBUCIONES GRAFICAS LA LIBRERIA",0.00,0,,2026-04-09,"2026-04-10 15:37:53",14303.57,0.00,0,0.00,97,"Madelin Sierra",120,"CHRISTIAN ESTRADA",,,0,A_ABONO_ACTIVO,2026-04-09,abonos_creditos.fecha_pago,NO,"2026-04-10 15:37:53"
33406,25961,000-001-01-00040877,"DELIVERY EXPRESS HONDURAS S.A. DE C.V.",0.00,0,,2026-04-09,"2026-04-16 15:34:36",1979.33,0.00,0,0.00,27,"Ana Pineda",24,OFICINA,,,0,A_ABONO_ACTIVO,2026-04-09,abonos_creditos.fecha_pago,SI,"2026-04-16 15:34:36"
32916,26013,000-001-01-00040929,DISFERRO,0.00,0,,2026-04-09,"2026-04-15 16:29:23",9649.51,0.00,0,0.00,89,"Jonathan Lopez",36,"Angel Villela",,,0,A_ABONO_ACTIVO,2026-04-09,abonos_creditos.fecha_pago,NO,"2026-04-15 16:29:23"
32917,26052,000-001-01-00040968,"CREDITO EMPLEADOS",0.00,0,,2026-04-09,"2026-04-16 16:10:33",409.70,0.00,0,0.00,27,"Ana Pineda",24,OFICINA,,,0,A_ABONO_ACTIVO,2026-04-09,abonos_creditos.fecha_pago,SI,"2026-04-16 16:10:33"
32967,26139,000-001-01-00041055,"UNION COMERCIAL DE HONDURAS S.A DE C.V.",0.00,0,,2026-04-09,"2026-05-05 09:35:23",51083.28,0.00,0,0.00,27,"Ana Pineda",24,OFICINA,,,0,A_ABONO_ACTIVO,2026-04-09,abonos_creditos.fecha_pago,SI,"2026-05-05 09:35:23"
33407,26181,000-001-01-00041097,"DELIVERY EXPRESS HONDURAS S.A. DE C.V.",0.00,0,,2026-04-09,"2026-04-16 15:33:56",11244.00,0.00,0,0.00,27,"Ana Pineda",24,OFICINA,,,0,A_ABONO_ACTIVO,2026-04-09,abonos_creditos.fecha_pago,SI,"2026-04-16 15:33:56"
33265,26311,000-001-01-00041227,"MEDILAB S.A DE C.V",0.00,0,,2026-04-09,"2026-05-05 09:31:18",5071.38,0.00,0,0.00,57,"Josue Cerritos",24,OFICINA,,,0,A_ABONO_ACTIVO,2026-04-09,abonos_creditos.fecha_pago,NO,"2026-05-05 09:31:18"
33266,26314,000-001-01-00041230,"FARMACEUTICA INTERNATIONAL S.A DE C.V",0.00,0,,2026-04-09,"2026-05-05 09:30:52",46069.58,0.00,0,0.00,57,"Josue Cerritos",24,OFICINA,,,0,A_ABONO_ACTIVO,2026-04-09,abonos_creditos.fecha_pago,NO,"2026-05-05 09:30:52"
33516,26342,000-001-01-00041258,"LA CEIBA BILINGUAL SCHOOL",0.00,0,,2026-04-09,"2026-04-16 10:22:53",24840.00,0.00,0,0.00,64,"Kevin Nuñez",115,"Erling Peralta",,,0,A_ABONO_ACTIVO,2026-04-09,abonos_creditos.fecha_pago,NO,"2026-04-16 10:22:53"
33713,26527,000-001-01-00041443,"HAPPY TOWN KINDER",0.00,0,,2026-04-09,"2026-04-15 11:09:54",12765.00,0.00,0,0.00,86,"Jose Luque Vendedor",115,"Erling Peralta",,,0,A_ABONO_ACTIVO,2026-04-09,abonos_creditos.fecha_pago,NO,"2026-04-15 11:09:54"
33668,26528,000-001-01-00041444,"GRAFICAS CEIBEÑAS",0.00,0,,2026-04-09,"2026-04-15 11:21:56",4688.25,0.00,0,0.00,86,"Jose Luque Vendedor",115,"Erling Peralta",,,0,A_ABONO_ACTIVO,2026-04-09,abonos_creditos.fecha_pago,NO,"2026-04-15 11:21:56"
33573,26529,000-001-01-00041445,"MASTER PRINTING",0.00,0,,2026-04-09,"2026-04-15 11:17:23",4191.07,0.00,0,0.00,86,"Jose Luque Vendedor",115,"Erling Peralta",,,0,A_ABONO_ACTIVO,2026-04-09,abonos_creditos.fecha_pago,NO,"2026-04-15 11:17:23"
33736,26545,000-001-01-00041461,"GRAN HOTEL KENNEDY",0.00,0,,2026-04-09,"2026-04-15 12:54:48",662.40,0.00,0,0.00,57,"Josue Cerritos",24,OFICINA,,,0,A_ABONO_ACTIVO,2026-04-09,abonos_creditos.fecha_pago,NO,"2026-04-15 12:54:48"
33705,26550,000-001-01-00041466,"IGLESIA DE DIOS EN HONDURAS",0.00,0,,2026-04-09,"2026-04-15 12:46:17",11160.52,0.00,0,0.00,86,"Jose Luque Vendedor",115,"Erling Peralta",,,0,A_ABONO_ACTIVO,2026-04-09,abonos_creditos.fecha_pago,NO,"2026-04-15 12:46:17"
33735,26556,000-001-01-00041472,"EDITORIAL DEKAS",0.00,0,,2026-04-09,"2026-04-15 12:50:59",5008.25,0.00,0,0.00,97,"Madelin Sierra",24,OFICINA,,,0,A_ABONO_ACTIVO,2026-04-09,abonos_creditos.fecha_pago,NO,"2026-04-15 12:50:59"
33661,26569,000-001-01-00041485,"VARIEDADES RODRIGUEZ",0.00,0,,2026-04-09,"2026-04-15 12:56:56",917.67,0.00,0,0.00,120,"CHRISTIAN ESTRADA",120,"CHRISTIAN ESTRADA",,,0,A_ABONO_ACTIVO,2026-04-09,abonos_creditos.fecha_pago,NO,"2026-04-15 12:56:56"
33666,26586,000-001-01-00041502,ALCOTEQ,0.00,0,,2026-04-09,"2026-04-15 15:22:00",1261.14,0.00,0,0.00,83,"Yosselin Palma",24,OFICINA,,,0,A_ABONO_ACTIVO,2026-04-09,abonos_creditos.fecha_pago,NO,"2026-04-15 15:22:00"
33730,26591,000-001-01-00041507,"SERVICIOS INTEGRADOS DE HONDURAS",0.00,0,,2026-04-09,"2026-04-15 12:43:25",747.50,0.00,0,0.00,97,"Madelin Sierra",24,OFICINA,,,0,A_ABONO_ACTIVO,2026-04-09,abonos_creditos.fecha_pago,NO,"2026-04-15 12:43:25"
33611,26603,000-001-01-00041519,"CLIENTE GENERICO",0.00,0,,2026-04-09,"2026-04-15 15:39:32",264.50,0.00,0,0.00,57,"Josue Cerritos",24,OFICINA,,,0,A_ABONO_ACTIVO,2026-04-09,abonos_creditos.fecha_pago,NO,"2026-04-15 15:39:32"
33662,26623,000-001-01-00041539,"CLIENTE GENERICO",0.00,0,,2026-04-09,"2026-04-15 15:02:31",436.02,0.00,0,0.00,57,"Josue Cerritos",24,OFICINA,,,0,A_ABONO_ACTIVO,2026-04-09,abonos_creditos.fecha_pago,NO,"2026-04-15 15:02:31"
33663,26624,000-001-01-00041540,"CLIENTE GENERICO",0.00,0,,2026-04-09,"2026-04-15 15:01:08",379.50,0.00,0,0.00,57,"Josue Cerritos",24,OFICINA,,,0,A_ABONO_ACTIVO,2026-04-09,abonos_creditos.fecha_pago,NO,"2026-04-15 15:01:08"
28179,22463,000-001-01-00037391,"DISTRIBUCIONES M & K S. DE R,L.",0.00,0,,2026-04-10,"2026-04-15 14:41:32",19941.00,0.00,0,0.00,30,"Kelyn Barahona",24,OFICINA,,,0,A_ABONO_ACTIVO,2026-04-10,abonos_creditos.fecha_pago,NO,"2026-04-15 14:41:32"
28180,22464,000-001-01-00037392,"DISTRIBUCIONES M & K S. DE R,L.",0.00,0,,2026-04-10,"2026-04-15 14:42:05",20998.00,0.00,0,0.00,30,"Kelyn Barahona",24,OFICINA,,,0,A_ABONO_ACTIVO,2026-04-10,abonos_creditos.fecha_pago,NO,"2026-04-15 14:42:05"
28693,22705,000-001-01-00037633,"DISTRIBUCIONES M & K S. DE R,L.",0.00,0,,2026-04-10,"2026-04-15 14:47:53",107246.70,0.00,0,0.00,30,"Kelyn Barahona",24,OFICINA,,,0,A_ABONO_ACTIVO,2026-04-10,abonos_creditos.fecha_pago,NO,"2026-04-15 14:47:53"
28695,22819,000-001-01-00037747,"DISTRIBUCIONES M & K S. DE R,L.",0.00,0,,2026-04-10,"2026-04-15 14:48:45",6555.00,0.00,0,0.00,30,"Kelyn Barahona",24,OFICINA,,,0,A_ABONO_ACTIVO,2026-04-10,abonos_creditos.fecha_pago,NO,"2026-04-15 14:48:45"
31671,24089,000-001-01-00039017,"CORPORATE INVESTMENTS SOCIEDAD DE RESPONSABILIDAD LIMITADA",0.00,0,,2026-04-10,"2026-04-18 10:37:26",144256.00,0.00,0,0.00,30,"Kelyn Barahona",24,OFICINA,,,0,A_ABONO_ACTIVO,2026-04-10,abonos_creditos.fecha_pago,NO,"2026-04-18 10:37:26"
30191,24094,000-001-01-00039022,"DISTRIBUIDORA GLOBAL S. DE R.L",0.00,0,,2026-04-10,"2026-04-15 16:35:59",133400.00,0.00,0,0.00,57,"Josue Cerritos",13,"Belinda Lopez",,,0,A_ABONO_ACTIVO,2026-04-10,abonos_creditos.fecha_pago,NO,"2026-04-15 16:35:59"
31270,24832,000-001-01-00039752,"DISTRIBUIDORA GLOBAL S. DE R.L",0.00,0,,2026-04-10,"2026-04-15 16:35:25",13584.38,0.00,0,0.00,57,"Josue Cerritos",13,"Belinda Lopez",,,0,A_ABONO_ACTIVO,2026-04-10,abonos_creditos.fecha_pago,NO,"2026-04-15 16:35:25"
32506,25050,000-001-01-00039969,"YIP SUPERMERCADOS S.A. DE C.V.",0.00,0,,2026-04-10,"2026-04-15 16:44:15",19270.55,0.00,0,0.00,57,"Josue Cerritos",13,"Belinda Lopez",,,0,A_ABONO_ACTIVO,2026-04-10,abonos_creditos.fecha_pago,NO,"2026-04-15 16:44:15"
32225,25310,000-001-01-00040229,"VARIEDADES Y MAS EL ALFARERO",0.00,0,,2026-04-10,"2026-04-16 11:09:13",6368.17,0.00,0,0.00,98,"Yimmy Funes",14,"Sulay Pineda",,,0,A_ABONO_ACTIVO,2026-04-10,abonos_creditos.fecha_pago,NO,"2026-04-16 11:09:13"
32420,25570,000-001-01-00040487,"CENTRO DE ADIESTRAMIENTO EN ENFERMERIA",0.00,0,,2026-04-10,"2026-04-15 16:50:06",757.62,0.00,0,0.00,57,"Josue Cerritos",13,"Belinda Lopez",,,0,A_ABONO_ACTIVO,2026-04-10,abonos_creditos.fecha_pago,NO,"2026-04-15 16:50:06"
32421,25571,000-001-01-00040488,"CENTRO DE ADIESTRAMIENTO EN ENFERMERIA",0.00,0,,2026-04-10,"2026-04-15 16:49:41",757.62,0.00,0,0.00,57,"Josue Cerritos",13,"Belinda Lopez",,,0,A_ABONO_ACTIVO,2026-04-10,abonos_creditos.fecha_pago,NO,"2026-04-15 16:49:41"
32422,25572,000-001-01-00040489,"CENTRO DE ADIESTRAMIENTO EN ENFERMERIA",0.00,0,,2026-04-10,"2026-04-15 16:48:40",757.62,0.00,0,0.00,57,"Josue Cerritos",13,"Belinda Lopez",,,0,A_ABONO_ACTIVO,2026-04-10,abonos_creditos.fecha_pago,NO,"2026-04-15 16:48:40"
32423,25573,000-001-01-00040490,"CENTRO DE ADIESTRAMIENTO EN ENFERMERIA",0.00,0,,2026-04-10,"2026-04-15 16:48:10",1515.24,0.00,0,0.00,57,"Josue Cerritos",13,"Belinda Lopez",,,0,A_ABONO_ACTIVO,2026-04-10,abonos_creditos.fecha_pago,NO,"2026-04-15 16:48:10"
32424,25574,000-001-01-00040491,"CENTRO DE ADIESTRAMIENTO EN ENFERMERIA",0.00,0,,2026-04-10,"2026-04-15 16:47:42",4027.81,0.00,0,0.00,57,"Josue Cerritos",13,"Belinda Lopez",,,0,A_ABONO_ACTIVO,2026-04-10,abonos_creditos.fecha_pago,NO,"2026-04-15 16:47:42"
32593,25614,000-001-01-00040531,"PAPELERIA ELYON",0.00,0,,2026-04-10,"2026-04-16 11:06:16",5077.99,0.00,0,0.00,86,"Jose Luque Vendedor",14,"Sulay Pineda",,,0,A_ABONO_ACTIVO,2026-04-10,abonos_creditos.fecha_pago,NO,"2026-04-16 11:06:16"
32425,25725,000-001-01-00040642,"CENTRO DE ADIESTRAMIENTO EN ENFERMERIA",0.00,0,,2026-04-10,"2026-04-15 16:47:08",1669.80,0.00,0,0.00,57,"Josue Cerritos",13,"Belinda Lopez",,,0,A_ABONO_ACTIVO,2026-04-10,abonos_creditos.fecha_pago,NO,"2026-04-15 16:47:08"
32728,25740,000-001-01-00040657,"DISTRIBUIDORA MARTINEZ",0.00,0,,2026-04-10,"2026-04-16 11:54:48",6470.27,0.00,0,0.00,57,"Josue Cerritos",13,"Belinda Lopez",,,0,A_ABONO_ACTIVO,2026-04-10,abonos_creditos.fecha_pago,NO,"2026-04-16 11:54:48"
32568,25748,000-001-01-00040665,"DISTRIBUCIONES Y REPRESENTACIONES GENERALES S. DE R.L. DE C.V. DIRGEN",0.00,0,,2026-04-10,"2026-04-16 12:00:28",451.17,0.00,0,0.00,64,"Kevin Nuñez",115,"Erling Peralta",,,0,A_ABONO_ACTIVO,2026-04-10,abonos_creditos.fecha_pago,NO,"2026-04-16 12:00:28"
32569,25750,000-001-01-00040667,"DISTRIBUCIONES Y REPRESENTACIONES GENERALES S. DE R.L. DE C.V. DIRGEN",0.00,0,,2026-04-10,"2026-04-16 12:00:00",3018.75,0.00,0,0.00,64,"Kevin Nuñez",115,"Erling Peralta",,,0,A_ABONO_ACTIVO,2026-04-10,abonos_creditos.fecha_pago,NO,"2026-04-16 12:00:00"
32570,25777,000-001-01-00040694,"DISTRIBUCIONES Y REPRESENTACIONES GENERALES S. DE R.L. DE C.V. DIRGEN",0.00,0,,2026-04-10,"2026-04-16 11:59:25",2868.75,0.00,0,0.00,64,"Kevin Nuñez",115,"Erling Peralta",,,0,A_ABONO_ACTIVO,2026-04-10,abonos_creditos.fecha_pago,NO,"2026-04-16 11:59:25"
32571,25778,000-001-01-00040695,"DISTRIBUCIONES Y REPRESENTACIONES GENERALES S. DE R.L. DE C.V. DIRGEN",0.00,0,,2026-04-10,"2026-04-16 11:58:53",3406.88,0.00,0,0.00,64,"Kevin Nuñez",115,"Erling Peralta",,,0,A_ABONO_ACTIVO,2026-04-10,abonos_creditos.fecha_pago,NO,"2026-04-16 11:58:53"
32889,25912,000-001-01-00040828,"DISTRIBUCIONES Y REPRESENTACIONES GENERALES S. DE R.L. DE C.V. DIRGEN",0.00,0,,2026-04-10,"2026-04-16 11:58:00",3870.00,0.00,0,0.00,64,"Kevin Nuñez",115,"Erling Peralta",,,0,A_ABONO_ACTIVO,2026-04-10,abonos_creditos.fecha_pago,NO,"2026-04-16 11:58:00"
32890,25913,000-001-01-00040829,"DISTRIBUCIONES Y REPRESENTACIONES GENERALES S. DE R.L. DE C.V. DIRGEN",0.00,0,,2026-04-10,"2026-04-16 11:57:37",4548.00,0.00,0,0.00,64,"Kevin Nuñez",115,"Erling Peralta",,,0,A_ABONO_ACTIVO,2026-04-10,abonos_creditos.fecha_pago,NO,"2026-04-16 11:57:37"
32891,25914,000-001-01-00040830,"DISTRIBUCIONES Y REPRESENTACIONES GENERALES S. DE R.L. DE C.V. DIRGEN",0.00,0,,2026-04-10,"2026-04-16 11:57:06",3815.70,0.00,0,0.00,89,"Jonathan Lopez",115,"Erling Peralta",,,0,A_ABONO_ACTIVO,2026-04-10,abonos_creditos.fecha_pago,NO,"2026-04-16 11:57:06"
33753,25924,000-001-01-00040840,"DEL CAMPO INTERNATIONAL SCHOOL S.A DE C.V",0.00,0,,2026-04-10,"2026-04-16 17:08:00",8885.82,0.00,0,0.00,27,"Ana Pineda",24,OFICINA,,,0,A_ABONO_ACTIVO,2026-04-10,abonos_creditos.fecha_pago,SI,"2026-04-16 17:08:00"
33047,25926,000-001-01-00040842,"DISTRIBUIDORA MONTECRISTO",0.00,0,,2026-04-10,"2026-04-16 08:57:05",25422.86,0.00,0,0.00,27,"Ana Pineda",24,OFICINA,,,0,A_ABONO_ACTIVO,2026-04-10,abonos_creditos.fecha_pago,SI,"2026-04-16 08:57:05"
33643,25927,000-001-01-00040843,"YIP SUPERMERCADOS S.A. DE C.V.",0.00,0,,2026-04-10,"2026-04-15 16:46:56",5496.08,0.00,0,0.00,86,"Jose Luque Vendedor",13,"Belinda Lopez",,,0,A_ABONO_ACTIVO,2026-04-10,abonos_creditos.fecha_pago,NO,"2026-04-15 16:46:56"
32892,25930,000-001-01-00040846,"DISTRIBUCIONES Y REPRESENTACIONES GENERALES S. DE R.L. DE C.V. DIRGEN",0.00,0,,2026-04-10,"2026-04-16 11:56:39",1125.00,0.00,0,0.00,97,"Madelin Sierra",115,"Erling Peralta",,,0,A_ABONO_ACTIVO,2026-04-10,abonos_creditos.fecha_pago,NO,"2026-04-16 11:56:39"
32893,25933,000-001-01-00040849,"DISTRIBUCIONES Y REPRESENTACIONES GENERALES S. DE R.L. DE C.V. DIRGEN",0.00,0,,2026-04-10,"2026-04-16 11:54:57",2300.00,0.00,0,0.00,97,"Madelin Sierra",115,"Erling Peralta",,,0,A_ABONO_ACTIVO,2026-04-10,abonos_creditos.fecha_pago,NO,"2026-04-16 11:54:57"
32894,25935,000-001-01-00040851,"DISTRIBUCIONES Y REPRESENTACIONES GENERALES S. DE R.L. DE C.V. DIRGEN",0.00,0,,2026-04-10,"2026-04-16 11:56:03",8108.19,0.00,0,0.00,64,"Kevin Nuñez",115,"Erling Peralta",,,0,A_ABONO_ACTIVO,2026-04-10,abonos_creditos.fecha_pago,NO,"2026-04-16 11:56:03"
32895,25936,000-001-01-00040852,"DISTRIBUCIONES Y REPRESENTACIONES GENERALES S. DE R.L. DE C.V. DIRGEN",0.00,0,,2026-04-10,"2026-04-16 11:55:36",845.25,0.00,0,0.00,97,"Madelin Sierra",115,"Erling Peralta",,,0,A_ABONO_ACTIVO,2026-04-10,abonos_creditos.fecha_pago,NO,"2026-04-16 11:55:36"
33034,25941,000-001-01-00040857,"ALMACEN Y SASTRERIA ISLEÑA",0.00,0,,2026-04-10,"2026-04-16 10:37:22",2939.40,0.00,0,0.00,64,"Kevin Nuñez",115,"Erling Peralta",,,0,A_ABONO_ACTIVO,2026-04-10,abonos_creditos.fecha_pago,NO,"2026-04-16 10:37:22"
32896,25950,000-001-01-00040866,"DISTRIBUCIONES Y REPRESENTACIONES GENERALES S. DE R.L. DE C.V. DIRGEN",0.00,0,,2026-04-10,"2026-04-16 11:54:31",1066.61,0.00,0,0.00,64,"Kevin Nuñez",115,"Erling Peralta",,,0,A_ABONO_ACTIVO,2026-04-10,abonos_creditos.fecha_pago,NO,"2026-04-16 11:54:31"
33829,25985,000-001-01-00040901,"THE ACADEMY DELCAMPO INTERNATIONAL S.A DE C.V",0.00,0,,2026-04-10,"2026-04-16 17:09:38",1777.16,0.00,0,0.00,27,"Ana Pineda",24,OFICINA,,,0,A_ABONO_ACTIVO,2026-04-10,abonos_creditos.fecha_pago,SI,"2026-04-16 17:09:38"
32935,26057,000-001-01-00040973,"DISTRIBUIDORA MARTINEZ",0.00,0,,2026-04-10,"2026-04-16 11:55:34",5211.80,0.00,0,0.00,57,"Josue Cerritos",13,"Belinda Lopez",,,0,A_ABONO_ACTIVO,2026-04-10,abonos_creditos.fecha_pago,NO,"2026-04-16 11:55:34"
32951,26068,000-001-01-00040984,"DISTRIBUCIONES Y REPRESENTACIONES GENERALES S. DE R.L. DE C.V. DIRGEN",0.00,0,,2026-04-10,"2026-04-16 11:54:01",25150.50,0.00,0,0.00,64,"Kevin Nuñez",115,"Erling Peralta",,,0,A_ABONO_ACTIVO,2026-04-10,abonos_creditos.fecha_pago,NO,"2026-04-16 11:54:01"
33229,26076,000-001-01-00040992,"CENTRO DE ADIESTRAMIENTO EN ENFERMERIA",0.00,0,,2026-04-10,"2026-04-15 16:46:33",2364.63,0.00,0,0.00,57,"Josue Cerritos",13,"Belinda Lopez",,,0,A_ABONO_ACTIVO,2026-04-10,abonos_creditos.fecha_pago,NO,"2026-04-15 16:46:33"
33230,26077,000-001-01-00040993,"CENTRO DE ADIESTRAMIENTO EN ENFERMERIA",0.00,0,,2026-04-10,"2026-04-15 16:45:56",757.62,0.00,0,0.00,57,"Josue Cerritos",13,"Belinda Lopez",,,0,A_ABONO_ACTIVO,2026-04-10,abonos_creditos.fecha_pago,NO,"2026-04-15 16:45:56"
33231,26079,000-001-01-00040995,"CENTRO DE ADIESTRAMIENTO EN ENFERMERIA",0.00,0,,2026-04-10,"2026-04-15 16:45:24",1041.67,0.00,0,0.00,57,"Josue Cerritos",13,"Belinda Lopez",,,0,A_ABONO_ACTIVO,2026-04-10,abonos_creditos.fecha_pago,NO,"2026-04-15 16:45:24"
32952,26100,000-001-01-00041016,"DISTRIBUCIONES Y REPRESENTACIONES GENERALES S. DE R.L. DE C.V. DIRGEN",0.00,0,,2026-04-10,"2026-04-16 11:53:31",1604.25,0.00,0,0.00,64,"Kevin Nuñez",115,"Erling Peralta",,,0,A_ABONO_ACTIVO,2026-04-10,abonos_creditos.fecha_pago,NO,"2026-04-16 11:53:31"
32953,26102,000-001-01-00041018,"DISTRIBUCIONES Y REPRESENTACIONES GENERALES S. DE R.L. DE C.V. DIRGEN",0.00,0,,2026-04-10,"2026-04-16 11:53:02",1728.00,0.00,0,0.00,64,"Kevin Nuñez",115,"Erling Peralta",,,0,A_ABONO_ACTIVO,2026-04-10,abonos_creditos.fecha_pago,NO,"2026-04-16 11:53:02"
32954,26103,000-001-01-00041019,"DISTRIBUCIONES Y REPRESENTACIONES GENERALES S. DE R.L. DE C.V. DIRGEN",0.00,0,,2026-04-10,"2026-04-16 11:48:29",2520.57,0.00,0,0.00,64,"Kevin Nuñez",115,"Erling Peralta",,,0,A_ABONO_ACTIVO,2026-04-10,abonos_creditos.fecha_pago,NO,"2026-04-16 11:48:29"
32955,26127,000-001-01-00041043,"DISTRIBUCIONES Y REPRESENTACIONES GENERALES S. DE R.L. DE C.V. DIRGEN",0.00,0,,2026-04-10,"2026-04-16 11:48:04",496.00,0.00,0,0.00,64,"Kevin Nuñez",115,"Erling Peralta",,,0,A_ABONO_ACTIVO,2026-04-10,abonos_creditos.fecha_pago,NO,"2026-04-16 11:48:04"
32956,26128,000-001-01-00041044,"DISTRIBUCIONES Y REPRESENTACIONES GENERALES S. DE R.L. DE C.V. DIRGEN",0.00,0,,2026-04-10,"2026-04-16 11:47:42",1268.71,0.00,0,0.00,64,"Kevin Nuñez",115,"Erling Peralta",,,0,A_ABONO_ACTIVO,2026-04-10,abonos_creditos.fecha_pago,NO,"2026-04-16 11:47:42"
33022,26163,000-001-01-00041079,"DISTRIBUCIONES Y REPRESENTACIONES GENERALES S. DE R.L. DE C.V. DIRGEN",0.00,0,,2026-04-10,"2026-04-16 11:47:16",1728.00,0.00,0,0.00,64,"Kevin Nuñez",115,"Erling Peralta",,,0,A_ABONO_ACTIVO,2026-04-10,abonos_creditos.fecha_pago,NO,"2026-04-16 11:47:16"
33023,26165,000-001-01-00041081,"DISTRIBUCIONES Y REPRESENTACIONES GENERALES S. DE R.L. DE C.V. DIRGEN",0.00,0,,2026-04-10,"2026-04-16 11:44:53",22540.00,0.00,0,0.00,64,"Kevin Nuñez",115,"Erling Peralta",,,0,A_ABONO_ACTIVO,2026-04-10,abonos_creditos.fecha_pago,NO,"2026-04-16 11:44:53"
33024,26167,000-001-01-00041083,"DISTRIBUCIONES Y REPRESENTACIONES GENERALES S. DE R.L. DE C.V. DIRGEN",0.00,0,,2026-04-10,"2026-04-16 11:46:52",13746.60,0.00,0,0.00,64,"Kevin Nuñez",115,"Erling Peralta",,,0,A_ABONO_ACTIVO,2026-04-10,abonos_creditos.fecha_pago,NO,"2026-04-16 11:46:52"
33025,26174,000-001-01-00041090,"DISTRIBUCIONES Y REPRESENTACIONES GENERALES S. DE R.L. DE C.V. DIRGEN",0.00,0,,2026-04-10,"2026-04-16 11:44:25",10068.48,0.00,0,0.00,64,"Kevin Nuñez",115,"Erling Peralta",,,0,A_ABONO_ACTIVO,2026-04-10,abonos_creditos.fecha_pago,NO,"2026-04-16 11:44:25"
33026,26189,000-001-01-00041105,"DISTRIBUCIONES Y REPRESENTACIONES GENERALES S. DE R.L. DE C.V. DIRGEN",0.00,0,,2026-04-10,"2026-04-16 11:43:57",21160.00,0.00,0,0.00,64,"Kevin Nuñez",115,"Erling Peralta",,,0,A_ABONO_ACTIVO,2026-04-10,abonos_creditos.fecha_pago,NO,"2026-04-16 11:43:57"
33027,26190,000-001-01-00041106,"DISTRIBUCIONES Y REPRESENTACIONES GENERALES S. DE R.L. DE C.V. DIRGEN",0.00,0,,2026-04-10,"2026-04-16 11:43:28",35822.50,0.00,0,0.00,64,"Kevin Nuñez",115,"Erling Peralta",,,0,A_ABONO_ACTIVO,2026-04-10,abonos_creditos.fecha_pago,NO,"2026-04-16 11:43:28"
33202,26274,000-001-01-00041190,"DISTRIBUIDORA MARTINEZ",0.00,0,,2026-04-10,"2026-04-16 11:56:36",4006.60,0.00,0,0.00,13,"Belinda Lopez",13,"Belinda Lopez",,,0,A_ABONO_ACTIVO,2026-04-10,abonos_creditos.fecha_pago,NO,"2026-04-16 11:56:36"
33634,26533,000-001-01-00041449,"COMPUMUNDO  S. DE  R.L.",0.00,0,,2026-04-10,"2026-04-15 11:06:13",2055.34,0.00,0,0.00,86,"Jose Luque Vendedor",115,"Erling Peralta",,,0,A_ABONO_ACTIVO,2026-04-10,abonos_creditos.fecha_pago,NO,"2026-04-15 11:06:13"
33544,26539,000-001-01-00041455,"CLIENTE GENERICO",0.00,0,,2026-04-10,"2026-04-15 12:36:08",74.54,0.00,0,0.00,57,"Josue Cerritos",24,OFICINA,,,0,A_ABONO_ACTIVO,2026-04-10,abonos_creditos.fecha_pago,NO,"2026-04-15 12:36:08"
33725,26561,000-001-01-00041477,"FERRETERIA FEMCOL",0.00,0,,2026-04-10,"2026-04-15 12:21:48",167.89,0.00,0,0.00,57,"Josue Cerritos",24,OFICINA,,,0,A_ABONO_ACTIVO,2026-04-10,abonos_creditos.fecha_pago,NO,"2026-04-15 12:21:48"
33574,26562,000-001-01-00041478,"CLIENTE GENERICO",0.00,0,,2026-04-10,"2026-04-15 12:36:56",26.52,0.00,0,0.00,57,"Josue Cerritos",24,OFICINA,,,0,A_ABONO_ACTIVO,2026-04-10,abonos_creditos.fecha_pago,NO,"2026-04-15 12:36:56"
33667,26609,000-001-01-00041525,"COMERCIAL REYES",0.00,0,,2026-04-10,"2026-04-15 12:25:40",1856.10,0.00,0,0.00,97,"Madelin Sierra",24,OFICINA,,,0,A_ABONO_ACTIVO,2026-04-10,abonos_creditos.fecha_pago,NO,"2026-04-15 12:25:40"
33745,26632,000-001-01-00041548,"INVERSIONES ORM",0.00,0,,2026-04-10,"2026-04-15 14:54:15",6052.52,0.00,0,0.00,97,"Madelin Sierra",24,OFICINA,,,0,A_ABONO_ACTIVO,2026-04-10,abonos_creditos.fecha_pago,NO,"2026-04-15 14:54:15"
31111,24731,000-001-01-00039653,"HECTOR S OFFICE",0.00,0,,2026-04-11,"2026-04-16 11:19:07",17537.50,0.00,0,0.00,64,"Kevin Nuñez",100,"Kevin Vendedor",,,0,A_ABONO_ACTIVO,2026-04-11,abonos_creditos.fecha_pago,NO,"2026-04-16 11:19:07"
32415,25694,000-001-01-00040611,"GRAPHICS JKS",0.00,0,,,,0.00,0.00,0,0.02,86,"Jose Luque Vendedor",14,"Sulay Pineda",,,0,B_OTRO_REDUCTOR,2026-04-11,otros_movimientos.created_at,NO,"2026-04-11 10:20:29"
33043,25982,000-001-01-00040898,"INVERSIONES MENDEZ",0.00,0,,2026-04-11,"2026-04-16 11:12:37",18569.67,0.00,0,0.00,86,"Jose Luque Vendedor",14,"Sulay Pineda",,,0,A_ABONO_ACTIVO,2026-04-11,abonos_creditos.fecha_pago,NO,"2026-04-16 11:12:37"
33041,26000,000-001-01-00040916,"COMERCIAL BRYAN",0.00,0,,2026-04-11,"2026-04-16 14:22:07",9212.74,0.00,0,0.00,97,"Madelin Sierra",4,"Roy Zelaya",,,0,A_ABONO_ACTIVO,2026-04-11,abonos_creditos.fecha_pago,NO,"2026-04-16 14:22:07"
33542,26224,000-001-01-00041140,"TIENDA LA ESTRELLA",0.00,0,,2026-04-11,"2026-04-15 14:51:23",5000.05,0.00,0,0.00,57,"Josue Cerritos",87,"Mauricio Zavala",,,0,A_ABONO_ACTIVO,2026-04-11,abonos_creditos.fecha_pago,NO,"2026-04-15 14:51:23"
33104,26287,000-001-01-00041203,"INVERSIONES MENDEZ",0.00,0,,2026-04-11,"2026-04-16 11:13:14",2885.65,0.00,0,0.00,86,"Jose Luque Vendedor",14,"Sulay Pineda",,,0,A_ABONO_ACTIVO,2026-04-11,abonos_creditos.fecha_pago,NO,"2026-04-16 11:13:14"
33723,26641,000-001-01-00041557,"TECHNO OFFICE SUPPLIES",0.00,0,,2026-04-11,"2026-04-15 12:17:54",1667.50,0.00,0,0.00,83,"Yosselin Palma",24,OFICINA,,,0,A_ABONO_ACTIVO,2026-04-11,abonos_creditos.fecha_pago,NO,"2026-04-15 12:17:54"
33826,26642,000-001-01-00041558,"DLEITE Y ETIQUETA, S. DE R.L DE C.V",0.00,0,,2026-04-11,"2026-04-16 16:36:43",1500.75,0.00,0,0.00,97,"Madelin Sierra",24,OFICINA,,,0,A_ABONO_ACTIVO,2026-04-11,abonos_creditos.fecha_pago,NO,"2026-04-16 16:36:43"
32501,25635,000-001-01-00040552,"HECTOR S OFFICE",0.00,0,,2026-04-12,"2026-04-16 11:28:01",1965.71,0.00,0,0.00,64,"Kevin Nuñez",115,"Erling Peralta",,,0,A_ABONO_ACTIVO,2026-04-12,abonos_creditos.fecha_pago,NO,"2026-04-16 11:28:01"
32718,25761,000-001-01-00040678,"HECTOR S OFFICE",0.00,0,,2026-04-12,"2026-04-16 11:26:45",727.26,0.00,0,0.00,64,"Kevin Nuñez",115,"Erling Peralta",,,0,A_ABONO_ACTIVO,2026-04-12,abonos_creditos.fecha_pago,NO,"2026-04-16 11:26:45"
32719,25762,000-001-01-00040679,"HECTOR S OFFICE",0.00,0,,2026-04-12,"2026-04-16 11:26:02",1521.53,0.00,0,0.00,64,"Kevin Nuñez",115,"Erling Peralta",,,0,A_ABONO_ACTIVO,2026-04-12,abonos_creditos.fecha_pago,NO,"2026-04-16 11:26:02"
33018,26131,000-001-01-00041047,"HECTOR S OFFICE",0.00,0,,2026-04-12,"2026-04-16 11:24:48",1302.33,0.00,0,0.00,64,"Kevin Nuñez",115,"Erling Peralta",,,0,A_ABONO_ACTIVO,2026-04-12,abonos_creditos.fecha_pago,NO,"2026-04-16 11:24:48"
33019,26132,000-001-01-00041048,"HECTOR S OFFICE",0.00,0,,2026-04-12,"2026-04-16 11:24:21",1081.00,0.00,0,0.00,64,"Kevin Nuñez",115,"Erling Peralta",,,0,A_ABONO_ACTIVO,2026-04-12,abonos_creditos.fecha_pago,NO,"2026-04-16 11:24:21"
31123,24698,000-001-01-00039620,"GRAFICOS INSULARES",0.00,0,,2026-04-13,"2026-04-16 12:23:15",386.40,0.00,0,0.00,64,"Kevin Nuñez",100,"Kevin Vendedor",,,0,A_ABONO_ACTIVO,2026-04-13,abonos_creditos.fecha_pago,NO,"2026-04-16 12:23:15"
31124,24719,000-001-01-00039641,"GRAFICOS INSULARES",0.00,0,,2026-04-13,"2026-04-16 12:29:46",414.00,0.00,0,0.00,64,"Kevin Nuñez",100,"Kevin Vendedor",,,0,A_ABONO_ACTIVO,2026-04-13,abonos_creditos.fecha_pago,NO,"2026-04-16 12:29:46"
31269,24959,000-001-01-00039878,"GRAFICOS INSULARES",0.00,0,,2026-04-13,"2026-04-16 12:30:20",2811.55,0.00,0,0.00,64,"Kevin Nuñez",24,OFICINA,,,0,A_ABONO_ACTIVO,2026-04-13,abonos_creditos.fecha_pago,NO,"2026-04-16 12:30:20"
31723,25315,000-001-01-00040234,"LAPICES Y MAS",0.00,0,,2026-04-13,"2026-04-15 15:17:17",158819.60,0.00,0,0.00,57,"Josue Cerritos",87,"Mauricio Zavala",,,0,A_ABONO_ACTIVO,2026-04-13,abonos_creditos.fecha_pago,NO,"2026-04-15 15:17:17"
31702,25393,000-001-01-00040312,"GRAFICOS INSULARES",0.00,0,,2026-04-13,"2026-04-16 12:30:51",2648.07,0.00,0,0.00,97,"Madelin Sierra",115,"Erling Peralta",,,0,A_ABONO_ACTIVO,2026-04-13,abonos_creditos.fecha_pago,NO,"2026-04-16 12:30:51"
31703,25398,000-001-01-00040317,"GRAFICOS INSULARES",0.00,0,,2026-04-13,"2026-04-16 12:31:18",3565.00,0.00,0,0.00,97,"Madelin Sierra",115,"Erling Peralta",,,0,A_ABONO_ACTIVO,2026-04-13,abonos_creditos.fecha_pago,NO,"2026-04-16 12:31:18"
31704,25399,000-001-01-00040318,"GRAFICOS INSULARES",0.00,0,,2026-04-13,"2026-04-16 12:32:00",5571.75,0.00,0,0.00,98,"Yimmy Funes",115,"Erling Peralta",,,0,A_ABONO_ACTIVO,2026-04-13,abonos_creditos.fecha_pago,NO,"2026-04-16 12:32:00"
32215,25523,000-001-01-00040442,"D CLASE",0.00,0,,2026-04-13,"2026-04-16 11:18:21",18266.59,0.00,0,0.00,86,"Jose Luque Vendedor",14,"Sulay Pineda",,,0,A_ABONO_ACTIVO,2026-04-13,abonos_creditos.fecha_pago,NO,"2026-04-16 11:18:21"
32576,25530,000-001-01-00040448,"D CLASE",0.00,0,,2026-04-13,"2026-04-16 11:19:00",16006.25,0.00,0,0.00,86,"Jose Luque Vendedor",14,"Sulay Pineda",,,0,A_ABONO_ACTIVO,2026-04-13,abonos_creditos.fecha_pago,NO,"2026-04-16 11:19:00"
32796,25673,000-001-01-00040590,"GRAFICOS INSULARES",0.00,0,,2026-04-13,"2026-04-16 12:32:42",1370.51,0.00,0,0.00,97,"Madelin Sierra",115,"Erling Peralta",,,0,A_ABONO_ACTIVO,2026-04-13,abonos_creditos.fecha_pago,NO,"2026-04-16 12:32:42"
32797,25702,000-001-01-00040619,"GRAFICOS INSULARES",0.00,0,,2026-04-13,"2026-04-16 12:33:08",3565.00,0.00,0,0.00,64,"Kevin Nuñez",115,"Erling Peralta",,,0,A_ABONO_ACTIVO,2026-04-13,abonos_creditos.fecha_pago,NO,"2026-04-16 12:33:08"
32798,25932,000-001-01-00040848,"GRAFICOS INSULARES",0.00,0,,2026-04-13,"2026-04-16 12:33:46",2105.53,0.00,0,0.00,97,"Madelin Sierra",115,"Erling Peralta",,,0,A_ABONO_ACTIVO,2026-04-13,abonos_creditos.fecha_pago,NO,"2026-04-16 12:33:46"
33164,25940,000-001-01-00040856,"INVERSIONES TECNOLOGICAS CORPORATIVAS S. de R.L",0.00,0,,2026-04-13,"2026-04-16 11:08:55",492.00,0.00,0,0.00,64,"Kevin Nuñez",115,"Erling Peralta",,,0,A_ABONO_ACTIVO,2026-04-13,abonos_creditos.fecha_pago,NO,"2026-04-16 11:08:55"
33165,25953,000-001-01-00040869,"INVERSIONES TECNOLOGICAS CORPORATIVAS S. de R.L",0.00,0,,2026-04-13,"2026-04-16 11:08:23",21542.95,0.00,0,0.00,64,"Kevin Nuñez",115,"Erling Peralta",,,0,A_ABONO_ACTIVO,2026-04-13,abonos_creditos.fecha_pago,NO,"2026-04-16 11:08:23"
33166,26007,000-001-01-00040923,"INVERSIONES TECNOLOGICAS CORPORATIVAS S. de R.L",0.00,0,,2026-04-13,"2026-04-16 11:07:52",3519.00,0.00,0,0.00,64,"Kevin Nuñez",115,"Erling Peralta",,,0,A_ABONO_ACTIVO,2026-04-13,abonos_creditos.fecha_pago,NO,"2026-04-16 11:07:52"
33371,26061,000-001-01-00040977,"MINI SUPER DIOXI",0.00,0,,2026-04-13,"2026-04-16 13:50:44",759.00,0.00,0,0.00,64,"Kevin Nuñez",115,"Erling Peralta",,,0,A_ABONO_ACTIVO,2026-04-13,abonos_creditos.fecha_pago,NO,"2026-04-16 13:50:44"
33167,26097,000-001-01-00041013,"INVERSIONES TECNOLOGICAS CORPORATIVAS S. de R.L",0.00,0,,2026-04-13,"2026-04-16 11:07:25",7335.40,0.00,0,0.00,64,"Kevin Nuñez",115,"Erling Peralta",,,0,A_ABONO_ACTIVO,2026-04-13,abonos_creditos.fecha_pago,NO,"2026-04-16 11:07:25"
33168,26105,000-001-01-00041021,"INVERSIONES TECNOLOGICAS CORPORATIVAS S. de R.L",0.00,0,,2026-04-13,"2026-04-16 11:06:43",3157.13,0.00,0,0.00,64,"Kevin Nuñez",115,"Erling Peralta",,,0,A_ABONO_ACTIVO,2026-04-13,abonos_creditos.fecha_pago,NO,"2026-04-16 11:06:43"
33048,26206,000-001-01-00041122,"DISTRIBUIDORA MONTECRISTO",0.00,0,,2026-04-13,"2026-04-15 15:14:24",3516.78,0.00,0,0.00,27,"Ana Pineda",24,OFICINA,,,0,A_ABONO_ACTIVO,2026-04-13,abonos_creditos.fecha_pago,SI,"2026-04-15 15:14:24"
33759,26391,000-001-01-00041307,"PLASTICOS Y VARIEDADES CORTES",0.00,0,,2026-04-13,"2026-04-15 15:31:07",2977.24,0.00,0,0.00,64,"Kevin Nuñez",115,"Erling Peralta",,,0,A_ABONO_ACTIVO,2026-04-13,abonos_creditos.fecha_pago,NO,"2026-04-15 15:31:07"
33554,26412,000-001-01-00041328,"INVERSIONES MULTIPLES VILLALVIR PINEDA",0.00,0,,2026-04-13,"2026-04-15 15:28:17",2940.40,0.00,0,0.00,86,"Jose Luque Vendedor",115,"Erling Peralta",,,0,A_ABONO_ACTIVO,2026-04-13,abonos_creditos.fecha_pago,NO,"2026-04-15 15:28:17"
33555,26427,000-001-01-00041343,"INVERSIONES MULTIPLES VILLALVIR PINEDA",0.00,0,,2026-04-13,"2026-04-15 15:29:33",67.80,0.00,0,0.00,86,"Jose Luque Vendedor",115,"Erling Peralta",,,0,A_ABONO_ACTIVO,2026-04-13,abonos_creditos.fecha_pago,NO,"2026-04-15 15:29:33"
33545,26552,000-001-01-00041468,"CLIENTE GENERICO",0.00,0,,2026-04-13,"2026-04-15 16:22:21",224.83,0.00,0,0.00,57,"Josue Cerritos",24,OFICINA,,,0,A_ABONO_ACTIVO,2026-04-13,abonos_creditos.fecha_pago,NO,"2026-04-15 16:22:21"
33818,26578,000-001-01-00041494,COPYTRAX,0.00,0,,2026-04-13,"2026-04-25 08:33:08",2800.36,0.00,0,0.00,86,"Jose Luque Vendedor",65,"Jessy Alvarado",,,0,A_ABONO_ACTIVO,2026-04-13,abonos_creditos.fecha_pago,NO,"2026-04-25 08:33:08"
33756,26601,000-001-01-00041517,"BODEGA JIREH 2",0.00,0,,2026-04-13,"2026-04-15 15:33:56",1987.20,0.00,0,0.00,27,"Ana Pineda",115,"Erling Peralta",,,0,A_ABONO_ACTIVO,2026-04-13,abonos_creditos.fecha_pago,SI,"2026-04-15 15:33:56"
33757,26602,000-001-01-00041518,"BODEGA JIREH 2",0.00,0,,2026-04-13,"2026-04-15 15:20:09",1987.20,0.00,0,0.00,27,"Ana Pineda",115,"Erling Peralta",,,0,A_ABONO_ACTIVO,2026-04-13,abonos_creditos.fecha_pago,SI,"2026-04-15 15:20:09"
33609,26604,000-001-01-00041520,"DISTRIBUIDORA  FRANSOL",0.00,0,,2026-04-13,"2026-04-15 15:22:21",3217.35,0.00,0,0.00,27,"Ana Pineda",115,"Erling Peralta",,,0,A_ABONO_ACTIVO,2026-04-13,abonos_creditos.fecha_pago,SI,"2026-04-15 15:22:21"
33758,26613,000-001-01-00041529,"BODEGA JIREH 2",0.00,0,,2026-04-13,"2026-04-15 15:37:27",2340.83,0.00,0,0.00,27,"Ana Pineda",115,"Erling Peralta",,,0,A_ABONO_ACTIVO,2026-04-13,abonos_creditos.fecha_pago,SI,"2026-04-15 15:37:27"
33760,26617,000-001-01-00041533,"VARIEDADES AMN",0.00,0,,2026-04-13,"2026-04-15 15:31:57",585.18,0.00,0,0.00,97,"Madelin Sierra",24,OFICINA,,,0,A_ABONO_ACTIVO,2026-04-13,abonos_creditos.fecha_pago,NO,"2026-04-15 15:31:57"
33657,26625,000-001-01-00041541,"DISTRIBUIDORA  FRANSOL",0.00,0,,2026-04-13,"2026-04-15 15:23:03",5200.55,0.00,0,0.00,27,"Ana Pineda",115,"Erling Peralta",,,0,A_ABONO_ACTIVO,2026-04-13,abonos_creditos.fecha_pago,SI,"2026-04-15 15:23:03"
33755,26633,000-001-01-00041549,"MAVERICK CAPITAL S. DE R.L",0.00,0,,2026-04-13,"2026-04-15 15:18:30",342.63,0.00,0,0.00,97,"Madelin Sierra",24,OFICINA,,,0,A_ABONO_ACTIVO,2026-04-13,abonos_creditos.fecha_pago,NO,"2026-04-15 15:18:30"
33680,26634,000-001-01-00041550,"DISTRIBUCIONES M & K S. DE R,L.",0.00,0,,2026-04-13,"2026-04-15 15:25:49",16.10,0.00,0,0.00,57,"Josue Cerritos",24,OFICINA,,,0,A_ABONO_ACTIVO,2026-04-13,abonos_creditos.fecha_pago,NO,"2026-04-15 15:25:49"
33766,26638,000-001-01-00041554,"DISTRIBUIDORA DHARA",0.00,0,,2026-04-13,"2026-04-15 16:14:47",16760.10,0.00,0,0.00,97,"Madelin Sierra",24,OFICINA,,,0,A_ABONO_ACTIVO,2026-04-13,abonos_creditos.fecha_pago,NO,"2026-04-15 16:14:47"
33664,26645,000-001-01-00041561,"CLIENTE GENERICO",0.00,0,,2026-04-13,"2026-04-15 15:23:55",834.90,0.00,0,0.00,57,"Josue Cerritos",24,OFICINA,,,0,A_ABONO_ACTIVO,2026-04-13,abonos_creditos.fecha_pago,NO,"2026-04-15 15:23:55"
33727,26662,000-001-01-00041578,"CLIENTE GENERICO",0.00,0,,2026-04-13,"2026-04-15 16:21:30",131.72,0.00,0,0.00,57,"Josue Cerritos",24,OFICINA,,,0,A_ABONO_ACTIVO,2026-04-13,abonos_creditos.fecha_pago,NO,"2026-04-15 16:21:30"
33843,26764,000-001-01-00041680,"GESTION EMPRESARIAL S. DE R.L. C.V",0.00,0,,2026-04-13,"2026-05-14 14:04:08",10525.95,0.00,0,0.00,86,"Jose Luque Vendedor",87,"Mauricio Zavala",,,0,A_ABONO_ACTIVO,2026-04-13,abonos_creditos.fecha_pago,NO,"2026-05-14 14:04:08"
32565,25781,000-001-01-00040698,IMAGINARTE,0.00,0,,2026-04-14,"2026-04-16 11:23:11",3952.50,0.00,0,0.00,97,"Madelin Sierra",14,"Sulay Pineda",,,0,A_ABONO_ACTIVO,2026-04-14,abonos_creditos.fecha_pago,NO,"2026-04-16 11:23:11"
32584,25793,000-001-01-00040710,IMAGINARTE,0.00,0,,2026-04-14,"2026-04-16 11:23:53",1317.50,0.00,0,0.00,97,"Madelin Sierra",14,"Sulay Pineda",,,0,A_ABONO_ACTIVO,2026-04-14,abonos_creditos.fecha_pago,NO,"2026-04-16 11:23:53"
32585,25797,000-001-01-00040714,IMAGINARTE,0.00,0,,2026-04-14,"2026-04-16 11:24:30",113154.62,0.00,0,0.00,97,"Madelin Sierra",14,"Sulay Pineda",,,0,A_ABONO_ACTIVO,2026-04-14,abonos_creditos.fecha_pago,NO,"2026-04-16 11:24:30"
33148,26155,000-001-01-00041071,"BORMAC S S. DE R.L.",0.00,0,,2026-04-14,"2026-04-16 14:02:34",8858.33,0.00,0,0.00,64,"Kevin Nuñez",115,"Erling Peralta",,,0,A_ABONO_ACTIVO,2026-04-14,abonos_creditos.fecha_pago,NO,"2026-04-16 14:02:34"
33149,26157,000-001-01-00041073,"BORMAC S S. DE R.L.",0.00,0,,2026-04-14,"2026-04-16 14:01:36",9342.44,0.00,0,0.00,64,"Kevin Nuñez",115,"Erling Peralta",,,0,A_ABONO_ACTIVO,2026-04-14,abonos_creditos.fecha_pago,NO,"2026-04-16 14:01:36"
33150,26158,000-001-01-00041074,"BORMAC S S. DE R.L.",0.00,0,,2026-04-14,"2026-04-16 14:00:54",3002.44,0.00,0,0.00,64,"Kevin Nuñez",115,"Erling Peralta",,,0,A_ABONO_ACTIVO,2026-04-14,abonos_creditos.fecha_pago,NO,"2026-04-16 14:00:54"
33151,26160,000-001-01-00041076,"BORMAC S S. DE R.L.",0.00,0,,2026-04-14,"2026-04-16 13:57:57",5743.31,0.00,0,0.00,64,"Kevin Nuñez",115,"Erling Peralta",,,0,A_ABONO_ACTIVO,2026-04-14,abonos_creditos.fecha_pago,NO,"2026-04-16 13:57:57"
33152,26222,000-001-01-00041138,"BORMAC S S. DE R.L.",0.00,0,,2026-04-14,"2026-04-16 13:57:12",1879.21,0.00,0,0.00,64,"Kevin Nuñez",115,"Erling Peralta",,,0,A_ABONO_ACTIVO,2026-04-14,abonos_creditos.fecha_pago,NO,"2026-04-16 13:57:12"
33303,26320,000-001-01-00041236,"MONTECRISTO COMERCIAL  S. DE R.L",0.00,0,,2026-04-14,"2026-04-25 09:07:24",2705.73,0.00,0,0.00,97,"Madelin Sierra",4,"Roy Zelaya",,,0,A_ABONO_ACTIVO,2026-04-14,abonos_creditos.fecha_pago,NO,"2026-04-25 09:07:24"
33798,26461,000-001-01-00041377,"BANCO FINANCIERA COMERCIAL HONDUREÑA, S.A.",0.00,0,,2026-04-14,"2026-05-05 08:44:31",23598.00,0.00,0,0.00,57,"Josue Cerritos",36,"Angel Villela",,,0,A_ABONO_ACTIVO,2026-04-14,abonos_creditos.fecha_pago,NO,"2026-05-05 08:44:31"
33799,26477,000-001-01-00041393,"BANCO FINANCIERA COMERCIAL HONDUREÑA, S.A.",0.00,0,,2026-04-14,"2026-05-05 08:42:33",52544.88,0.00,0,0.00,57,"Josue Cerritos",36,"Angel Villela",,,0,A_ABONO_ACTIVO,2026-04-14,abonos_creditos.fecha_pago,NO,"2026-05-05 08:42:33"
33800,26548,000-001-01-00041464,"BANCO FINANCIERA COMERCIAL HONDUREÑA, S.A.",0.00,0,,2026-04-14,"2026-05-05 08:42:11",40903.20,0.00,0,0.00,83,"Yosselin Palma",36,"Angel Villela",,,0,A_ABONO_ACTIVO,2026-04-14,abonos_creditos.fecha_pago,NO,"2026-05-05 08:42:11"
33738,26640,000-001-01-00041556,"PAPER ON",0.00,0,,2026-04-14,"2026-04-15 14:14:37",837.52,0.00,0,0.00,86,"Jose Luque Vendedor",87,"Mauricio Zavala",,,0,A_ABONO_ACTIVO,2026-04-14,abonos_creditos.fecha_pago,NO,"2026-04-15 14:14:37"
33742,26667,000-001-01-00041583,"QUIMICOS DYD",0.00,0,,2026-04-14,"2026-04-15 14:32:38",7432.68,0.00,0,0.00,86,"Jose Luque Vendedor",87,"Mauricio Zavala",,,0,A_ABONO_ACTIVO,2026-04-14,abonos_creditos.fecha_pago,NO,"2026-04-15 14:32:38"
33763,26674,000-001-01-00041590,"CORPORACION INDUSTRIAL RIVERA S. DE R.L DE C.V",0.00,0,,2026-04-14,"2026-04-15 15:47:49",44.41,0.00,0,0.00,97,"Madelin Sierra",24,OFICINA,,,0,A_ABONO_ACTIVO,2026-04-14,abonos_creditos.fecha_pago,NO,"2026-04-15 15:47:49"
33710,26688,000-001-01-00041604,"SP INVERSIONES MULTIPLES S DE R.L",0.00,0,,2026-04-14,"2026-04-15 14:23:44",1121.25,0.00,0,0.00,57,"Josue Cerritos",24,OFICINA,,,0,A_ABONO_ACTIVO,2026-04-14,abonos_creditos.fecha_pago,NO,"2026-04-15 14:23:44"
33884,26709,000-001-01-00041625,"IGLESIA CATOLICA /INSTITUTO MARIA REGINA",0.00,0,,2026-04-14,"2026-04-27 09:54:31",5546.47,0.00,0,0.00,64,"Kevin Nuñez",115,"Erling Peralta",,,0,A_ABONO_ACTIVO,2026-04-14,abonos_creditos.fecha_pago,NO,"2026-04-27 09:54:31"
31611,25180,000-001-01-00040099,"POWER CLEAN S.DE R.L DE CV",0.00,0,,2026-04-15,"2026-04-16 16:38:55",2954.58,0.00,0,0.00,27,"Ana Pineda",24,OFICINA,,,0,A_ABONO_ACTIVO,2026-04-15,abonos_creditos.fecha_pago,SI,"2026-04-16 16:38:55"
33459,25743,000-001-01-00040660,"LECHE Y DERIVADOS S.A ( LEYDE)",0.00,0,,2026-04-15,"2026-05-06 08:32:17",4622.31,0.00,0,0.00,64,"Kevin Nuñez",115,"Erling Peralta",,,0,A_ABONO_ACTIVO,2026-04-15,abonos_creditos.fecha_pago,NO,"2026-05-06 08:32:17"
33044,26136,000-001-01-00041052,"SUPERMERCADO LA COLONIA S.A. DE C.V.",0.00,0,,2026-04-15,"2026-04-16 15:18:31",221986.80,0.00,0,0.00,36,"Angel Villela",36,"Angel Villela",,,0,A_ABONO_ACTIVO,2026-04-15,abonos_creditos.fecha_pago,NO,"2026-04-16 15:18:31"
33045,26159,000-001-01-00041075,"SUPERMERCADO LA COLONIA S.A. DE C.V.",0.00,0,,2026-04-15,"2026-04-16 15:18:05",140599.00,0.00,0,0.00,36,"Angel Villela",36,"Angel Villela",,,0,A_ABONO_ACTIVO,2026-04-15,abonos_creditos.fecha_pago,NO,"2026-04-16 15:18:05"
33286,26211,000-001-01-00041127,"POWER CLEAN S.DE R.L DE CV",0.00,0,,2026-04-15,"2026-04-16 17:01:31",2954.58,0.00,0,0.00,57,"Josue Cerritos",24,OFICINA,,,0,A_ABONO_ACTIVO,2026-04-15,abonos_creditos.fecha_pago,NO,"2026-04-16 17:01:31"
33820,26582,000-001-01-00041498,"PERFUMERÍA MAGIE",0.00,0,,2026-04-15,"2026-04-16 15:25:37",556.60,0.00,0,0.00,97,"Madelin Sierra",24,OFICINA,,,0,A_ABONO_ACTIVO,2026-04-15,abonos_creditos.fecha_pago,NO,"2026-04-16 15:25:37"
33681,26655,000-001-01-00041571,"DISTRIBUCIONES M & K S. DE R,L.",0.00,0,,2026-04-15,"2026-04-16 15:30:34",32.20,0.00,0,0.00,57,"Josue Cerritos",24,OFICINA,,,0,A_ABONO_ACTIVO,2026-04-15,abonos_creditos.fecha_pago,NO,"2026-04-16 15:30:34"
33744,26658,000-001-01-00041574,"TIENDA LA ESTRELLA",0.00,0,,2026-04-15,"2026-04-16 15:34:21",1692.00,0.00,0,0.00,86,"Jose Luque Vendedor",87,"Mauricio Zavala",,,0,A_ABONO_ACTIVO,2026-04-15,abonos_creditos.fecha_pago,NO,"2026-04-16 15:34:21"
33821,26659,000-001-01-00041575,"BAZAR EL ZIPPER",0.00,0,,2026-04-15,"2026-04-16 15:31:38",1098.83,0.00,0,0.00,86,"Jose Luque Vendedor",87,"Mauricio Zavala",,,0,A_ABONO_ACTIVO,2026-04-15,abonos_creditos.fecha_pago,NO,"2026-04-16 15:31:38"
33728,26664,000-001-01-00041580,"CLIENTE GENERICO",0.00,0,,2026-04-15,"2026-04-16 15:29:07",325.42,0.00,0,0.00,57,"Josue Cerritos",24,OFICINA,,,0,A_ABONO_ACTIVO,2026-04-15,abonos_creditos.fecha_pago,NO,"2026-04-16 15:29:07"
33828,26698,000-001-01-00041614,"COMERCIAL SINAI",0.00,0,,2026-04-15,"2026-04-16 17:03:15",4250.40,0.00,0,0.00,57,"Josue Cerritos",24,OFICINA,,,0,A_ABONO_ACTIVO,2026-04-15,abonos_creditos.fecha_pago,NO,"2026-04-16 17:03:15"
33726,26711,000-001-01-00041627,"COMERCIAL REYES",0.00,0,,2026-04-15,"2026-04-16 15:23:34",759.00,0.00,0,0.00,97,"Madelin Sierra",24,OFICINA,,,0,A_ABONO_ACTIVO,2026-04-15,abonos_creditos.fecha_pago,NO,"2026-04-16 15:23:34"
33819,26718,000-001-01-00041634,"FULL COLOR",0.00,0,,2026-04-15,"2026-04-16 15:22:09",1518.00,0.00,0,0.00,64,"Kevin Nuñez",120,"CHRISTIAN ESTRADA",,,0,A_ABONO_ACTIVO,2026-04-15,abonos_creditos.fecha_pago,NO,"2026-04-16 15:22:09"
31686,24972,000-001-01-00039891,"TIENDA LA DICHA",0.00,0,,2026-04-16,"2026-04-16 16:31:24",1811.25,0.00,0,0.00,97,"Madelin Sierra",120,"CHRISTIAN ESTRADA",,,0,A_ABONO_ACTIVO,2026-04-16,abonos_creditos.fecha_pago,NO,"2026-04-16 16:31:24"
31334,25009,000-001-01-00039928,"DISTRIBUIDORA DE PRODUCTOS VARIADOS ¨DIPROVA¨",0.00,0,,2026-04-16,"2026-04-24 16:32:23",14860.90,0.00,0,0.00,64,"Kevin Nuñez",115,"Erling Peralta",,,0,A_ABONO_ACTIVO,2026-04-16,abonos_creditos.fecha_pago,NO,"2026-04-24 16:32:23"
31335,25020,000-001-01-00039939,"DISTRIBUIDORA DE PRODUCTOS VARIADOS ¨DIPROVA¨",0.00,0,,2026-04-16,"2026-04-24 16:31:59",21011.40,0.00,0,0.00,64,"Kevin Nuñez",115,"Erling Peralta",,,0,A_ABONO_ACTIVO,2026-04-16,abonos_creditos.fecha_pago,NO,"2026-04-24 16:31:59"
31336,25021,000-001-01-00039940,"DISTRIBUIDORA DE PRODUCTOS VARIADOS ¨DIPROVA¨",0.00,0,,2026-04-16,"2026-04-24 16:31:32",35397.00,0.00,0,0.00,97,"Madelin Sierra",115,"Erling Peralta",,,0,A_ABONO_ACTIVO,2026-04-16,abonos_creditos.fecha_pago,NO,"2026-04-24 16:31:32"
31337,25028,000-001-01-00039947,"DISTRIBUIDORA DE PRODUCTOS VARIADOS ¨DIPROVA¨",0.00,0,,2026-04-16,"2026-04-24 16:31:13",10255.56,0.00,0,0.00,64,"Kevin Nuñez",115,"Erling Peralta",,,0,A_ABONO_ACTIVO,2026-04-16,abonos_creditos.fecha_pago,NO,"2026-04-24 16:31:13"
31338,25031,000-001-01-00039950,"DISTRIBUIDORA DE PRODUCTOS VARIADOS ¨DIPROVA¨",0.00,0,,2026-04-16,"2026-04-24 16:30:52",13585.94,0.00,0,0.00,86,"Jose Luque Vendedor",115,"Erling Peralta",,,0,A_ABONO_ACTIVO,2026-04-16,abonos_creditos.fecha_pago,NO,"2026-04-24 16:30:52"
32722,25921,000-001-01-00040837,"CREDITO EMPLEADOS",0.00,0,,2026-04-16,"2026-04-30 09:59:30",757.16,0.00,0,0.00,27,"Ana Pineda",24,OFICINA,,,0,A_ABONO_ACTIVO,2026-04-16,abonos_creditos.fecha_pago,SI,"2026-04-30 09:59:30"
33672,26384,000-001-01-00041300,"PAPELERIA EMANUEL",0.00,0,,2026-04-16,"2026-04-16 16:41:16",3460.14,0.00,0,0.00,64,"Kevin Nuñez",115,"Erling Peralta",,,0,A_ABONO_ACTIVO,2026-04-16,abonos_creditos.fecha_pago,NO,"2026-04-16 16:41:16"
33539,26460,000-001-01-00041376,"ALCANCE S.A DE C.V.",0.00,0,,2026-04-16,"2026-05-05 08:49:16",44049.60,0.00,0,0.00,57,"Josue Cerritos",36,"Angel Villela",,,0,A_ABONO_ACTIVO,2026-04-16,abonos_creditos.fecha_pago,NO,"2026-05-05 08:49:16"
33540,26546,000-001-01-00041462,"ALCANCE S.A DE C.V.",0.00,0,,2026-04-16,"2026-05-05 08:49:33",1573.20,0.00,0,0.00,83,"Yosselin Palma",36,"Angel Villela",,,0,A_ABONO_ACTIVO,2026-04-16,abonos_creditos.fecha_pago,NO,"2026-05-05 08:49:33"
33673,26598,000-001-01-00041514,"PAPELERIA EMANUEL",0.00,0,,2026-04-16,"2026-04-16 16:43:48",445.91,0.00,0,0.00,27,"Ana Pineda",115,"Erling Peralta",,,0,A_ABONO_ACTIVO,2026-04-16,abonos_creditos.fecha_pago,SI,"2026-04-16 16:43:48"
33674,26611,000-001-01-00041527,"PAPELERIA EMANUEL",0.00,0,,2026-04-16,"2026-04-16 16:42:45",621.37,0.00,0,0.00,83,"Yosselin Palma",115,"Erling Peralta",,,0,A_ABONO_ACTIVO,2026-04-16,abonos_creditos.fecha_pago,NO,"2026-04-16 16:42:45"
33675,26615,000-001-01-00041531,"PAPELERIA EMANUEL",0.00,0,,2026-04-16,"2026-04-16 16:42:13",5250.98,0.00,0,0.00,83,"Yosselin Palma",115,"Erling Peralta",,,0,A_ABONO_ACTIVO,2026-04-16,abonos_creditos.fecha_pago,NO,"2026-04-16 16:42:13"
33645,26647,000-001-01-00041563,"CREDITO EMPLEADOS",0.00,0,,2026-04-16,"2026-04-27 11:34:01",150.90,0.00,0,0.00,57,"Josue Cerritos",24,OFICINA,,,0,A_ABONO_ACTIVO,2026-04-16,abonos_creditos.fecha_pago,NO,"2026-04-27 11:34:01"
33747,26678,000-001-01-00041594,"ESTHER BILINGUAL SCHOOL",0.00,0,,2026-04-16,"2026-04-25 10:19:30",3175.29,0.00,0,0.00,64,"Kevin Nuñez",115,"Erling Peralta",,,0,A_ABONO_ACTIVO,2026-04-16,abonos_creditos.fecha_pago,NO,"2026-04-25 10:19:30"
34000,26721,000-001-01-00041637,"DISTRIBUCIONES C & G",0.00,0,,2026-04-16,"2026-04-30 10:02:31",1920.13,0.00,0,0.00,13,"Belinda Lopez",13,"Belinda Lopez",,,0,A_ABONO_ACTIVO,2026-04-16,abonos_creditos.fecha_pago,NO,"2026-04-30 10:02:31"
33999,26749,000-001-01-00041665,"LEONEL ARTURO ARITA",0.00,0,,2026-04-16,"2026-04-30 10:00:41",3037.40,0.00,0,0.00,57,"Josue Cerritos",24,OFICINA,,,0,A_ABONO_ACTIVO,2026-04-16,abonos_creditos.fecha_pago,NO,"2026-04-30 10:00:41"
33906,26776,000-001-01-00041692,"ASOCIACION COMPARTIR CON LOS NIÑOS Y NIÑAS DE HONDURAS (COMP",0.00,0,,2026-04-16,"2026-04-25 09:15:10",6131.37,0.00,0,0.00,83,"Yosselin Palma",83,"Yosselin Palma",,,0,A_ABONO_ACTIVO,2026-04-16,abonos_creditos.fecha_pago,NO,"2026-04-25 09:15:10"
3136,108,000-001-01-00019094,"DISTRIBUCIONES M & K S. DE R,L.",0.00,0,,2026-04-17,"2026-04-17 14:26:35",36972.50,0.00,0,0.00,4,"Roy Zelaya",4,"Roy Zelaya",,,0,A_ABONO_ACTIVO,2026-04-17,abonos_creditos.fecha_pago,NO,"2026-04-17 14:26:35"
3190,2512,000-001-01-00020414,"DISTRIBUCIONES M & K S. DE R,L.",0.00,0,,2026-04-17,"2026-04-17 14:27:08",1163.80,0.00,0,0.00,4,"Roy Zelaya",24,OFICINA,,,0,A_ABONO_ACTIVO,2026-04-17,abonos_creditos.fecha_pago,NO,"2026-04-17 14:27:08"
28856,22946,000-001-01-00037874,"INVERSIONES VICTORIA",0.00,0,,2026-04-17,"2026-04-24 10:10:16",30644.80,0.00,0,0.00,30,"Kelyn Barahona",14,"Sulay Pineda",,,0,A_ABONO_ACTIVO,2026-04-17,abonos_creditos.fecha_pago,NO,"2026-04-24 10:10:16"
30134,23847,000-001-01-00038775,"TECHNO OFFICE SUPPLIES",0.00,0,,2026-04-17,"2026-04-27 15:24:53",9821.00,0.00,0,0.00,30,"Kelyn Barahona",24,OFICINA,,,0,A_ABONO_ACTIVO,2026-04-17,abonos_creditos.fecha_pago,NO,"2026-04-27 15:24:53"
30135,23850,000-001-01-00038778,"TECHNO OFFICE SUPPLIES",0.00,0,,2026-04-17,"2026-04-27 15:24:29",15640.00,0.00,0,0.00,30,"Kelyn Barahona",24,OFICINA,,,0,A_ABONO_ACTIVO,2026-04-17,abonos_creditos.fecha_pago,NO,"2026-04-27 15:24:29"
30136,23851,000-001-01-00038779,"TECHNO OFFICE SUPPLIES",0.00,0,,2026-04-17,"2026-04-27 15:24:05",28520.00,0.00,0,0.00,30,"Kelyn Barahona",24,OFICINA,,,0,A_ABONO_ACTIVO,2026-04-17,abonos_creditos.fecha_pago,NO,"2026-04-27 15:24:05"
30137,23852,000-001-01-00038780,"TECHNO OFFICE SUPPLIES",0.00,0,,2026-04-17,"2026-04-27 15:23:39",10350.00,0.00,0,0.00,30,"Kelyn Barahona",24,OFICINA,,,0,A_ABONO_ACTIVO,2026-04-17,abonos_creditos.fecha_pago,NO,"2026-04-27 15:23:39"
30138,23854,000-001-01-00038782,"TECHNO OFFICE SUPPLIES",0.00,0,,2026-04-17,"2026-04-27 15:22:53",21362.40,0.00,0,0.00,30,"Kelyn Barahona",24,OFICINA,,,0,A_ABONO_ACTIVO,2026-04-17,abonos_creditos.fecha_pago,NO,"2026-04-27 15:22:53"
30772,24555,000-001-01-00039477,"DISTRIBUCIONES M & K S. DE R,L.",0.00,0,,2026-04-17,"2026-04-23 14:13:46",54625.00,0.00,0,0.00,27,"Ana Pineda",24,OFICINA,,,0,A_ABONO_ACTIVO,2026-04-17,abonos_creditos.fecha_pago,SI,"2026-04-23 14:13:46"
31017,24564,000-001-01-00039486,"TECHNO OFFICE SUPPLIES",0.00,0,,2026-04-17,"2026-04-27 15:27:56",29011.46,0.00,0,0.00,27,"Ana Pineda",24,OFICINA,,,0,A_ABONO_ACTIVO,2026-04-17,abonos_creditos.fecha_pago,SI,"2026-04-27 15:27:56"
31031,24609,000-001-01-00039531,"PAPELERIA HONDURAS",0.00,0,,2026-04-17,"2026-05-05 10:53:38",1660.00,0.00,0,0.00,27,"Ana Pineda",24,OFICINA,,,0,A_ABONO_ACTIVO,2026-04-17,abonos_creditos.fecha_pago,SI,"2026-05-05 10:53:38"
31032,24671,000-001-01-00039593,"PAPELERIA HONDURAS",0.00,0,,2026-04-17,"2026-05-05 10:52:55",830.00,0.00,0,0.00,64,"Kevin Nuñez",24,OFICINA,,,0,A_ABONO_ACTIVO,2026-04-17,abonos_creditos.fecha_pago,NO,"2026-05-05 10:52:55"
31033,24676,000-001-01-00039598,"PAPELERIA HONDURAS",0.00,0,,2026-04-17,"2026-05-05 10:53:19",830.00,0.00,0,0.00,27,"Ana Pineda",24,OFICINA,,,0,A_ABONO_ACTIVO,2026-04-17,abonos_creditos.fecha_pago,SI,"2026-05-05 10:53:19"
31034,24717,000-001-01-00039639,"PAPELERIA HONDURAS",0.00,0,,2026-04-17,"2026-05-05 10:52:36",3187.20,0.00,0,0.00,27,"Ana Pineda",24,OFICINA,,,0,A_ABONO_ACTIVO,2026-04-17,abonos_creditos.fecha_pago,SI,"2026-05-05 10:52:36"
31604,24775,000-001-01-00039695,"TECHNO OFFICE SUPPLIES",0.00,0,,2026-04-17,"2026-04-27 15:26:40",20136.50,0.00,0,0.00,27,"Ana Pineda",24,OFICINA,,,0,A_ABONO_ACTIVO,2026-04-17,abonos_creditos.fecha_pago,SI,"2026-04-27 15:26:40"
31035,24792,000-001-01-00039712,"PAPELERIA HONDURAS",0.00,0,,2026-04-17,"2026-05-05 10:52:04",7049.00,0.00,0,0.00,27,"Ana Pineda",24,OFICINA,,,0,A_ABONO_ACTIVO,2026-04-17,abonos_creditos.fecha_pago,SI,"2026-05-05 10:52:04"
31605,25099,000-001-01-00040018,"TECHNO OFFICE SUPPLIES",0.00,0,,2026-04-17,"2026-04-27 15:26:08",1667.50,0.00,0,0.00,27,"Ana Pineda",24,OFICINA,,,0,A_ABONO_ACTIVO,2026-04-17,abonos_creditos.fecha_pago,SI,"2026-04-27 15:26:08"
32502,25114,000-001-01-00040033,"DISTRIBUIDORA COMERCIAL MÁS/DICOMAS",0.00,0,,2026-04-17,"2026-05-06 11:48:35",163875.00,0.00,0,0.00,89,"Jonathan Lopez",36,"Angel Villela",,,0,A_ABONO_ACTIVO,2026-04-17,abonos_creditos.fecha_pago,NO,"2026-05-06 11:48:35"
31749,25319,000-001-01-00040238,"TECHNO OFFICE SUPPLIES",0.00,0,,2026-04-17,"2026-04-27 15:25:43",7680.16,0.00,0,0.00,27,"Ana Pineda",24,OFICINA,,,0,A_ABONO_ACTIVO,2026-04-17,abonos_creditos.fecha_pago,SI,"2026-04-27 15:25:43"
31750,25437,000-001-01-00040356,"TECHNO OFFICE SUPPLIES",0.00,0,,2026-04-17,"2026-04-27 15:25:17",14128.90,0.00,0,0.00,27,"Ana Pineda",24,OFICINA,,,0,A_ABONO_ACTIVO,2026-04-17,abonos_creditos.fecha_pago,SI,"2026-04-27 15:25:17"
32330,25557,000-001-01-00040475,"CREDITO EMPLEADOS",0.00,0,,2026-04-17,"2026-04-27 11:36:36",3622.42,0.00,0,0.00,27,"Ana Pineda",24,OFICINA,,,0,A_ABONO_ACTIVO,2026-04-17,abonos_creditos.fecha_pago,SI,"2026-04-27 11:36:36"
32333,25645,000-001-01-00040562,"CREDITO EMPLEADOS",0.00,0,,2026-04-17,"2026-04-27 11:36:59",166.58,0.00,0,0.00,27,"Ana Pineda",24,OFICINA,,,0,A_ABONO_ACTIVO,2026-04-17,abonos_creditos.fecha_pago,SI,"2026-04-27 11:36:59"
32763,25657,000-001-01-00040574,"IMPRESIONES HERNANDEZ",0.00,0,,2026-04-17,"2026-04-24 09:43:19",34787.50,0.00,0,0.00,86,"Jose Luque Vendedor",14,"Sulay Pineda",,,0,A_ABONO_ACTIVO,2026-04-17,abonos_creditos.fecha_pago,NO,"2026-04-24 09:43:19"
32940,25922,000-001-01-00040838,"COOPERATIVA DE AHORRO Y CREDITO EDUCADORES DE HONDURAS LIMITADA (COACEHL)",0.00,0,,2026-04-17,"2026-05-06 08:58:55",50164.38,0.00,0,0.00,27,"Ana Pineda",13,"Belinda Lopez",,,0,A_ABONO_ACTIVO,2026-04-17,abonos_creditos.fecha_pago,SI,"2026-05-06 08:58:55"
33444,25986,000-001-01-00040902,"DISTRIBUIDORA M Y M S. DE R.L",0.00,0,,2026-04-17,"2026-04-24 16:38:21",7935.00,0.00,0,0.00,57,"Josue Cerritos",13,"Belinda Lopez",,,0,A_ABONO_ACTIVO,2026-04-17,abonos_creditos.fecha_pago,NO,"2026-04-24 16:38:21"
33119,26142,000-001-01-00041058,"CREDITO EMPLEADOS",0.00,0,,2026-04-17,"2026-04-27 11:46:33",721.11,0.00,0,0.00,27,"Ana Pineda",24,OFICINA,,,0,A_ABONO_ACTIVO,2026-04-17,abonos_creditos.fecha_pago,SI,"2026-04-27 11:46:33"
32985,26152,000-001-01-00041068,"COMERCIAL SINAI",0.00,0,,2026-04-17,"2026-04-30 12:06:51",1163.50,0.00,0,0.00,64,"Kevin Nuñez",24,OFICINA,,,0,A_ABONO_ACTIVO,2026-04-17,abonos_creditos.fecha_pago,NO,"2026-04-30 12:06:51"
33310,26280,000-001-01-00041196,"LARACH Y CIA",0.00,0,,2026-04-17,"2026-04-24 16:38:56",26632.85,0.00,0,0.00,13,"Belinda Lopez",13,"Belinda Lopez",,,0,A_ABONO_ACTIVO,2026-04-17,abonos_creditos.fecha_pago,NO,"2026-04-24 16:38:56"
33311,26282,000-001-01-00041198,"LARACH Y CIA",0.00,0,,2026-04-17,"2026-04-24 16:39:32",1039.95,0.00,0,0.00,13,"Belinda Lopez",13,"Belinda Lopez",,,0,A_ABONO_ACTIVO,2026-04-17,abonos_creditos.fecha_pago,NO,"2026-04-24 16:39:32"
33312,26283,000-001-01-00041199,"LARACH Y CIA",0.00,0,,2026-04-17,"2026-04-24 16:40:12",5299.89,0.00,0,0.00,13,"Belinda Lopez",13,"Belinda Lopez",,,0,A_ABONO_ACTIVO,2026-04-17,abonos_creditos.fecha_pago,NO,"2026-04-24 16:40:12"
33126,26285,000-001-01-00041201,"CREDITO EMPLEADOS",0.00,0,,2026-04-17,"2026-04-27 11:46:06",86.25,0.00,0,0.00,64,"Kevin Nuñez",24,OFICINA,,,0,A_ABONO_ACTIVO,2026-04-17,abonos_creditos.fecha_pago,NO,"2026-04-27 11:46:06"
33313,26321,000-001-01-00041237,"LARACH Y CIA",0.00,0,,2026-04-17,"2026-04-24 16:40:38",11020.34,0.00,0,0.00,13,"Belinda Lopez",13,"Belinda Lopez",,,0,A_ABONO_ACTIVO,2026-04-17,abonos_creditos.fecha_pago,NO,"2026-04-24 16:40:38"
33915,26704,000-001-01-00041620,"INVERSIONES ALEM",0.00,0,,2026-04-17,"2026-04-25 10:40:27",427.16,0.00,0,0.00,64,"Kevin Nuñez",115,"Erling Peralta",,,0,A_ABONO_ACTIVO,2026-04-17,abonos_creditos.fecha_pago,NO,"2026-04-25 10:40:27"
33790,26729,000-001-01-00041645,"SCHOOL SUPPLIES",0.00,0,,2026-04-17,"2026-04-24 16:28:38",7141.77,0.00,0,0.00,64,"Kevin Nuñez",115,"Erling Peralta",,,0,A_ABONO_ACTIVO,2026-04-17,abonos_creditos.fecha_pago,NO,"2026-04-24 16:28:38"
33941,26737,000-001-01-00041653,"SERVICIOS INTEGRADOS DE HONDURAS",0.00,0,,2026-04-17,"2026-04-27 14:57:45",2271.25,0.00,0,0.00,97,"Madelin Sierra",24,OFICINA,,,0,A_ABONO_ACTIVO,2026-04-17,abonos_creditos.fecha_pago,NO,"2026-04-27 14:57:45"
30837,24569,000-001-01-00039491,"DISTRIBUIDORA VENECIA",0.00,0,,2026-04-18,"2026-04-27 13:22:58",9091.92,0.00,0,0.00,27,"Ana Pineda",24,OFICINA,,,0,A_ABONO_ACTIVO,2026-04-18,abonos_creditos.fecha_pago,SI,"2026-04-27 13:22:58"
30838,24571,000-001-01-00039493,"DISTRIBUIDORA VENECIA",0.00,0,,2026-04-18,"2026-04-27 13:22:35",9315.00,0.00,0,0.00,27,"Ana Pineda",24,OFICINA,,,0,A_ABONO_ACTIVO,2026-04-18,abonos_creditos.fecha_pago,SI,"2026-04-27 13:22:35"
31710,25203,000-001-01-00040122,"HECTOR S OFFICE",0.00,0,,2026-04-18,"2026-04-27 09:27:42",35075.00,0.00,0,0.00,64,"Kevin Nuñez",115,"Erling Peralta",,,0,A_ABONO_ACTIVO,2026-04-18,abonos_creditos.fecha_pago,NO,"2026-04-27 09:27:42"
32995,26060,000-001-01-00040976,"COMERCIAL RAMIREZ N.2",0.00,0,,2026-04-18,"2026-04-25 10:01:26",3164.74,0.00,0,0.00,64,"Kevin Nuñez",115,"Erling Peralta",,,0,A_ABONO_ACTIVO,2026-04-18,abonos_creditos.fecha_pago,NO,"2026-04-25 10:01:26"
32998,26065,000-001-01-00040981,"COMERCIAL RAMIREZ N.2",0.00,0,,2026-04-18,"2026-04-25 10:02:00",4271.68,0.00,0,0.00,64,"Kevin Nuñez",115,"Erling Peralta",,,0,A_ABONO_ACTIVO,2026-04-18,abonos_creditos.fecha_pago,NO,"2026-04-25 10:02:00"
33001,26071,000-001-01-00040987,"COMERCIAL RAMIREZ N.2",0.00,0,,2026-04-18,"2026-04-25 10:02:20",21965.00,0.00,0,0.00,64,"Kevin Nuñez",115,"Erling Peralta",,,0,A_ABONO_ACTIVO,2026-04-18,abonos_creditos.fecha_pago,NO,"2026-04-25 10:02:20"
33002,26081,000-001-01-00040997,"COMERCIAL RAMIREZ N.2",0.00,0,,2026-04-18,"2026-04-25 10:02:44",18012.99,0.00,0,0.00,64,"Kevin Nuñez",115,"Erling Peralta",,,0,A_ABONO_ACTIVO,2026-04-18,abonos_creditos.fecha_pago,NO,"2026-04-25 10:02:44"
33307,26197,000-001-01-00041113,"ARTE ORIENTAL",0.00,0,,2026-04-18,"2026-04-30 17:02:00",2783.00,0.00,0,0.00,13,"Belinda Lopez",13,"Belinda Lopez",,,0,A_ABONO_ACTIVO,2026-04-18,abonos_creditos.fecha_pago,NO,"2026-04-30 17:02:00"
33054,26247,000-001-01-00041163,DISFERRO,0.00,0,,2026-04-18,"2026-04-30 12:20:10",9539.11,0.00,0,0.00,36,"Angel Villela",36,"Angel Villela",,,0,A_ABONO_ACTIVO,2026-04-18,abonos_creditos.fecha_pago,NO,"2026-04-30 12:20:10"
33308,26256,000-001-01-00041172,"ARTE ORIENTAL",0.00,0,,2026-04-18,"2026-04-30 17:02:24",9710.78,0.00,0,0.00,57,"Josue Cerritos",13,"Belinda Lopez",,,0,A_ABONO_ACTIVO,2026-04-18,abonos_creditos.fecha_pago,NO,"2026-04-30 17:02:24"
33198,26259,000-001-01-00041175,"LIBRERIA Y PAPELERIA  C Y M",0.00,0,,2026-04-18,"2026-05-06 09:41:08",3909.82,0.00,0,0.00,13,"Belinda Lopez",13,"Belinda Lopez",,,0,A_ABONO_ACTIVO,2026-04-18,abonos_creditos.fecha_pago,NO,"2026-05-06 09:41:08"
33309,26261,000-001-01-00041177,"ARTE ORIENTAL",0.00,0,,2026-04-18,"2026-04-30 17:02:43",8108.19,0.00,0,0.00,13,"Belinda Lopez",13,"Belinda Lopez",,,0,A_ABONO_ACTIVO,2026-04-18,abonos_creditos.fecha_pago,NO,"2026-04-30 17:02:43"
33832,26267,000-001-01-00041183,"SERVICIOS SECRETARIALES GENESIS",0.00,0,,2026-04-18,"2026-04-24 11:17:27",21223.37,0.00,0,0.00,86,"Jose Luque Vendedor",14,"Sulay Pineda",,,0,A_ABONO_ACTIVO,2026-04-18,abonos_creditos.fecha_pago,NO,"2026-04-24 11:17:27"
33618,26401,000-001-01-00041317,"LIBRERIA Y PAPELERIA  C Y M",0.00,0,,2026-04-18,"2026-05-06 09:41:27",3498.37,0.00,0,0.00,86,"Jose Luque Vendedor",13,"Belinda Lopez",,,0,A_ABONO_ACTIVO,2026-04-18,abonos_creditos.fecha_pago,NO,"2026-05-06 09:41:27"
33764,26740,000-001-01-00041656,"INVERSIONES OFIMUNDO",0.00,0,,2026-04-18,"2026-04-24 11:01:56",3701.43,0.00,0,0.00,86,"Jose Luque Vendedor",14,"Sulay Pineda",,,0,A_ABONO_ACTIVO,2026-04-18,abonos_creditos.fecha_pago,NO,"2026-04-24 11:01:56"
33845,26745,000-001-01-00041661,"OFFICE STAR",0.00,0,,2026-04-18,"2026-04-24 11:07:35",5666.65,0.00,0,0.00,86,"Jose Luque Vendedor",14,"Sulay Pineda",,,0,A_ABONO_ACTIVO,2026-04-18,abonos_creditos.fecha_pago,NO,"2026-04-24 11:07:35"
33834,26746,000-001-01-00041662,"INVERSIONES GATO S DE R.L  DE C.V (SCHOOL BOX)",0.00,0,,2026-04-18,"2026-04-25 10:33:59",8356.82,0.00,0,0.00,64,"Kevin Nuñez",115,"Erling Peralta",,,0,A_ABONO_ACTIVO,2026-04-18,abonos_creditos.fecha_pago,NO,"2026-04-25 10:33:59"
33777,26748,000-001-01-00041664,"CENTRO BASICO FRANCISCO MORAZAN",0.00,0,,2026-04-18,"2026-04-24 10:19:14",2214.79,0.00,0,0.00,86,"Jose Luque Vendedor",14,"Sulay Pineda",,,0,A_ABONO_ACTIVO,2026-04-18,abonos_creditos.fecha_pago,NO,"2026-04-24 10:19:14"
34002,26766,000-001-01-00041682,"INMOBILIARIA INTERAMERICANA S A",0.00,0,,2026-04-18,"2026-04-30 10:14:50",6961.55,0.00,0,0.00,57,"Josue Cerritos",24,OFICINA,,,0,A_ABONO_ACTIVO,2026-04-18,abonos_creditos.fecha_pago,NO,"2026-04-30 10:14:50"
32357,25382,000-001-01-00040301,DIREMAS,0.00,0,,2026-04-20,"2026-04-27 11:49:56",26847.90,0.00,0,0.00,27,"Ana Pineda",24,OFICINA,,,0,A_ABONO_ACTIVO,2026-04-20,abonos_creditos.fecha_pago,SI,"2026-04-27 11:49:56"
33203,25997,000-001-01-00040913,"ALPHA CARGO S DE R L",0.00,0,,2026-04-20,"2026-04-25 08:34:28",26680.00,0.00,0,0.00,57,"Josue Cerritos",87,"Mauricio Zavala",,,0,A_ABONO_ACTIVO,2026-04-20,abonos_creditos.fecha_pago,NO,"2026-04-25 08:34:28"
33161,26098,000-001-01-00041014,"DISTRIBUIDORA CLIPS S. DE R.L.",0.00,0,,2026-04-20,"2026-04-27 13:29:03",4464.00,0.00,0,0.00,83,"Yosselin Palma",24,OFICINA,,,0,A_ABONO_ACTIVO,2026-04-20,abonos_creditos.fecha_pago,NO,"2026-04-27 13:29:03"
33238,26303,000-001-01-00041219,"DISTRIBUIDORA CLIPS S. DE R.L.",0.00,0,,2026-04-20,"2026-04-27 13:29:24",16560.00,0.00,0,0.00,83,"Yosselin Palma",24,OFICINA,,,0,A_ABONO_ACTIVO,2026-04-20,abonos_creditos.fecha_pago,NO,"2026-04-27 13:29:24"
33239,26315,000-001-01-00041231,"DISTRIBUIDORA CLIPS S. DE R.L.",0.00,0,,2026-04-20,"2026-04-27 13:29:52",234.83,0.00,0,0.00,83,"Yosselin Palma",24,OFICINA,,,0,A_ABONO_ACTIVO,2026-04-20,abonos_creditos.fecha_pago,NO,"2026-04-27 13:29:52"
33718,26719,000-001-01-00041635,"PULPERIA DAYANNA",0.00,0,,2026-04-20,"2026-04-24 10:15:13",1518.00,0.00,0,0.00,86,"Jose Luque Vendedor",14,"Sulay Pineda",,,0,A_ABONO_ACTIVO,2026-04-20,abonos_creditos.fecha_pago,NO,"2026-04-24 10:15:13"
33732,26725,000-001-01-00041641,"IGLESIA DE DIOS EN HONDURAS",0.00,0,,2026-04-20,"2026-04-25 10:48:43",416.99,0.00,0,0.00,64,"Kevin Nuñez",115,"Erling Peralta",,,0,A_ABONO_ACTIVO,2026-04-20,abonos_creditos.fecha_pago,NO,"2026-04-25 10:48:43"
33844,26731,000-001-01-00041647,"INVERSIONES FENIX",0.00,0,,2026-04-20,"2026-04-24 11:20:24",1165.41,0.00,0,0.00,86,"Jose Luque Vendedor",14,"Sulay Pineda",,,0,A_ABONO_ACTIVO,2026-04-20,abonos_creditos.fecha_pago,NO,"2026-04-24 11:20:24"
27919,22315,000-001-01-00037243,"INVERSIONES SUAZO ESPINOZA",0.00,0,,2026-04-21,"2026-04-24 11:46:51",612.28,0.00,0,0.00,83,"Yosselin Palma",14,"Sulay Pineda",,,0,A_ABONO_ACTIVO,2026-04-21,abonos_creditos.fecha_pago,NO,"2026-04-24 11:46:51"
27965,22317,000-001-01-00037245,"INVERSIONES SUAZO ESPINOZA",0.00,0,,2026-04-21,"2026-04-24 11:40:31",397.44,0.00,0,0.00,83,"Yosselin Palma",14,"Sulay Pineda",,,0,A_ABONO_ACTIVO,2026-04-21,abonos_creditos.fecha_pago,NO,"2026-04-24 11:40:31"
27966,22318,000-001-01-00037246,"INVERSIONES SUAZO ESPINOZA",0.00,0,,2026-04-21,"2026-04-24 11:40:47",3821.99,0.00,0,0.00,64,"Kevin Nuñez",14,"Sulay Pineda",,,0,A_ABONO_ACTIVO,2026-04-21,abonos_creditos.fecha_pago,NO,"2026-04-24 11:40:47"
27967,22319,000-001-01-00037247,"INVERSIONES SUAZO ESPINOZA",0.00,0,,2026-04-21,"2026-04-24 11:41:06",924.32,0.00,0,0.00,83,"Yosselin Palma",14,"Sulay Pineda",,,0,A_ABONO_ACTIVO,2026-04-21,abonos_creditos.fecha_pago,NO,"2026-04-24 11:41:06"
27968,22320,000-001-01-00037248,"INVERSIONES SUAZO ESPINOZA",0.00,0,,2026-04-21,"2026-04-24 11:41:27",19975.82,0.00,0,0.00,64,"Kevin Nuñez",14,"Sulay Pineda",,,0,A_ABONO_ACTIVO,2026-04-21,abonos_creditos.fecha_pago,NO,"2026-04-24 11:41:27"
27969,22323,000-001-01-00037251,"INVERSIONES SUAZO ESPINOZA",0.00,0,,2026-04-21,"2026-04-24 11:41:44",4053.89,0.00,0,0.00,64,"Kevin Nuñez",14,"Sulay Pineda",,,0,A_ABONO_ACTIVO,2026-04-21,abonos_creditos.fecha_pago,NO,"2026-04-24 11:41:44"
27970,22324,000-001-01-00037252,"INVERSIONES SUAZO ESPINOZA",0.00,0,,2026-04-21,"2026-04-24 11:42:01",94423.01,0.00,0,0.00,83,"Yosselin Palma",14,"Sulay Pineda",,,0,A_ABONO_ACTIVO,2026-04-21,abonos_creditos.fecha_pago,NO,"2026-04-24 11:42:01"
27971,22328,000-001-01-00037256,"INVERSIONES SUAZO ESPINOZA",0.00,0,,2026-04-21,"2026-04-24 11:42:18",4676.26,0.00,0,0.00,64,"Kevin Nuñez",14,"Sulay Pineda",,,0,A_ABONO_ACTIVO,2026-04-21,abonos_creditos.fecha_pago,NO,"2026-04-24 11:42:18"
27972,22331,000-001-01-00037259,"INVERSIONES SUAZO ESPINOZA",0.00,0,,2026-04-21,"2026-04-24 11:43:16",13261.26,0.00,0,0.00,64,"Kevin Nuñez",14,"Sulay Pineda",,,0,A_ABONO_ACTIVO,2026-04-21,abonos_creditos.fecha_pago,NO,"2026-04-24 11:43:16"
27973,22332,000-001-01-00037260,"INVERSIONES SUAZO ESPINOZA",0.00,0,,2026-04-21,"2026-04-24 11:42:43",8573.40,0.00,0,0.00,64,"Kevin Nuñez",14,"Sulay Pineda",,,0,A_ABONO_ACTIVO,2026-04-21,abonos_creditos.fecha_pago,NO,"2026-04-24 11:42:43"
27974,22334,000-001-01-00037262,"INVERSIONES SUAZO ESPINOZA",0.00,0,,2026-04-21,"2026-04-24 11:43:37",13793.01,0.00,0,0.00,83,"Yosselin Palma",14,"Sulay Pineda",,,0,A_ABONO_ACTIVO,2026-04-21,abonos_creditos.fecha_pago,NO,"2026-04-24 11:43:37"
27975,22346,000-001-01-00037274,"INVERSIONES SUAZO ESPINOZA",0.00,0,,2026-04-21,"2026-04-24 11:44:00",40120.42,0.00,0,0.00,64,"Kevin Nuñez",14,"Sulay Pineda",,,0,A_ABONO_ACTIVO,2026-04-21,abonos_creditos.fecha_pago,NO,"2026-04-24 11:44:00"
27976,22347,000-001-01-00037275,"INVERSIONES SUAZO ESPINOZA",0.00,0,,2026-04-21,"2026-04-24 11:45:19",1804.46,0.00,0,0.00,64,"Kevin Nuñez",14,"Sulay Pineda",,,0,A_ABONO_ACTIVO,2026-04-21,abonos_creditos.fecha_pago,NO,"2026-04-24 11:45:19"
27977,22348,000-001-01-00037276,"INVERSIONES SUAZO ESPINOZA",0.00,0,,2026-04-21,"2026-04-24 11:46:02",6831.00,0.00,0,0.00,83,"Yosselin Palma",14,"Sulay Pineda",,,0,A_ABONO_ACTIVO,2026-04-21,abonos_creditos.fecha_pago,NO,"2026-04-24 11:46:02"
29111,23193,000-001-01-00038121,"CORPORACION GENESIS S DE R.L",0.00,0,,2026-04-21,"2026-04-27 16:01:44",7762.50,0.00,0,0.00,30,"Kelyn Barahona",24,OFICINA,,,0,A_ABONO_ACTIVO,2026-04-21,abonos_creditos.fecha_pago,NO,"2026-04-27 16:01:44"
30194,23287,000-001-01-00038215,"INVERSIONES SUAZO ESPINOZA",0.00,0,,2026-04-21,"2026-04-24 11:46:29",32918.42,0.00,0,0.00,27,"Ana Pineda",14,"Sulay Pineda",,,0,A_ABONO_ACTIVO,2026-04-21,abonos_creditos.fecha_pago,SI,"2026-04-24 11:46:29"
29545,23514,000-001-01-00038442,"CORPORACION GENESIS S DE R.L",0.00,0,,2026-04-21,"2026-04-27 16:02:07",14352.00,0.00,0,0.00,30,"Kelyn Barahona",24,OFICINA,,,0,A_ABONO_ACTIVO,2026-04-21,abonos_creditos.fecha_pago,NO,"2026-04-27 16:02:07"
30352,23573,000-001-01-00038501,"FENA DEPOT",0.00,0,,2026-04-21,"2026-04-25 11:06:24",18216.00,0.00,0,0.00,64,"Kevin Nuñez",24,OFICINA,,,0,A_ABONO_ACTIVO,2026-04-21,abonos_creditos.fecha_pago,NO,"2026-04-25 11:06:24"
30170,23906,000-001-01-00038834,"EMBOTELLADORA LA REYNA S.A",0.00,0,,2026-04-21,"2026-05-05 11:20:50",29605.95,0.00,0,0.00,57,"Josue Cerritos",13,"Belinda Lopez",,,0,A_ABONO_ACTIVO,2026-04-21,abonos_creditos.fecha_pago,NO,"2026-05-05 11:20:50"
30584,24050,000-001-01-00038978,"UTILES ESCOLARES EDR",0.00,0,,2026-04-21,"2026-04-24 16:37:56",94899.60,0.00,0,0.00,57,"Josue Cerritos",13,"Belinda Lopez",,,0,A_ABONO_ACTIVO,2026-04-21,abonos_creditos.fecha_pago,NO,"2026-04-24 16:37:56"
31029,24288,000-001-01-00039216,"TONER STORE",0.00,0,,2026-04-21,"2026-04-24 16:34:22",9522.00,0.00,0,0.00,57,"Josue Cerritos",13,"Belinda Lopez",,,0,A_ABONO_ACTIVO,2026-04-21,abonos_creditos.fecha_pago,NO,"2026-04-24 16:34:22"
31266,24319,000-001-01-00039247,"FENA DEPOT",0.00,0,,2026-04-21,"2026-04-25 11:06:51",816.00,0.00,0,0.00,97,"Madelin Sierra",24,OFICINA,,,0,A_ABONO_ACTIVO,2026-04-21,abonos_creditos.fecha_pago,NO,"2026-04-25 11:06:51"
31339,25036,000-001-01-00039955,"DISTRIBUIDORA DE PRODUCTOS VARIADOS ¨DIPROVA¨",0.00,0,,2026-04-21,"2026-04-24 16:30:29",105000.75,0.00,0,0.00,64,"Kevin Nuñez",115,"Erling Peralta",,,0,A_ABONO_ACTIVO,2026-04-21,abonos_creditos.fecha_pago,NO,"2026-04-24 16:30:29"
32159,25081,000-001-01-00040000,"LA CASA DE PAPEL",0.00,0,,2026-04-21,"2026-04-24 15:56:29",98664.60,0.00,0,0.00,98,"Yimmy Funes",65,"Jessy Alvarado",,,0,A_ABONO_ACTIVO,2026-04-21,abonos_creditos.fecha_pago,NO,"2026-04-24 15:56:29"
31573,25135,000-001-01-00040054,"DISTRIBUIDORA DE PRODUCTOS VARIADOS ¨DIPROVA¨",0.00,0,,2026-04-21,"2026-04-24 16:29:50",2507.90,0.00,0,0.00,64,"Kevin Nuñez",115,"Erling Peralta",,,0,A_ABONO_ACTIVO,2026-04-21,abonos_creditos.fecha_pago,NO,"2026-04-24 16:29:50"
31574,25136,000-001-01-00040055,"DISTRIBUIDORA DE PRODUCTOS VARIADOS ¨DIPROVA¨",0.00,0,,2026-04-21,"2026-04-30 15:45:49",3079.13,0.00,0,0.00,64,"Kevin Nuñez",115,"Erling Peralta",,,0,A_ABONO_ACTIVO,2026-04-21,abonos_creditos.fecha_pago,NO,"2026-04-30 15:45:49"
31681,25248,000-001-01-00040167,OFFICETEC,0.00,0,,2026-04-21,"2026-04-30 09:25:14",17103.55,0.00,0,0.00,83,"Yosselin Palma",83,"Yosselin Palma",,,0,A_ABONO_ACTIVO,2026-04-21,abonos_creditos.fecha_pago,NO,"2026-04-30 09:25:14"
31682,25273,000-001-01-00040192,OFFICETEC,0.00,0,,2026-04-21,"2026-04-30 09:25:55",4329.99,0.00,0,0.00,83,"Yosselin Palma",83,"Yosselin Palma",,,0,A_ABONO_ACTIVO,2026-04-21,abonos_creditos.fecha_pago,NO,"2026-04-30 09:25:55"
31759,25349,000-001-01-00040268,"VARIEDADES MADRID",0.00,0,,2026-04-21,"2026-04-25 11:21:48",2727.58,0.00,0,0.00,64,"Kevin Nuñez",115,"Erling Peralta",,,0,A_ABONO_ACTIVO,2026-04-21,abonos_creditos.fecha_pago,NO,"2026-04-25 11:21:48"
31760,25350,000-001-01-00040269,"VARIEDADES MADRID",0.00,0,,2026-04-21,"2026-04-25 11:21:25",324.00,0.00,0,0.00,64,"Kevin Nuñez",115,"Erling Peralta",,,0,A_ABONO_ACTIVO,2026-04-21,abonos_creditos.fecha_pago,NO,"2026-04-25 11:21:25"
31761,25360,000-001-01-00040279,"VARIEDADES MADRID",0.00,0,,2026-04-21,"2026-04-25 11:21:04",517.56,0.00,0,0.00,64,"Kevin Nuñez",115,"Erling Peralta",,,0,A_ABONO_ACTIVO,2026-04-21,abonos_creditos.fecha_pago,NO,"2026-04-25 11:21:04"
32212,25373,000-001-01-00040292,ATEXA,0.00,0,,2026-04-21,"2026-04-24 16:35:12",3898.50,0.00,0,0.00,57,"Josue Cerritos",13,"Belinda Lopez",,,0,A_ABONO_ACTIVO,2026-04-21,abonos_creditos.fecha_pago,NO,"2026-04-24 16:35:12"
31762,25377,000-001-01-00040296,"VARIEDADES MADRID",0.00,0,,2026-04-21,"2026-04-25 11:20:42",2555.67,2049.30,0,0.00,64,"Kevin Nuñez",115,"Erling Peralta",,,0,A_ABONO_ACTIVO,2026-04-21,abonos_creditos.fecha_pago,NO,"2026-04-25 11:20:42"
31763,25378,000-001-01-00040297,"VARIEDADES MADRID",0.00,0,,2026-04-21,"2026-04-25 11:18:32",3091.20,0.00,0,0.00,64,"Kevin Nuñez",115,"Erling Peralta",,,0,A_ABONO_ACTIVO,2026-04-21,abonos_creditos.fecha_pago,NO,"2026-04-25 11:18:32"
31764,25379,000-001-01-00040298,"VARIEDADES MADRID",0.00,0,,2026-04-21,"2026-04-25 11:19:26",12968.55,0.00,0,0.00,64,"Kevin Nuñez",115,"Erling Peralta",,,0,A_ABONO_ACTIVO,2026-04-21,abonos_creditos.fecha_pago,NO,"2026-04-25 11:19:26"
32213,25380,000-001-01-00040299,ATEXA,0.00,0,,2026-04-21,"2026-04-24 16:35:31",1426.00,0.00,0,0.00,57,"Josue Cerritos",13,"Belinda Lopez",,,0,A_ABONO_ACTIVO,2026-04-21,abonos_creditos.fecha_pago,NO,"2026-04-24 16:35:31"
31719,25434,000-001-01-00040353,"HECTOR S OFFICE",0.00,0,,2026-04-21,"2026-04-27 09:28:10",2012.87,0.00,0,0.00,64,"Kevin Nuñez",115,"Erling Peralta",,,0,A_ABONO_ACTIVO,2026-04-21,abonos_creditos.fecha_pago,NO,"2026-04-27 09:28:10"
32495,25449,000-001-01-00040368,"HECTOR S OFFICE",0.00,0,,2026-04-21,"2026-04-27 09:28:40",8464.00,0.00,0,0.00,64,"Kevin Nuñez",115,"Erling Peralta",,,0,A_ABONO_ACTIVO,2026-04-21,abonos_creditos.fecha_pago,NO,"2026-04-27 09:28:40"
32508,25563,000-001-01-00040480,ATEXA,0.00,0,,2026-04-21,"2026-04-24 16:36:34",4209.37,0.00,0,0.00,57,"Josue Cerritos",13,"Belinda Lopez",,,0,A_ABONO_ACTIVO,2026-04-21,abonos_creditos.fecha_pago,NO,"2026-04-24 16:36:34"
32492,25668,000-001-01-00040585,"SOLUTEC S. DE R.L.",0.00,0,,2026-04-21,"2026-05-13 12:07:01",35937.50,0.00,0,0.00,97,"Madelin Sierra",115,"Erling Peralta",,,0,A_ABONO_ACTIVO,2026-04-21,abonos_creditos.fecha_pago,NO,"2026-05-13 12:07:01"
32621,25770,000-001-01-00040687,ATEXA,0.00,0,,2026-04-21,"2026-04-24 16:36:15",3726.00,0.00,0,0.00,57,"Josue Cerritos",13,"Belinda Lopez",,,0,A_ABONO_ACTIVO,2026-04-21,abonos_creditos.fecha_pago,NO,"2026-04-24 16:36:15"
32737,25931,000-001-01-00040847,"SOLUTEC S. DE R.L.",0.00,0,,2026-04-21,"2026-05-13 12:07:24",3050.35,0.00,0,0.00,89,"Jonathan Lopez",115,"Erling Peralta",,,0,A_ABONO_ACTIVO,2026-04-21,abonos_creditos.fecha_pago,NO,"2026-05-13 12:07:24"
33094,25972,000-001-01-00040888,"SOLUTEC S. DE R.L.",0.00,0,,2026-04-21,"2026-05-13 12:08:17",4960.66,0.00,0,0.00,64,"Kevin Nuñez",115,"Erling Peralta",,,0,A_ABONO_ACTIVO,2026-04-21,abonos_creditos.fecha_pago,NO,"2026-05-13 12:08:17"
33095,25973,000-001-01-00040889,"SOLUTEC S. DE R.L.",0.00,0,,2026-04-21,"2026-05-13 12:08:52",3186.76,0.00,0,0.00,64,"Kevin Nuñez",115,"Erling Peralta",,,0,A_ABONO_ACTIVO,2026-04-21,abonos_creditos.fecha_pago,NO,"2026-05-13 12:08:52"
32907,26033,000-001-01-00040949,ATEXA,0.00,0,,2026-04-21,"2026-04-24 16:35:53",3754.29,0.00,0,0.00,57,"Josue Cerritos",13,"Belinda Lopez",,,0,A_ABONO_ACTIVO,2026-04-21,abonos_creditos.fecha_pago,NO,"2026-04-24 16:35:53"
32993,26056,000-001-01-00040972,"COMERCIAL RAMIREZ N.2",0.00,0,,2026-04-21,"2026-04-25 10:10:56",3164.74,0.00,0,0.00,64,"Kevin Nuñez",115,"Erling Peralta",,,0,A_ABONO_ACTIVO,2026-04-21,abonos_creditos.fecha_pago,NO,"2026-04-25 10:10:56"
32996,26063,000-001-01-00040979,"COMERCIAL RAMIREZ N.2",0.00,0,,2026-04-21,"2026-04-25 10:11:55",8175.36,0.00,0,0.00,64,"Kevin Nuñez",115,"Erling Peralta",,,0,A_ABONO_ACTIVO,2026-04-21,abonos_creditos.fecha_pago,NO,"2026-04-25 10:11:55"
32999,26067,000-001-01-00040983,"COMERCIAL RAMIREZ N.2",0.00,0,,2026-04-21,"2026-04-25 10:10:33",16491.00,0.00,0,0.00,64,"Kevin Nuñez",115,"Erling Peralta",,,0,A_ABONO_ACTIVO,2026-04-21,abonos_creditos.fecha_pago,NO,"2026-04-25 10:10:33"
33004,26088,000-001-01-00041004,"COMERCIAL RAMIREZ N.2",0.00,0,,2026-04-21,"2026-04-25 10:12:19",20927.16,0.00,0,0.00,64,"Kevin Nuñez",115,"Erling Peralta",,,0,A_ABONO_ACTIVO,2026-04-21,abonos_creditos.fecha_pago,NO,"2026-04-25 10:12:19"
33014,26154,000-001-01-00041070,OFFICETEC,0.00,0,,2026-04-21,"2026-04-30 09:25:34",9660.00,0.00,0,0.00,97,"Madelin Sierra",24,OFICINA,,,0,A_ABONO_ACTIVO,2026-04-21,abonos_creditos.fecha_pago,NO,"2026-04-30 09:25:34"
33277,26156,000-001-01-00041072,"CORPORACION INDUSTRIAL RIVERA S. DE R.L DE C.V",0.00,0,,2026-04-21,"2026-05-05 14:42:44",10902.00,0.00,0,0.00,97,"Madelin Sierra",24,OFICINA,,,0,A_ABONO_ACTIVO,2026-04-21,abonos_creditos.fecha_pago,NO,"2026-05-05 14:42:44"
33217,26231,000-001-01-00041147,"VARIEDADES MADRID",0.00,0,,2026-04-21,"2026-04-25 11:20:17",8556.00,0.00,0,0.00,64,"Kevin Nuñez",115,"Erling Peralta",,,0,A_ABONO_ACTIVO,2026-04-21,abonos_creditos.fecha_pago,NO,"2026-04-25 11:20:17"
33194,26250,000-001-01-00041166,OFFICETEC,0.00,0,,2026-04-21,"2026-04-30 09:24:10",7705.00,0.00,0,0.00,97,"Madelin Sierra",24,OFICINA,,,0,A_ABONO_ACTIVO,2026-04-21,abonos_creditos.fecha_pago,NO,"2026-04-30 09:24:10"
33465,26270,000-001-01-00041186,"COPICENTRO DIANA",0.00,0,,2026-04-21,"2026-04-24 11:24:02",35752.92,0.00,0,0.00,86,"Jose Luque Vendedor",14,"Sulay Pineda",,,0,A_ABONO_ACTIVO,2026-04-21,abonos_creditos.fecha_pago,NO,"2026-04-24 11:24:02"
33466,26279,000-001-01-00041195,"COPICENTRO DIANA",0.00,0,,2026-04-21,"2026-04-24 11:24:39",9716.93,0.00,0,0.00,86,"Jose Luque Vendedor",14,"Sulay Pineda",,,0,A_ABONO_ACTIVO,2026-04-21,abonos_creditos.fecha_pago,NO,"2026-04-24 11:24:39"
33986,26316,000-001-01-00041232,MARVE,0.00,0,,2026-04-21,"2026-04-30 09:44:29",41607.00,0.00,0,0.00,27,"Ana Pineda",24,OFICINA,,,0,A_ABONO_ACTIVO,2026-04-21,abonos_creditos.fecha_pago,SI,"2026-04-30 09:44:29"
33280,26326,000-001-01-00041242,"BORMAC S S. DE R.L.",0.00,0,,2026-04-21,"2026-04-25 10:44:43",4031.28,0.00,0,0.00,64,"Kevin Nuñez",115,"Erling Peralta",,,0,A_ABONO_ACTIVO,2026-04-21,abonos_creditos.fecha_pago,NO,"2026-04-25 10:44:43"
33281,26328,000-001-01-00041244,"BORMAC S S. DE R.L.",0.00,0,,2026-04-21,"2026-04-25 10:45:06",3204.28,0.00,0,0.00,64,"Kevin Nuñez",115,"Erling Peralta",,,0,A_ABONO_ACTIVO,2026-04-21,abonos_creditos.fecha_pago,NO,"2026-04-25 10:45:06"
33398,26333,000-001-01-00041249,"COPIAS Y MAS  ZABDI",0.00,0,,2026-04-21,"2026-04-30 16:11:22",24217.72,0.00,0,0.00,57,"Josue Cerritos",87,"Mauricio Zavala",,,0,A_ABONO_ACTIVO,2026-04-21,abonos_creditos.fecha_pago,NO,"2026-04-30 16:11:22"
33375,26346,000-001-01-00041262,"BORMAC S S. DE R.L.",0.00,0,,2026-04-21,"2026-04-25 10:45:32",4145.50,0.00,0,0.00,64,"Kevin Nuñez",115,"Erling Peralta",,,0,A_ABONO_ACTIVO,2026-04-21,abonos_creditos.fecha_pago,NO,"2026-04-25 10:45:32"
33795,26687,000-001-01-00041603,"MINI SUPER DIOXI",0.00,0,,2026-04-21,"2026-04-27 08:49:08",6832.58,0.00,0,0.00,64,"Kevin Nuñez",115,"Erling Peralta",,,0,A_ABONO_ACTIVO,2026-04-21,abonos_creditos.fecha_pago,NO,"2026-04-27 08:49:08"
33929,26707,000-001-01-00041623,"VARIEDADES POPULAR",0.00,0,,2026-04-21,"2026-04-30 09:49:29",1610.31,0.00,0,0.00,64,"Kevin Nuñez",115,"Erling Peralta",,,0,A_ABONO_ACTIVO,2026-04-21,abonos_creditos.fecha_pago,NO,"2026-04-30 09:49:29"
33714,26713,000-001-01-00041629,"GRAFICAS CEIBEÑAS",0.00,0,,2026-04-21,"2026-04-30 09:56:49",1592.95,0.00,0,0.00,64,"Kevin Nuñez",115,"Erling Peralta",,,0,A_ABONO_ACTIVO,2026-04-21,abonos_creditos.fecha_pago,NO,"2026-04-30 09:56:49"
33715,26715,000-001-01-00041631,"GRAFICAS CEIBEÑAS",0.00,0,,2026-04-21,"2026-04-30 09:57:06",2170.92,0.00,0,0.00,64,"Kevin Nuñez",115,"Erling Peralta",,,0,A_ABONO_ACTIVO,2026-04-21,abonos_creditos.fecha_pago,NO,"2026-04-30 09:57:06"
33801,26722,000-001-01-00041638,"YESSENIA PATRICIA GARCIA PINEDA",0.00,0,,2026-04-21,"2026-04-30 09:53:38",878.83,0.00,0,0.00,86,"Jose Luque Vendedor",14,"Sulay Pineda",,,0,A_ABONO_ACTIVO,2026-04-21,abonos_creditos.fecha_pago,NO,"2026-04-30 09:53:38"
33930,26727,000-001-01-00041643,"VARIEDADES POPULAR",0.00,0,,2026-04-21,"2026-04-30 09:49:11",1848.55,0.00,0,0.00,64,"Kevin Nuñez",115,"Erling Peralta",,,0,A_ABONO_ACTIVO,2026-04-21,abonos_creditos.fecha_pago,NO,"2026-04-30 09:49:11"
33922,26742,000-001-01-00041658,"CASA ENNABE",0.00,0,,2026-04-21,"2026-04-27 08:57:27",10743.59,0.00,0,0.00,64,"Kevin Nuñez",115,"Erling Peralta",,,0,A_ABONO_ACTIVO,2026-04-21,abonos_creditos.fecha_pago,NO,"2026-04-27 08:57:27"
33991,26751,000-001-01-00041667,"ALCALDIA MUNICIPAL DE SAN ANTONIO DE ORIENTE F.M",0.00,0,,2026-04-21,"2026-04-30 09:55:43",247.25,0.00,0,0.00,57,"Josue Cerritos",24,OFICINA,,,0,A_ABONO_ACTIVO,2026-04-21,abonos_creditos.fecha_pago,NO,"2026-04-30 09:55:43"
33990,26753,000-001-01-00041669,"GAMEDICAL S DE R.L",0.00,0,,2026-04-21,"2026-04-30 09:52:59",631.47,0.00,0,0.00,83,"Yosselin Palma",24,OFICINA,,,0,A_ABONO_ACTIVO,2026-04-21,abonos_creditos.fecha_pago,NO,"2026-04-30 09:52:59"
33847,26763,000-001-01-00041679,"INVERSIONES GATO S DE R.L  DE C.V (SCHOOL BOX)",0.00,0,,2026-04-21,"2026-04-27 09:07:15",2115.06,0.00,0,0.00,64,"Kevin Nuñez",115,"Erling Peralta",,,0,A_ABONO_ACTIVO,2026-04-21,abonos_creditos.fecha_pago,NO,"2026-04-27 09:07:15"
33987,26768,000-001-01-00041684,"ABARROTERIA WAI MING",0.00,0,,2026-04-21,"2026-04-30 09:51:27",2379.35,0.00,0,0.00,64,"Kevin Nuñez",120,"CHRISTIAN ESTRADA",,,0,A_ABONO_ACTIVO,2026-04-21,abonos_creditos.fecha_pago,NO,"2026-04-30 09:51:27"
33909,26778,000-001-01-00041694,"MAFER INVERSIONES S. DE R.L.",0.00,0,,2026-04-21,"2026-04-24 16:37:21",2312.07,0.00,0,0.00,13,"Belinda Lopez",13,"Belinda Lopez",,,0,A_ABONO_ACTIVO,2026-04-21,abonos_creditos.fecha_pago,NO,"2026-04-24 16:37:21"
33892,26787,000-001-01-00041703,"PAPELERIA HONDURAS",0.00,0,,2026-04-21,"2026-04-27 16:04:34",1989.89,0.00,0,0.00,83,"Yosselin Palma",24,OFICINA,,,0,A_ABONO_ACTIVO,2026-04-21,abonos_creditos.fecha_pago,NO,"2026-04-27 16:04:34"
30218,24020,000-001-01-00038948,"SAMMY S ESCOLARES",0.00,0,,2026-04-22,"2026-04-30 16:08:46",33025.16,0.00,0,0.00,89,"Jonathan Lopez",87,"Mauricio Zavala",,,0,A_ABONO_ACTIVO,2026-04-22,abonos_creditos.fecha_pago,NO,"2026-04-30 16:08:46"
30219,24025,000-001-01-00038953,"SAMMY S ESCOLARES",0.00,0,,2026-04-22,"2026-05-06 08:23:28",14596.33,0.00,0,0.00,89,"Jonathan Lopez",87,"Mauricio Zavala",,,0,A_ABONO_ACTIVO,2026-04-22,abonos_creditos.fecha_pago,NO,"2026-05-06 08:23:28"
31098,24851,000-001-01-00039771,"TONER STORE",0.00,0,,2026-04-22,"2026-04-24 15:54:24",902.74,0.00,0,0.00,57,"Josue Cerritos",13,"Belinda Lopez",,,0,A_ABONO_ACTIVO,2026-04-22,abonos_creditos.fecha_pago,NO,"2026-04-24 15:54:24"
31099,24852,000-001-01-00039772,"TONER STORE",0.00,0,,2026-04-22,"2026-04-24 15:55:56",402.50,0.00,0,0.00,57,"Josue Cerritos",13,"Belinda Lopez",,,0,A_ABONO_ACTIVO,2026-04-22,abonos_creditos.fecha_pago,NO,"2026-04-24 15:55:56"
31100,24853,000-001-01-00039773,"TONER STORE",0.00,0,,2026-04-22,"2026-04-24 15:56:32",1890.64,0.00,0,0.00,57,"Josue Cerritos",13,"Belinda Lopez",,,0,A_ABONO_ACTIVO,2026-04-22,abonos_creditos.fecha_pago,NO,"2026-04-24 15:56:32"
31101,24854,000-001-01-00039774,"TONER STORE",0.00,0,,2026-04-22,"2026-04-24 15:57:18",491.00,0.00,0,0.00,57,"Josue Cerritos",13,"Belinda Lopez",,,0,A_ABONO_ACTIVO,2026-04-22,abonos_creditos.fecha_pago,NO,"2026-04-24 15:57:18"
31102,24855,000-001-01-00039775,"TONER STORE",0.00,0,,2026-04-22,"2026-04-24 15:58:04",662.28,0.00,0,0.00,57,"Josue Cerritos",13,"Belinda Lopez",,,0,A_ABONO_ACTIVO,2026-04-22,abonos_creditos.fecha_pago,NO,"2026-04-24 15:58:04"
32601,24996,000-001-01-00039915,"TONER STORE",0.00,0,,2026-04-22,"2026-04-24 15:58:45",11293.00,0.00,0,0.00,57,"Josue Cerritos",13,"Belinda Lopez",,,0,A_ABONO_ACTIVO,2026-04-22,abonos_creditos.fecha_pago,NO,"2026-04-24 15:58:45"
32240,25183,000-001-01-00040102,"LIBRERIA FERNANDO",0.00,0,,2026-04-22,"2026-04-25 09:06:02",114766.69,0.00,0,0.00,97,"Madelin Sierra",4,"Roy Zelaya",,,0,A_ABONO_ACTIVO,2026-04-22,abonos_creditos.fecha_pago,NO,"2026-04-25 09:06:02"
32602,25512,000-001-01-00040431,"TONER STORE",0.00,0,,2026-04-22,"2026-04-24 15:59:23",4170.68,0.00,0,0.00,57,"Josue Cerritos",13,"Belinda Lopez",,,0,A_ABONO_ACTIVO,2026-04-22,abonos_creditos.fecha_pago,NO,"2026-04-24 15:59:23"
33017,26034,000-001-01-00040950,"TONER STORE",0.00,0,,2026-04-22,"2026-04-24 16:00:00",4304.50,0.00,0,0.00,57,"Josue Cerritos",13,"Belinda Lopez",,,0,A_ABONO_ACTIVO,2026-04-22,abonos_creditos.fecha_pago,NO,"2026-04-24 16:00:00"
32922,26072,000-001-01-00040988,"THE LIGHTHOUSE CHRISTIAN BILINGUAL  SCHOOL S.A DE C.V",0.00,0,,2026-04-22,"2026-04-27 11:12:37",2076.98,0.00,0,0.00,64,"Kevin Nuñez",115,"Erling Peralta",,,0,A_ABONO_ACTIVO,2026-04-22,abonos_creditos.fecha_pago,NO,"2026-04-27 11:12:37"
33226,26094,000-001-01-00041010,"THE LIGHTHOUSE CHRISTIAN BILINGUAL  SCHOOL S.A DE C.V",0.00,0,,2026-04-22,"2026-04-27 11:12:07",5759.86,0.00,0,0.00,64,"Kevin Nuñez",115,"Erling Peralta",,,0,A_ABONO_ACTIVO,2026-04-22,abonos_creditos.fecha_pago,NO,"2026-04-27 11:12:07"
33227,26104,000-001-01-00041020,"THE LIGHTHOUSE CHRISTIAN BILINGUAL  SCHOOL S.A DE C.V",0.00,0,,2026-04-22,"2026-04-27 11:11:46",518.27,0.00,0,0.00,64,"Kevin Nuñez",115,"Erling Peralta",,,0,A_ABONO_ACTIVO,2026-04-22,abonos_creditos.fecha_pago,NO,"2026-04-27 11:11:46"
32942,26107,000-001-01-00041023,"COOPERATIVA DE AHORRO Y CREDITO EDUCADORES DE HONDURAS LIMITADA (COACEHL)",0.00,0,,2026-04-22,"2026-05-06 09:02:04",27471.20,0.00,0,0.00,13,"Belinda Lopez",13,"Belinda Lopez",,,0,A_ABONO_ACTIVO,2026-04-22,abonos_creditos.fecha_pago,NO,"2026-05-06 09:02:04"
33021,26115,000-001-01-00041031,"LIBRERIA JULIO VERNE",0.00,0,,2026-04-22,"2026-04-25 09:02:00",2166.60,0.00,0,0.00,97,"Madelin Sierra",4,"Roy Zelaya",,,0,A_ABONO_ACTIVO,2026-04-22,abonos_creditos.fecha_pago,NO,"2026-04-25 09:02:00"
33355,26209,000-001-01-00041125,"GRAN HOTEL KENNEDY",0.00,0,,2026-04-22,"2026-04-27 16:36:29",1994.70,0.00,0,0.00,57,"Josue Cerritos",24,OFICINA,,,0,A_ABONO_ACTIVO,2026-04-22,abonos_creditos.fecha_pago,NO,"2026-04-27 16:36:29"
33228,26214,000-001-01-00041130,"THE LIGHTHOUSE CHRISTIAN BILINGUAL  SCHOOL S.A DE C.V",0.00,0,,2026-04-22,"2026-04-27 11:10:49",972.00,0.00,0,0.00,64,"Kevin Nuñez",115,"Erling Peralta",,,0,A_ABONO_ACTIVO,2026-04-22,abonos_creditos.fecha_pago,NO,"2026-04-27 11:10:49"
33356,26281,000-001-01-00041197,"GRAN HOTEL KENNEDY",0.00,0,,2026-04-22,"2026-04-27 16:36:09",99.36,0.00,0,0.00,57,"Josue Cerritos",24,OFICINA,,,0,A_ABONO_ACTIVO,2026-04-22,abonos_creditos.fecha_pago,NO,"2026-04-27 16:36:09"
33208,26304,000-001-01-00041220,"LIBRERIA JULIO VERNE",0.00,0,,2026-04-22,"2026-04-25 09:00:59",14503.23,0.00,0,0.00,97,"Madelin Sierra",4,"Roy Zelaya",,,0,A_ABONO_ACTIVO,2026-04-22,abonos_creditos.fecha_pago,NO,"2026-04-25 09:00:59"
33386,26327,000-001-01-00041243,"LIBRERIA JULIO VERNE",0.00,0,,2026-04-22,"2026-04-25 08:58:52",23314.28,0.00,0,0.00,97,"Madelin Sierra",4,"Roy Zelaya",,,0,A_ABONO_ACTIVO,2026-04-22,abonos_creditos.fecha_pago,NO,"2026-04-25 08:58:52"
33387,26331,000-001-01-00041247,"LIBRERIA JULIO VERNE",0.00,0,,2026-04-22,"2026-04-25 08:58:16",4926.63,0.00,0,0.00,97,"Madelin Sierra",4,"Roy Zelaya",,,0,A_ABONO_ACTIVO,2026-04-22,abonos_creditos.fecha_pago,NO,"2026-04-25 08:58:16"
33389,26352,000-001-01-00041268,"LIBRERIA JULIO VERNE",0.00,0,,2026-04-22,"2026-04-25 09:04:31",683.93,0.00,0,0.00,97,"Madelin Sierra",4,"Roy Zelaya",,,0,A_ABONO_ACTIVO,2026-04-22,abonos_creditos.fecha_pago,NO,"2026-04-25 09:04:31"
33390,26363,000-001-01-00041279,"LIBRERIA JULIO VERNE",0.00,0,,2026-04-22,"2026-04-25 09:03:24",11521.22,0.00,0,0.00,97,"Madelin Sierra",4,"Roy Zelaya",,,0,A_ABONO_ACTIVO,2026-04-22,abonos_creditos.fecha_pago,NO,"2026-04-25 09:03:24"
33391,26364,000-001-01-00041280,"LIBRERIA JULIO VERNE",0.00,0,,2026-04-22,"2026-04-25 09:02:39",4518.40,0.00,0,0.00,97,"Madelin Sierra",4,"Roy Zelaya",,,0,A_ABONO_ACTIVO,2026-04-22,abonos_creditos.fecha_pago,NO,"2026-04-25 09:02:39"
33322,26368,000-001-01-00041284,"DISTRIBUIDORA MARTINEZ",0.00,0,,2026-04-22,"2026-04-24 16:02:35",16818.75,0.00,0,0.00,13,"Belinda Lopez",13,"Belinda Lopez",,,0,A_ABONO_ACTIVO,2026-04-22,abonos_creditos.fecha_pago,NO,"2026-04-24 16:02:35"
33699,26495,000-001-01-00041411,"BANCO ATLANTIDA",0.00,0,,2026-04-22,"2026-05-06 09:45:25",33150.36,0.00,0,0.00,57,"Josue Cerritos",36,"Angel Villela",,,0,A_ABONO_ACTIVO,2026-04-22,abonos_creditos.fecha_pago,NO,"2026-05-06 09:45:25"
33898,26794,000-001-01-00041710,"UTILES ESCOLARES EDR",0.00,0,,2026-04-22,"2026-04-24 16:33:35",15123.19,0.00,0,0.00,86,"Jose Luque Vendedor",13,"Belinda Lopez",,,0,A_ABONO_ACTIVO,2026-04-22,abonos_creditos.fecha_pago,NO,"2026-04-24 16:33:35"
33950,26798,000-001-01-00041714,OFFICETEC,0.00,0,,2026-04-22,"2026-04-27 16:06:53",667.00,0.00,0,0.00,97,"Madelin Sierra",24,OFICINA,,,0,A_ABONO_ACTIVO,2026-04-22,abonos_creditos.fecha_pago,NO,"2026-04-27 16:06:53"
33952,26803,000-001-01-00041719,"IMPORTACIONES Y DISTRIBUCIONES AZ S. DE R. L.",0.00,0,,2026-04-22,"2026-04-27 16:09:18",11017.00,0.00,0,0.00,97,"Madelin Sierra",24,OFICINA,,,0,A_ABONO_ACTIVO,2026-04-22,abonos_creditos.fecha_pago,NO,"2026-04-27 16:09:18"
33893,26821,000-001-01-00041737,"PAPELERIA HONDURAS",0.00,0,,2026-04-22,"2026-04-27 16:11:00",2432.11,0.00,0,0.00,83,"Yosselin Palma",24,OFICINA,,,0,A_ABONO_ACTIVO,2026-04-22,abonos_creditos.fecha_pago,NO,"2026-04-27 16:11:00"
33965,26823,000-001-01-00041739,"CLIENTE GENERICO",0.00,0,,2026-04-22,"2026-04-30 09:37:03",18.84,0.00,0,0.00,64,"Kevin Nuñez",24,OFICINA,,,0,A_ABONO_ACTIVO,2026-04-22,abonos_creditos.fecha_pago,NO,"2026-04-30 09:37:03"
31664,25055,000-001-01-00039974,"LIBRERIA Y NOVEDADES MILA",0.00,0,,2026-04-23,"2026-04-30 16:31:39",2310.00,0.00,0,0.00,97,"Madelin Sierra",4,"Roy Zelaya",,,0,A_ABONO_ACTIVO,2026-04-23,abonos_creditos.fecha_pago,NO,"2026-04-30 16:31:39"
31667,25078,000-001-01-00039997,"LIBRERIA Y NOVEDADES MILA",0.00,0,,2026-04-23,"2026-04-30 16:31:14",6722.48,0.00,0,0.00,97,"Madelin Sierra",4,"Roy Zelaya",,,0,A_ABONO_ACTIVO,2026-04-23,abonos_creditos.fecha_pago,NO,"2026-04-30 16:31:14"
31489,25118,000-001-01-00040037,"INVERSIONES DONCELLA S. DE R.L DE C.V",0.00,0,,2026-04-23,"2026-05-06 09:06:30",142036.73,0.00,0,0.00,89,"Jonathan Lopez",36,"Angel Villela",,,0,A_ABONO_ACTIVO,2026-04-23,abonos_creditos.fecha_pago,NO,"2026-05-06 09:06:30"
31490,25160,000-001-01-00040079,"INVERSIONES DONCELLA S. DE R.L DE C.V",0.00,0,,2026-04-23,"2026-05-06 09:06:50",18327.78,0.00,0,0.00,89,"Jonathan Lopez",36,"Angel Villela",,,0,A_ABONO_ACTIVO,2026-04-23,abonos_creditos.fecha_pago,NO,"2026-05-06 09:06:50"
33182,25353,000-001-01-00040272,"TIENDA ELVIR MILLA",0.00,0,,2026-04-23,"2026-04-27 10:41:44",138000.00,0.00,0,0.00,64,"Kevin Nuñez",115,"Erling Peralta",,,0,A_ABONO_ACTIVO,2026-04-23,abonos_creditos.fecha_pago,NO,"2026-04-27 10:41:44"
31717,25422,000-001-01-00040341,"HECTOR S OFFICE",0.00,0,,2026-04-23,"2026-04-27 09:27:15",17537.50,0.00,0,0.00,64,"Kevin Nuñez",115,"Erling Peralta",,,0,A_ABONO_ACTIVO,2026-04-23,abonos_creditos.fecha_pago,NO,"2026-04-27 09:27:15"
32387,25603,000-001-01-00040520,"LIBRERIA Y NOVEDADES MILA",0.00,0,,2026-04-23,"2026-04-30 16:31:59",4552.45,0.00,0,0.00,97,"Madelin Sierra",4,"Roy Zelaya",,,0,A_ABONO_ACTIVO,2026-04-23,abonos_creditos.fecha_pago,NO,"2026-04-30 16:31:59"
33141,25609,000-001-01-00040526,"MONTECRISTO COMERCIAL  S. DE R.L",0.00,0,,2026-04-23,"2026-04-25 08:37:54",99597.87,0.00,0,0.00,97,"Madelin Sierra",4,"Roy Zelaya",,,0,A_ABONO_ACTIVO,2026-04-23,abonos_creditos.fecha_pago,NO,"2026-04-25 08:37:54"
32389,25616,000-001-01-00040533,"LIBRERIA Y NOVEDADES MILA",0.00,0,,2026-04-23,"2026-04-30 16:33:31",12442.93,0.00,0,0.00,97,"Madelin Sierra",4,"Roy Zelaya",,,0,A_ABONO_ACTIVO,2026-04-23,abonos_creditos.fecha_pago,NO,"2026-04-30 16:33:31"
32591,25688,000-001-01-00040605,"LIBRERIA Y PAPELERIA CASA DE LAS OFERTAS",0.00,0,,2026-04-23,"2026-04-24 16:42:05",34787.50,0.00,0,0.00,86,"Jose Luque Vendedor",14,"Sulay Pineda",,,0,A_ABONO_ACTIVO,2026-04-23,abonos_creditos.fecha_pago,NO,"2026-04-24 16:42:05"
32739,25825,000-001-01-00040741,"EL BODEGON DE LOS PRECIOS BAJOS",0.00,0,,2026-04-23,"2026-04-27 10:50:37",400.20,0.00,0,0.00,89,"Jonathan Lopez",115,"Erling Peralta",,,0,A_ABONO_ACTIVO,2026-04-23,abonos_creditos.fecha_pago,NO,"2026-04-27 10:50:37"
32740,25826,000-001-01-00040742,"EL BODEGON DE LOS PRECIOS BAJOS",0.00,0,,2026-04-23,"2026-04-27 10:48:31",1171.84,0.00,0,0.00,89,"Jonathan Lopez",115,"Erling Peralta",,,0,A_ABONO_ACTIVO,2026-04-23,abonos_creditos.fecha_pago,NO,"2026-04-27 10:48:31"
32741,25827,000-001-01-00040743,"EL BODEGON DE LOS PRECIOS BAJOS",0.00,0,,2026-04-23,"2026-04-27 10:50:16",423.52,0.00,0,0.00,89,"Jonathan Lopez",115,"Erling Peralta",,,0,A_ABONO_ACTIVO,2026-04-23,abonos_creditos.fecha_pago,NO,"2026-04-27 10:50:16"
32986,25996,000-001-01-00040912,IMAGINARTE,0.00,0,,2026-04-23,"2026-04-25 08:32:06",45223.75,0.00,0,0.00,86,"Jose Luque Vendedor",14,"Sulay Pineda",,,0,A_ABONO_ACTIVO,2026-04-23,abonos_creditos.fecha_pago,NO,"2026-04-25 08:32:06"
33831,26024,000-001-01-00040940,"LIBRERIA ALBITA",0.00,0,,2026-04-23,"2026-04-24 11:52:17",5373.88,0.00,0,0.00,86,"Jose Luque Vendedor",14,"Sulay Pineda",,,0,A_ABONO_ACTIVO,2026-04-23,abonos_creditos.fecha_pago,NO,"2026-04-24 11:52:17"
32987,26041,000-001-01-00040957,IMAGINARTE,0.00,0,,2026-04-23,"2026-04-24 16:43:17",1602.18,0.00,0,0.00,86,"Jose Luque Vendedor",14,"Sulay Pineda",,,0,A_ABONO_ACTIVO,2026-04-23,abonos_creditos.fecha_pago,NO,"2026-04-24 16:43:17"
32988,26043,000-001-01-00040959,IMAGINARTE,0.00,0,,2026-04-23,"2026-04-24 16:42:53",582.91,0.00,0,0.00,86,"Jose Luque Vendedor",14,"Sulay Pineda",,,0,A_ABONO_ACTIVO,2026-04-23,abonos_creditos.fecha_pago,NO,"2026-04-24 16:42:53"
32989,26044,000-001-01-00040960,IMAGINARTE,0.00,0,,2026-04-23,"2026-04-24 16:42:34",1653.12,0.00,0,0.00,86,"Jose Luque Vendedor",14,"Sulay Pineda",,,0,A_ABONO_ACTIVO,2026-04-23,abonos_creditos.fecha_pago,NO,"2026-04-24 16:42:34"
33570,26249,000-001-01-00041165,"ALCALDIA MUNICIPAL DE SAN ANTONIO DE ORIENTE F.M",0.00,0,,2026-04-23,"2026-05-04 10:20:19",103890.09,0.00,0,0.00,57,"Josue Cerritos",24,OFICINA,,,0,A_ABONO_ACTIVO,2026-04-23,abonos_creditos.fecha_pago,NO,"2026-05-04 10:20:19"
33321,26269,000-001-01-00041185,"D CLASE",0.00,0,,2026-04-23,"2026-04-24 10:02:05",20339.81,0.00,0,0.00,86,"Jose Luque Vendedor",14,"Sulay Pineda",,,0,A_ABONO_ACTIVO,2026-04-23,abonos_creditos.fecha_pago,NO,"2026-04-24 10:02:05"
33100,26271,000-001-01-00041187,"DISTRIBUCIONES Y REPRESENTACIONES GENERALES S. DE R.L. DE C.V. DIRGEN",0.00,0,,2026-04-23,"2026-04-27 10:13:03",3223.62,0.00,0,0.00,64,"Kevin Nuñez",115,"Erling Peralta",,,0,A_ABONO_ACTIVO,2026-04-23,abonos_creditos.fecha_pago,NO,"2026-04-27 10:13:03"
33274,26337,000-001-01-00041253,"DISTRIBUCIONES Y REPRESENTACIONES GENERALES S. DE R.L. DE C.V. DIRGEN",0.00,0,,2026-04-23,"2026-04-27 10:13:55",2417.72,0.00,0,0.00,64,"Kevin Nuñez",115,"Erling Peralta",,,0,A_ABONO_ACTIVO,2026-04-23,abonos_creditos.fecha_pago,NO,"2026-04-27 10:13:55"
33275,26338,000-001-01-00041254,"DISTRIBUCIONES Y REPRESENTACIONES GENERALES S. DE R.L. DE C.V. DIRGEN",0.00,0,,2026-04-23,"2026-04-27 10:14:23",24039.33,0.00,0,0.00,64,"Kevin Nuñez",115,"Erling Peralta",,,0,A_ABONO_ACTIVO,2026-04-23,abonos_creditos.fecha_pago,NO,"2026-04-27 10:14:23"
33382,26350,000-001-01-00041266,"DISTRIBUCIONES Y REPRESENTACIONES GENERALES S. DE R.L. DE C.V. DIRGEN",0.00,0,,2026-04-23,"2026-04-27 10:13:25",49617.90,0.00,0,0.00,64,"Kevin Nuñez",115,"Erling Peralta",,,0,A_ABONO_ACTIVO,2026-04-23,abonos_creditos.fecha_pago,NO,"2026-04-27 10:13:25"
33399,26356,000-001-01-00041272,"CENTRO DE ADIESTRAMIENTO EN ENFERMERIA",0.00,0,,2026-04-23,"2026-05-06 15:52:40",3185.04,0.00,0,0.00,57,"Josue Cerritos",13,"Belinda Lopez",,,0,A_ABONO_ACTIVO,2026-04-23,abonos_creditos.fecha_pago,NO,"2026-05-06 15:52:40"
33400,26357,000-001-01-00041273,"CENTRO DE ADIESTRAMIENTO EN ENFERMERIA",0.00,0,,2026-04-23,"2026-05-06 15:53:09",1136.43,0.00,0,0.00,57,"Josue Cerritos",13,"Belinda Lopez",,,0,A_ABONO_ACTIVO,2026-04-23,abonos_creditos.fecha_pago,NO,"2026-05-06 15:53:09"
33419,26399,000-001-01-00041315,DISFERRO,0.00,0,,2026-04-23,"2026-04-30 12:19:19",1099.55,0.00,0,0.00,86,"Jose Luque Vendedor",36,"Angel Villela",,,0,A_ABONO_ACTIVO,2026-04-23,abonos_creditos.fecha_pago,NO,"2026-04-30 12:19:19"
33420,26400,000-001-01-00041316,DISFERRO,0.00,0,,2026-04-23,"2026-04-30 12:19:41",4264.20,0.00,0,0.00,86,"Jose Luque Vendedor",36,"Angel Villela",,,0,A_ABONO_ACTIVO,2026-04-23,abonos_creditos.fecha_pago,NO,"2026-04-30 12:19:41"
33525,26434,000-001-01-00041350,"D CLASE",0.00,0,,2026-04-23,"2026-04-24 10:01:39",1949.26,0.00,0,0.00,86,"Jose Luque Vendedor",14,"Sulay Pineda",,,0,A_ABONO_ACTIVO,2026-04-23,abonos_creditos.fecha_pago,NO,"2026-04-24 10:01:39"
33526,26447,000-001-01-00041363,"D CLASE",0.00,0,,2026-04-23,"2026-04-24 10:01:17",7705.00,0.00,0,0.00,86,"Jose Luque Vendedor",14,"Sulay Pineda",,,0,A_ABONO_ACTIVO,2026-04-23,abonos_creditos.fecha_pago,NO,"2026-04-24 10:01:17"
33529,26530,000-001-01-00041446,"DISTRIBUCIONES Y REPRESENTACIONES GENERALES S. DE R.L. DE C.V. DIRGEN",0.00,0,,2026-04-23,"2026-04-27 10:15:43",10813.10,0.00,0,0.00,83,"Yosselin Palma",115,"Erling Peralta",,,0,A_ABONO_ACTIVO,2026-04-23,abonos_creditos.fecha_pago,NO,"2026-04-27 10:15:43"
33530,26531,000-001-01-00041447,"DISTRIBUCIONES Y REPRESENTACIONES GENERALES S. DE R.L. DE C.V. DIRGEN",0.00,0,,2026-04-23,"2026-04-27 10:28:43",1959.90,0.00,0,0.00,83,"Yosselin Palma",115,"Erling Peralta",,,0,A_ABONO_ACTIVO,2026-04-23,abonos_creditos.fecha_pago,NO,"2026-04-27 10:28:43"
33531,26532,000-001-01-00041448,"DISTRIBUCIONES Y REPRESENTACIONES GENERALES S. DE R.L. DE C.V. DIRGEN",0.00,0,,2026-04-23,"2026-04-27 10:29:12",2525.07,0.00,0,0.00,83,"Yosselin Palma",115,"Erling Peralta",,,0,A_ABONO_ACTIVO,2026-04-23,abonos_creditos.fecha_pago,NO,"2026-04-27 10:29:12"
33532,26534,000-001-01-00041450,"DISTRIBUCIONES Y REPRESENTACIONES GENERALES S. DE R.L. DE C.V. DIRGEN",0.00,0,,2026-04-23,"2026-04-27 10:17:42",27881.52,0.00,0,0.00,83,"Yosselin Palma",115,"Erling Peralta",,,0,A_ABONO_ACTIVO,2026-04-23,abonos_creditos.fecha_pago,NO,"2026-04-27 10:17:42"
33533,26535,000-001-01-00041451,"DISTRIBUCIONES Y REPRESENTACIONES GENERALES S. DE R.L. DE C.V. DIRGEN",0.00,0,,2026-04-23,"2026-04-27 10:14:52",3339.60,0.00,0,0.00,86,"Jose Luque Vendedor",115,"Erling Peralta",,,0,A_ABONO_ACTIVO,2026-04-23,abonos_creditos.fecha_pago,NO,"2026-04-27 10:14:52"
33534,26536,000-001-01-00041452,"DISTRIBUCIONES Y REPRESENTACIONES GENERALES S. DE R.L. DE C.V. DIRGEN",0.00,0,,2026-04-23,"2026-04-27 10:28:14",39294.71,0.00,0,0.00,83,"Yosselin Palma",115,"Erling Peralta",,,0,A_ABONO_ACTIVO,2026-04-23,abonos_creditos.fecha_pago,NO,"2026-04-27 10:28:14"
33535,26537,000-001-01-00041453,"DISTRIBUCIONES Y REPRESENTACIONES GENERALES S. DE R.L. DE C.V. DIRGEN",0.00,0,,2026-04-23,"2026-04-27 10:15:17",4174.50,0.00,0,0.00,83,"Yosselin Palma",115,"Erling Peralta",,,0,A_ABONO_ACTIVO,2026-04-23,abonos_creditos.fecha_pago,NO,"2026-04-27 10:15:17"
33822,26671,000-001-01-00041587,"DISTRIBUIDORA DE PRODUCTOS VARIADOS ¨DIPROVA¨",0.00,0,,2026-04-23,"2026-04-30 10:11:20",3511.13,0.00,0,0.00,64,"Kevin Nuñez",115,"Erling Peralta",,,0,A_ABONO_ACTIVO,2026-04-23,abonos_creditos.fecha_pago,NO,"2026-04-30 10:11:20"
33823,26703,000-001-01-00041619,"DISTRIBUIDORA DE PRODUCTOS VARIADOS ¨DIPROVA¨",0.00,0,,2026-04-23,"2026-04-30 10:09:37",18061.44,0.00,0,0.00,64,"Kevin Nuñez",115,"Erling Peralta",,,0,A_ABONO_ACTIVO,2026-04-23,abonos_creditos.fecha_pago,NO,"2026-04-30 10:09:37"
33824,26730,000-001-01-00041646,"DISTRIBUIDORA DE PRODUCTOS VARIADOS ¨DIPROVA¨",0.00,0,,2026-04-23,"2026-04-30 10:10:03",7224.02,0.00,0,0.00,64,"Kevin Nuñez",115,"Erling Peralta",,,0,A_ABONO_ACTIVO,2026-04-23,abonos_creditos.fecha_pago,NO,"2026-04-30 10:10:03"
33969,26824,000-001-01-00041740,"A Z COMERCIAL",0.00,0,,2026-04-23,"2026-05-04 14:13:58",2024.00,0.00,0,0.00,83,"Yosselin Palma",24,OFICINA,,,0,A_ABONO_ACTIVO,2026-04-23,abonos_creditos.fecha_pago,NO,"2026-05-04 14:13:58"
33954,26828,000-001-01-00041744,"SYSTEMAS Y SERVICIOS DE OUTSOURCING DE HONDURAS S. DE R.L",0.00,0,,2026-04-23,"2026-04-27 16:14:07",7799.09,0.00,0,0.00,57,"Josue Cerritos",24,OFICINA,,,0,A_ABONO_ACTIVO,2026-04-23,abonos_creditos.fecha_pago,NO,"2026-04-27 16:14:07"
34049,26835,000-001-01-00041751,"UNIVERSIDAD PEDAGOGICA NACIONAL FRANCISCO MORAZAN",0.00,0,,2026-04-23,"2026-05-04 11:38:23",4634.50,0.00,0,0.00,83,"Yosselin Palma",24,OFICINA,,,0,A_ABONO_ACTIVO,2026-04-23,abonos_creditos.fecha_pago,NO,"2026-05-04 11:38:23"
34060,26838,000-001-01-00041754,"DISTRIBUIDORA MELISSA S, DE RL DE CV",0.00,0,,2026-04-23,"2026-05-04 14:12:16",3910.00,0.00,0,0.00,97,"Madelin Sierra",24,OFICINA,,,0,A_ABONO_ACTIVO,2026-04-23,abonos_creditos.fecha_pago,NO,"2026-05-04 14:12:16"
34051,26842,000-001-01-00041758,"UNIVERSIDAD PEDAGOGICA NACIONAL FRANCISCO MORAZAN",0.00,0,,2026-04-23,"2026-05-04 11:38:00",3912.00,0.00,0,0.00,83,"Yosselin Palma",24,OFICINA,,,0,A_ABONO_ACTIVO,2026-04-23,abonos_creditos.fecha_pago,NO,"2026-05-04 11:38:00"
33955,26844,000-001-01-00041760,DIPRODI,0.00,0,,2026-04-23,"2026-04-27 16:39:31",1444.63,0.00,0,0.00,97,"Madelin Sierra",24,OFICINA,,,0,A_ABONO_ACTIVO,2026-04-23,abonos_creditos.fecha_pago,NO,"2026-04-27 16:39:31"
33956,26845,000-001-01-00041761,DIPRODI,0.00,0,,2026-04-23,"2026-04-27 16:39:49",1431.40,0.00,0,0.00,97,"Madelin Sierra",24,OFICINA,,,0,A_ABONO_ACTIVO,2026-04-23,abonos_creditos.fecha_pago,NO,"2026-04-27 16:39:49"
27530,21753,000-001-01-00036681,"TRIBUNAL SUPERIOR DE CUENTAS",0.00,0,,2026-04-24,"2026-04-30 12:27:18",13068.80,0.00,1,0.00,58,"Daniela Torres",36,"Angel Villela",,,0,A_ABONO_ACTIVO,2026-04-24,abonos_creditos.fecha_pago,NO,"2026-04-30 12:27:18"
29460,23447,000-001-01-00038375,"DISTRIBUCIONES M & K S. DE R,L.",0.00,0,,2026-04-24,"2026-05-04 11:21:51",172845.00,0.00,0,0.00,30,"Kelyn Barahona",24,OFICINA,,,0,A_ABONO_ACTIVO,2026-04-24,abonos_creditos.fecha_pago,NO,"2026-05-04 11:21:51"
30147,24038,000-001-01-00038966,"DISTRIBUIDORA GLOBAL S. DE R.L",0.00,0,,2026-04-24,"2026-04-24 15:51:08",366850.00,0.00,0,0.00,57,"Josue Cerritos",13,"Belinda Lopez",,,0,A_ABONO_ACTIVO,2026-04-24,abonos_creditos.fecha_pago,NO,"2026-04-24 15:51:08"
30364,24091,000-001-01-00039019,"DISTRIBUCIONES M & K S. DE R,L.",0.00,0,,2026-04-24,"2026-05-04 11:20:02",60556.13,0.00,0,0.00,30,"Kelyn Barahona",24,OFICINA,,,0,A_ABONO_ACTIVO,2026-04-24,abonos_creditos.fecha_pago,NO,"2026-05-04 11:20:02"
30365,24092,000-001-01-00039020,"DISTRIBUCIONES M & K S. DE R,L.",0.00,0,,2026-04-24,"2026-05-04 11:20:24",80769.68,0.00,0,0.00,30,"Kelyn Barahona",24,OFICINA,,,0,A_ABONO_ACTIVO,2026-04-24,abonos_creditos.fecha_pago,NO,"2026-05-04 11:20:24"
30366,24093,000-001-01-00039021,"DISTRIBUCIONES M & K S. DE R,L.",0.00,0,,2026-04-24,"2026-05-04 11:20:42",32775.00,0.00,0,0.00,30,"Kelyn Barahona",24,OFICINA,,,0,A_ABONO_ACTIVO,2026-04-24,abonos_creditos.fecha_pago,NO,"2026-05-04 11:20:42"
30404,24243,000-001-01-00039171,"SUPERTIENDAS DE TODO S.A",0.00,0,,2026-04-24,"2026-05-05 12:13:02",180012.17,0.00,0,0.00,89,"Jonathan Lopez",36,"Angel Villela",,,0,A_ABONO_ACTIVO,2026-04-24,abonos_creditos.fecha_pago,NO,"2026-05-05 12:13:02"
30435,24314,000-001-01-00039242,"DESARROLLOS INDUSTRIALES MULTIPLES S. DE R.L. DE C.V",0.00,0,,2026-04-24,"2026-04-25 08:47:01",288757.44,0.00,0,0.00,89,"Jonathan Lopez",36,"Angel Villela",,,0,A_ABONO_ACTIVO,2026-04-24,abonos_creditos.fecha_pago,NO,"2026-04-25 08:47:01"
30463,24327,000-001-01-00039255,"PAPELERIA HONDURAS",0.00,0,,2026-04-24,"2026-05-05 12:23:01",37375.00,0.00,0,0.00,27,"Ana Pineda",24,OFICINA,,,0,A_ABONO_ACTIVO,2026-04-24,abonos_creditos.fecha_pago,SI,"2026-05-05 12:23:01"
30974,24584,000-001-01-00039506,"DESARROLLOS INDUSTRIALES MULTIPLES S. DE R.L. DE C.V",0.00,0,,2026-04-24,"2026-04-25 08:47:24",23542.20,0.00,0,0.00,89,"Jonathan Lopez",36,"Angel Villela",,,0,A_ABONO_ACTIVO,2026-04-24,abonos_creditos.fecha_pago,NO,"2026-04-25 08:47:24"
32364,25577,000-001-01-00040494,"OFFICE COMPUTERS S. DE R.L",0.00,0,,2026-04-24,"2026-04-27 14:12:12",42503.77,0.00,0,0.00,27,"Ana Pineda",24,OFICINA,,,0,A_ABONO_ACTIVO,2026-04-24,abonos_creditos.fecha_pago,SI,"2026-04-27 14:12:12"
32365,25585,000-001-01-00040502,"OFFICE COMPUTERS S. DE R.L",0.00,0,,2026-04-24,"2026-04-27 14:12:33",11868.00,0.00,0,0.00,27,"Ana Pineda",24,OFICINA,,,0,A_ABONO_ACTIVO,2026-04-24,abonos_creditos.fecha_pago,SI,"2026-04-27 14:12:33"
32363,25687,000-001-01-00040604,"DISTRIBUCIONES M & K S. DE R,L.",0.00,0,,2026-04-24,"2026-04-27 13:58:29",28290.00,0.00,0,0.00,27,"Ana Pineda",24,OFICINA,,,0,A_ABONO_ACTIVO,2026-04-24,abonos_creditos.fecha_pago,SI,"2026-04-27 13:58:29"
32527,25769,000-001-01-00040686,"NOVEDADES Y PAPELERIA PATY",0.00,0,,2026-04-24,"2026-04-30 11:33:50",2138.14,0.00,0,0.00,97,"Madelin Sierra",120,"CHRISTIAN ESTRADA",,,0,A_ABONO_ACTIVO,2026-04-24,abonos_creditos.fecha_pago,NO,"2026-04-30 11:33:50"
32690,25810,000-001-01-00040727,"NOVEDADES Y PAPELERIA PATY",0.00,0,,2026-04-24,"2026-04-30 11:34:19",10942.25,0.00,0,0.00,97,"Madelin Sierra",120,"CHRISTIAN ESTRADA",,,0,A_ABONO_ACTIVO,2026-04-24,abonos_creditos.fecha_pago,NO,"2026-04-30 11:34:19"
33557,25873,000-001-01-00040789,"COPY JET",0.00,0,,2026-04-24,"2026-04-27 10:57:29",819.72,0.00,0,0.00,97,"Madelin Sierra",115,"Erling Peralta",,,0,A_ABONO_ACTIVO,2026-04-24,abonos_creditos.fecha_pago,NO,"2026-04-27 10:57:29"
33558,25874,000-001-01-00040790,"COPY JET",0.00,0,,2026-04-24,"2026-04-27 10:57:07",1765.37,0.00,0,0.00,89,"Jonathan Lopez",115,"Erling Peralta",,,0,A_ABONO_ACTIVO,2026-04-24,abonos_creditos.fecha_pago,NO,"2026-04-27 10:57:07"
33559,25877,000-001-01-00040793,"COPY JET",0.00,0,,2026-04-24,"2026-04-27 10:56:36",11879.68,0.00,0,0.00,64,"Kevin Nuñez",115,"Erling Peralta",,,0,A_ABONO_ACTIVO,2026-04-24,abonos_creditos.fecha_pago,NO,"2026-04-27 10:56:36"
33560,25878,000-001-01-00040794,"COPY JET",0.00,0,,2026-04-24,"2026-04-27 10:56:10",86974.50,0.00,0,0.00,89,"Jonathan Lopez",115,"Erling Peralta",,,0,A_ABONO_ACTIVO,2026-04-24,abonos_creditos.fecha_pago,NO,"2026-04-27 10:56:10"
33561,25879,000-001-01-00040795,"COPY JET",0.00,0,,2026-04-24,"2026-04-27 10:55:37",2148.88,0.00,0,0.00,64,"Kevin Nuñez",115,"Erling Peralta",,,0,A_ABONO_ACTIVO,2026-04-24,abonos_creditos.fecha_pago,NO,"2026-04-27 10:55:37"
33294,25991,000-001-01-00040907,"MINISTERIO PUBLICO",0.00,0,,2026-04-24,"2026-05-05 16:14:51",48886.00,0.00,1,0.00,57,"Josue Cerritos",13,"Belinda Lopez",,,0,A_ABONO_ACTIVO,2026-04-24,abonos_creditos.fecha_pago,NO,"2026-05-05 16:14:51"
32994,26058,000-001-01-00040974,"COMERCIAL RAMIREZ N.2",0.00,0,,2026-04-24,"2026-05-04 15:33:06",4660.34,0.00,0,0.00,64,"Kevin Nuñez",115,"Erling Peralta",,,0,A_ABONO_ACTIVO,2026-04-24,abonos_creditos.fecha_pago,NO,"2026-05-04 15:33:06"
32997,26064,000-001-01-00040980,"COMERCIAL RAMIREZ N.2",0.00,0,,2026-04-24,"2026-05-04 15:33:31",19521.79,0.00,0,0.00,64,"Kevin Nuñez",115,"Erling Peralta",,,0,A_ABONO_ACTIVO,2026-04-24,abonos_creditos.fecha_pago,NO,"2026-05-04 15:33:31"
33000,26070,000-001-01-00040986,"COMERCIAL RAMIREZ N.2",0.00,0,,2026-04-24,"2026-05-04 15:32:20",39203.50,0.00,0,0.00,64,"Kevin Nuñez",115,"Erling Peralta",,,0,A_ABONO_ACTIVO,2026-04-24,abonos_creditos.fecha_pago,NO,"2026-05-04 15:32:20"
33003,26086,000-001-01-00041002,"COMERCIAL RAMIREZ N.2",0.00,0,,2026-04-24,"2026-05-04 15:32:46",48737.42,0.00,0,0.00,64,"Kevin Nuñez",115,"Erling Peralta",,,0,A_ABONO_ACTIVO,2026-04-24,abonos_creditos.fecha_pago,NO,"2026-05-04 15:32:46"
33060,26126,000-001-01-00041042,"A Z COMERCIAL",0.00,0,,2026-04-24,"2026-04-30 12:09:03",4067.96,0.00,0,0.00,86,"Jose Luque Vendedor",24,OFICINA,,,0,A_ABONO_ACTIVO,2026-04-24,abonos_creditos.fecha_pago,NO,"2026-04-30 12:09:03"
33295,26201,000-001-01-00041117,"MINISTERIO PUBLICO",0.00,0,,2026-04-24,"2026-05-05 16:15:16",947.21,0.00,1,0.00,13,"Belinda Lopez",13,"Belinda Lopez",,,0,A_ABONO_ACTIVO,2026-04-24,abonos_creditos.fecha_pago,NO,"2026-05-05 16:15:16"
33927,26726,000-001-01-00041642,"MASTER PRINTING",0.00,0,,2026-04-24,"2026-04-27 11:04:00",3859.40,0.00,0,0.00,64,"Kevin Nuñez",115,"Erling Peralta",,,0,A_ABONO_ACTIVO,2026-04-24,abonos_creditos.fecha_pago,NO,"2026-04-27 11:04:00"
34022,26773,000-001-01-00041689,"PREVENIR S DE R.L",0.00,0,,2026-04-24,"2026-04-30 11:40:50",1431.12,0.00,0,0.00,57,"Josue Cerritos",24,OFICINA,,,0,A_ABONO_ACTIVO,2026-04-24,abonos_creditos.fecha_pago,NO,"2026-04-30 11:40:50"
34023,26786,000-001-01-00041702,"EDITORIAL DEKAS",0.00,0,,2026-04-24,"2026-04-30 11:50:49",3467.25,0.00,0,0.00,97,"Madelin Sierra",24,OFICINA,,,0,A_ABONO_ACTIVO,2026-04-24,abonos_creditos.fecha_pago,NO,"2026-04-30 11:50:49"
33951,26797,000-001-01-00041713,"IMPORTACIONES Y DISTRIBUCIONES AZ S. DE R. L.",0.00,0,,2026-04-24,"2026-04-30 11:52:23",334.25,0.00,0,0.00,57,"Josue Cerritos",24,OFICINA,,,0,A_ABONO_ACTIVO,2026-04-24,abonos_creditos.fecha_pago,NO,"2026-04-30 11:52:23"
33963,26819,000-001-01-00041735,"CLIENTE GENERICO",0.00,0,,2026-04-24,"2026-04-30 11:59:13",130.88,0.00,0,0.00,57,"Josue Cerritos",24,OFICINA,,,0,A_ABONO_ACTIVO,2026-04-24,abonos_creditos.fecha_pago,NO,"2026-04-30 11:59:13"
33964,26822,000-001-01-00041738,"CLIENTE GENERICO",0.00,0,,2026-04-24,"2026-04-30 11:58:49",13.20,0.00,0,0.00,57,"Josue Cerritos",24,OFICINA,,,0,A_ABONO_ACTIVO,2026-04-24,abonos_creditos.fecha_pago,NO,"2026-04-30 11:58:49"
34025,26829,000-001-01-00041745,"CASA PRESIDENCIAL",0.00,0,,2026-04-24,"2026-04-30 11:54:46",241.00,0.00,0,0.00,97,"Madelin Sierra",24,OFICINA,,,0,A_ABONO_ACTIVO,2026-04-24,abonos_creditos.fecha_pago,NO,"2026-04-30 11:54:46"
34012,26848,000-001-01-00041764,"UTILES ESCOLARES LA CATRACHITA",0.00,0,,2026-04-24,"2026-04-30 11:01:18",7059.52,0.00,0,0.00,64,"Kevin Nuñez",4,"Roy Zelaya",,,0,A_ABONO_ACTIVO,2026-04-24,abonos_creditos.fecha_pago,NO,"2026-04-30 11:01:18"
34026,26849,000-001-01-00041765,"SERVICIOS INTEGRALES DE CENTROAMERICA S. DE R.L. (SERICA)",0.00,0,,2026-04-24,"2026-04-30 12:00:05",782.00,0.00,0,0.00,57,"Josue Cerritos",24,OFICINA,,,0,A_ABONO_ACTIVO,2026-04-24,abonos_creditos.fecha_pago,NO,"2026-04-30 12:00:05"
33940,26863,000-001-01-00041779,"DISTRIBUCIONES M & K S. DE R,L.",0.00,0,,2026-04-24,"2026-04-30 10:18:22",523.25,0.00,0,0.00,86,"Jose Luque Vendedor",24,OFICINA,,,0,A_ABONO_ACTIVO,2026-04-24,abonos_creditos.fecha_pago,NO,"2026-04-30 10:18:22"
34030,26923,000-001-01-00041839,"PAPELERIA HONDURAS",0.00,0,,2026-04-24,"2026-05-05 12:23:26",202032.00,0.00,0,0.00,27,"Ana Pineda",24,OFICINA,,,0,A_ABONO_ACTIVO,2026-04-24,abonos_creditos.fecha_pago,SI,"2026-05-05 12:23:26"
30839,24582,000-001-01-00039504,"DISTRIBUIDORA VENECIA",0.00,0,,2026-04-25,"2026-04-27 13:19:48",134895.00,0.00,0,0.00,27,"Ana Pineda",24,OFICINA,,,0,A_ABONO_ACTIVO,2026-04-25,abonos_creditos.fecha_pago,SI,"2026-04-27 13:19:48"
31115,24820,000-001-01-00039740,"KING CHEMICALS",0.00,0,,2026-04-25,"2026-04-28 10:22:47",2053.66,0.00,0,0.00,27,"Ana Pineda",24,OFICINA,,,0,A_ABONO_ACTIVO,2026-04-25,abonos_creditos.fecha_pago,SI,"2026-04-28 10:22:47"
31116,24857,000-001-01-00039777,"KING CHEMICALS",0.00,0,,2026-04-25,"2026-04-28 10:23:23",2959.41,0.00,0,0.00,27,"Ana Pineda",24,OFICINA,,,0,A_ABONO_ACTIVO,2026-04-25,abonos_creditos.fecha_pago,SI,"2026-04-28 10:23:23"
31718,25423,000-001-01-00040342,"HECTOR S OFFICE",0.00,0,,2026-04-25,"2026-04-27 09:18:16",17537.50,0.00,0,0.00,64,"Kevin Nuñez",115,"Erling Peralta",,,0,A_ABONO_ACTIVO,2026-04-25,abonos_creditos.fecha_pago,NO,"2026-04-27 09:18:16"
32494,25553,000-001-01-00040471,"INNOVACIONES 360",0.00,0,,2026-04-25,"2026-05-04 16:38:24",34787.50,0.00,0,0.00,86,"Jose Luque Vendedor",14,"Sulay Pineda",,,0,A_ABONO_ACTIVO,2026-04-25,abonos_creditos.fecha_pago,NO,"2026-05-04 16:38:24"
32587,25774,000-001-01-00040691,"INNOVACIONES 360",0.00,0,,2026-04-25,"2026-05-04 16:38:49",37713.10,0.00,0,0.00,97,"Madelin Sierra",14,"Sulay Pineda",,,0,A_ABONO_ACTIVO,2026-04-25,abonos_creditos.fecha_pago,NO,"2026-05-04 16:38:49"
33193,25994,000-001-01-00040910,"COMERCIAL OFFICE & HOME S. DE R. L.",0.00,0,,2026-04-25,"2026-05-05 13:46:01",18138.37,0.00,0,0.00,97,"Madelin Sierra",4,"Roy Zelaya",,,0,A_ABONO_ACTIVO,2026-04-25,abonos_creditos.fecha_pago,NO,"2026-05-05 13:46:01"
33410,26240,000-001-01-00041156,"KING CHEMICALS",0.00,0,,2026-04-25,"2026-04-28 10:23:05",1950.40,0.00,0,0.00,57,"Josue Cerritos",24,OFICINA,,,0,A_ABONO_ACTIVO,2026-04-25,abonos_creditos.fecha_pago,NO,"2026-04-28 10:23:05"
33612,26402,000-001-01-00041318,"DISTRIBUIDORA MONTECRISTO",0.00,0,,2026-04-25,"2026-05-05 16:22:53",842.37,0.00,0,0.00,97,"Madelin Sierra",24,OFICINA,,,0,A_ABONO_ACTIVO,2026-04-25,abonos_creditos.fecha_pago,NO,"2026-05-05 16:22:53"
33644,26410,000-001-01-00041326,"COMERCIAL BRYAN",0.00,0,,2026-04-25,"2026-05-05 11:19:16",9066.88,0.00,0,0.00,83,"Yosselin Palma",4,"Roy Zelaya",,,0,A_ABONO_ACTIVO,2026-04-25,abonos_creditos.fecha_pago,NO,"2026-05-05 11:19:16"
33968,26900,000-001-01-00041816,"CLIENTE GENÉRICO-",0.00,0,,2026-04-25,"2026-04-28 10:27:36",297.30,0.00,0,0.00,86,"Jose Luque Vendedor",24,OFICINA,,,0,A_ABONO_ACTIVO,2026-04-25,abonos_creditos.fecha_pago,NO,"2026-04-28 10:27:36"
34011,26884,000-001-01-00041800,"MERCADITO DIAZ",0.00,0,,2026-04-26,"2026-04-30 10:59:30",5132.28,0.00,0,0.00,86,"Jose Luque Vendedor",14,"Sulay Pineda",,,0,A_ABONO_ACTIVO,2026-04-26,abonos_creditos.fecha_pago,NO,"2026-04-30 10:59:30"
30189,24027,000-001-01-00038955,"OFFICE COMPUTERS S. DE R.L",0.00,0,,2026-04-27,"2026-04-27 14:14:18",692616.00,1800.00,0,0.00,27,"Ana Pineda",24,OFICINA,,,0,A_ABONO_ACTIVO,2026-04-27,abonos_creditos.fecha_pago,SI,"2026-04-27 14:14:18"
30853,24629,000-001-01-00039551,"COMERCIAL MARADIAGA SOSA",0.00,0,,2026-04-27,"2026-05-04 14:37:19",6546.00,0.00,0,0.00,98,"Yimmy Funes",65,"Jessy Alvarado",,,0,A_ABONO_ACTIVO,2026-04-27,abonos_creditos.fecha_pago,NO,"2026-05-04 14:37:19"
31064,24746,000-001-01-00039667,DEX,0.00,0,,2026-04-27,"2026-04-30 14:12:10",632.48,0.00,0,0.00,89,"Jonathan Lopez",36,"Angel Villela",,,0,A_ABONO_ACTIVO,2026-04-27,abonos_creditos.fecha_pago,NO,"2026-04-30 14:12:10"
31065,24749,000-001-01-00039670,DEX,0.00,0,,2026-04-27,"2026-04-30 14:11:44",1597.91,0.00,0,0.00,89,"Jonathan Lopez",36,"Angel Villela",,,0,A_ABONO_ACTIVO,2026-04-27,abonos_creditos.fecha_pago,NO,"2026-04-30 14:11:44"
31066,24755,000-001-01-00039676,DEX,0.00,0,,2026-04-27,"2026-04-30 14:11:20",104.12,0.00,0,0.00,89,"Jonathan Lopez",36,"Angel Villela",,,0,A_ABONO_ACTIVO,2026-04-27,abonos_creditos.fecha_pago,NO,"2026-04-30 14:11:20"
31067,24761,000-001-01-00039681,DEX,0.00,0,,2026-04-27,"2026-04-30 14:10:57",2716.24,0.00,0,0.00,89,"Jonathan Lopez",36,"Angel Villela",,,0,A_ABONO_ACTIVO,2026-04-27,abonos_creditos.fecha_pago,NO,"2026-04-30 14:10:57"
31068,24765,000-001-01-00039685,DEX,0.00,0,,2026-04-27,"2026-04-30 14:10:32",154.01,0.00,0,0.00,89,"Jonathan Lopez",36,"Angel Villela",,,0,A_ABONO_ACTIVO,2026-04-27,abonos_creditos.fecha_pago,NO,"2026-04-30 14:10:32"
31331,24815,000-001-01-00039735,"COMERCIAL MARADIAGA SOSA",0.00,0,,2026-04-27,"2026-05-04 14:37:49",47495.00,0.00,0,0.00,98,"Yimmy Funes",65,"Jessy Alvarado",,,0,A_ABONO_ACTIVO,2026-04-27,abonos_creditos.fecha_pago,NO,"2026-05-04 14:37:49"
31332,24823,000-001-01-00039743,"COMERCIAL MARADIAGA SOSA",0.00,0,,2026-04-27,"2026-05-04 14:38:15",7122.05,0.00,0,0.00,86,"Jose Luque Vendedor",65,"Jessy Alvarado",,,0,A_ABONO_ACTIVO,2026-04-27,abonos_creditos.fecha_pago,NO,"2026-05-04 14:38:15"
31333,24827,000-001-01-00039747,"COMERCIAL MARADIAGA SOSA",0.00,0,,2026-04-27,"2026-05-04 14:39:18",30736.92,8771.64,0,0.00,86,"Jose Luque Vendedor",65,"Jessy Alvarado",,,0,A_ABONO_ACTIVO,2026-04-27,abonos_creditos.fecha_pago,NO,"2026-05-04 14:39:18"
31431,25068,000-001-01-00039987,"COMERCIAL MARADIAGA SOSA",0.00,0,,2026-04-27,"2026-05-04 14:39:45",3850.20,0.00,0,0.00,98,"Yimmy Funes",65,"Jessy Alvarado",,,0,A_ABONO_ACTIVO,2026-04-27,abonos_creditos.fecha_pago,NO,"2026-05-04 14:39:45"
31432,25073,000-001-01-00039992,"COMERCIAL MARADIAGA SOSA",0.00,0,,2026-04-27,"2026-05-04 14:40:19",5175.00,0.00,0,0.00,98,"Yimmy Funes",65,"Jessy Alvarado",,,0,A_ABONO_ACTIVO,2026-04-27,abonos_creditos.fecha_pago,NO,"2026-05-04 14:40:19"
31575,25145,000-001-01-00040064,"DISTRIBUIDORA DE PRODUCTOS VARIADOS ¨DIPROVA¨",0.00,0,,2026-04-27,"2026-04-30 15:46:12",3415.04,0.00,0,0.00,64,"Kevin Nuñez",115,"Erling Peralta",,,0,A_ABONO_ACTIVO,2026-04-27,abonos_creditos.fecha_pago,NO,"2026-04-30 15:46:12"
31576,25172,000-001-01-00040091,"DISTRIBUIDORA DE PRODUCTOS VARIADOS ¨DIPROVA¨",0.00,0,,2026-04-27,"2026-04-30 15:47:45",4569.68,0.00,0,0.00,64,"Kevin Nuñez",115,"Erling Peralta",,,0,A_ABONO_ACTIVO,2026-04-27,abonos_creditos.fecha_pago,NO,"2026-04-30 15:47:45"
31607,25194,000-001-01-00040113,"DISTRIBUIDORA DE PRODUCTOS VARIADOS ¨DIPROVA¨",0.00,0,,2026-04-27,"2026-04-30 15:48:06",16891.20,0.00,0,0.00,64,"Kevin Nuñez",115,"Erling Peralta",,,0,A_ABONO_ACTIVO,2026-04-27,abonos_creditos.fecha_pago,NO,"2026-04-30 15:48:06"
32285,25228,000-001-01-00040147,"DISTRIBUIDORA DE PRODUCTOS VARIADOS ¨DIPROVA¨",0.00,0,,2026-04-27,"2026-04-30 15:48:30",14880.00,0.00,0,0.00,64,"Kevin Nuñez",115,"Erling Peralta",,,0,A_ABONO_ACTIVO,2026-04-27,abonos_creditos.fecha_pago,NO,"2026-04-30 15:48:30"
32286,25404,000-001-01-00040323,"DISTRIBUIDORA DE PRODUCTOS VARIADOS ¨DIPROVA¨",0.00,0,,2026-04-27,"2026-04-30 15:48:51",10346.69,0.00,0,0.00,64,"Kevin Nuñez",115,"Erling Peralta",,,0,A_ABONO_ACTIVO,2026-04-27,abonos_creditos.fecha_pago,NO,"2026-04-30 15:48:51"
32408,25637,000-001-01-00040554,"DISTRIBUIDORA DE PRODUCTOS VARIADOS ¨DIPROVA¨",0.00,0,,2026-04-27,"2026-04-30 15:49:11",1699.10,0.00,0,0.00,64,"Kevin Nuñez",115,"Erling Peralta",,,0,A_ABONO_ACTIVO,2026-04-27,abonos_creditos.fecha_pago,NO,"2026-04-30 15:49:11"
32409,25663,000-001-01-00040580,"DISTRIBUIDORA DE PRODUCTOS VARIADOS ¨DIPROVA¨",0.00,0,,2026-04-27,"2026-04-30 15:49:32",25944.80,0.00,0,0.00,97,"Madelin Sierra",115,"Erling Peralta",,,0,A_ABONO_ACTIVO,2026-04-27,abonos_creditos.fecha_pago,NO,"2026-04-30 15:49:32"
32410,25666,000-001-01-00040583,"DISTRIBUIDORA DE PRODUCTOS VARIADOS ¨DIPROVA¨",0.00,0,,2026-04-27,"2026-04-30 15:49:58",20409.05,0.00,0,0.00,83,"Yosselin Palma",115,"Erling Peralta",,,0,A_ABONO_ACTIVO,2026-04-27,abonos_creditos.fecha_pago,NO,"2026-04-30 15:49:58"
33059,25952,000-001-01-00040868,"A Z COMERCIAL",0.00,0,,2026-04-27,"2026-04-28 10:34:15",496788.50,0.00,0,0.00,86,"Jose Luque Vendedor",24,OFICINA,,,0,A_ABONO_ACTIVO,2026-04-27,abonos_creditos.fecha_pago,NO,"2026-04-28 10:34:15"
32974,26021,000-001-01-00040937,"COMERCIAL MARADIAGA SOSA",0.00,0,,2026-04-27,"2026-05-04 14:40:44",2631.49,0.00,0,0.00,64,"Kevin Nuñez",65,"Jessy Alvarado",,,0,A_ABONO_ACTIVO,2026-04-27,abonos_creditos.fecha_pago,NO,"2026-05-04 14:40:44"
33972,26682,000-001-01-00041598,"INVERSIONES SHAMMAH S. DE R.L.",0.00,0,,2026-04-27,"2026-05-12 16:10:43",8502.54,0.00,0,0.00,64,"Kevin Nuñez",115,"Erling Peralta",,,0,A_ABONO_ACTIVO,2026-04-27,abonos_creditos.fecha_pago,NO,"2026-05-12 16:10:43"
34050,26836,000-001-01-00041752,"UNIVERSIDAD PEDAGOGICA NACIONAL FRANCISCO MORAZAN",0.00,0,,2026-04-27,"2026-05-04 11:39:47",6317.23,0.00,0,0.00,83,"Yosselin Palma",24,OFICINA,,,0,A_ABONO_ACTIVO,2026-04-27,abonos_creditos.fecha_pago,NO,"2026-05-04 11:39:47"
34052,26850,000-001-01-00041766,"UNIVERSIDAD PEDAGOGICA NACIONAL FRANCISCO MORAZAN",0.00,0,,2026-04-27,"2026-05-04 11:39:05",11886.00,0.00,0,0.00,83,"Yosselin Palma",24,OFICINA,,,0,A_ABONO_ACTIVO,2026-04-27,abonos_creditos.fecha_pago,NO,"2026-05-04 11:39:05"
33924,26875,000-001-01-00041791,"IGLESIA CATOLICA /INSTITUTO MARIA REGINA",0.00,0,,2026-04-27,"2026-05-06 10:45:43",3795.00,0.00,0,0.00,64,"Kevin Nuñez",115,"Erling Peralta",,,0,A_ABONO_ACTIVO,2026-04-27,abonos_creditos.fecha_pago,NO,"2026-05-06 10:45:43"
34010,26888,000-001-01-00041804,"QUIMICOS DYD",0.00,0,,2026-04-27,"2026-04-30 10:58:15",17342.92,0.00,0,0.00,86,"Jose Luque Vendedor",87,"Mauricio Zavala",,,0,A_ABONO_ACTIVO,2026-04-27,abonos_creditos.fecha_pago,NO,"2026-04-30 10:58:15"
34003,26905,000-001-01-00041821,"SAMA COPY SHOP",0.00,0,,2026-04-27,"2026-04-30 10:19:41",7718.80,0.00,0,0.00,64,"Kevin Nuñez",13,"Belinda Lopez",,,0,A_ABONO_ACTIVO,2026-04-27,abonos_creditos.fecha_pago,NO,"2026-04-30 10:19:41"
34057,26911,000-001-01-00041827,"VARIEDADES RODRIGUEZ",0.00,0,,2026-04-27,"2026-05-04 14:04:08",3875.50,0.00,0,0.00,83,"Yosselin Palma",24,OFICINA,,,0,A_ABONO_ACTIVO,2026-04-27,abonos_creditos.fecha_pago,NO,"2026-05-04 14:04:08"
31030,24622,000-001-01-00039544,"COMERCIAL NAZARETH",0.00,0,,2026-04-28,"2026-04-30 16:42:09",34726.41,0.00,0,0.00,64,"Kevin Nuñez",4,"Roy Zelaya",,,0,A_ABONO_ACTIVO,2026-04-28,abonos_creditos.fecha_pago,NO,"2026-04-30 16:42:09"
33169,26114,000-001-01-00041030,"INVERSIONES TECNOLOGICAS CORPORATIVAS S. de R.L",0.00,0,,2026-04-28,"2026-05-04 15:11:08",13832.20,0.00,0,0.00,64,"Kevin Nuñez",115,"Erling Peralta",,,0,A_ABONO_ACTIVO,2026-04-28,abonos_creditos.fecha_pago,NO,"2026-05-04 15:11:08"
33127,26286,000-001-01-00041202,"CREDITO EMPLEADOS",0.00,0,,2026-04-28,"2026-04-30 11:23:41",724.43,0.00,0,0.00,64,"Kevin Nuñez",24,OFICINA,,,0,A_ABONO_ACTIVO,2026-04-28,abonos_creditos.fecha_pago,NO,"2026-04-30 11:23:41"
33446,26343,000-001-01-00041259,"INVERSIONES TECNOLOGICAS CORPORATIVAS S. de R.L",0.00,0,,2026-04-28,"2026-05-04 15:11:28",12718.08,0.00,0,0.00,64,"Kevin Nuñez",115,"Erling Peralta",,,0,A_ABONO_ACTIVO,2026-04-28,abonos_creditos.fecha_pago,NO,"2026-05-04 15:11:28"
33447,26361,000-001-01-00041277,"INVERSIONES TECNOLOGICAS CORPORATIVAS S. de R.L",0.00,0,,2026-04-28,"2026-05-04 15:11:48",6916.10,0.00,0,0.00,64,"Kevin Nuñez",115,"Erling Peralta",,,0,A_ABONO_ACTIVO,2026-04-28,abonos_creditos.fecha_pago,NO,"2026-05-04 15:11:48"
33436,26455,000-001-01-00041371,"SUPERMERCADO LA COLONIA S.A. DE C.V.",0.00,0,,2026-04-28,"2026-05-04 11:53:28",96190.60,0.00,0,0.00,83,"Yosselin Palma",36,"Angel Villela",,,0,A_ABONO_ACTIVO,2026-04-28,abonos_creditos.fecha_pago,NO,"2026-05-04 11:53:28"
33908,26676,000-001-01-00041592,"PLASTICOS CEIBEÑOS",0.00,0,,2026-04-28,"2026-04-30 16:01:47",3883.66,0.00,0,0.00,64,"Kevin Nuñez",115,"Erling Peralta",,,0,A_ABONO_ACTIVO,2026-04-28,abonos_creditos.fecha_pago,NO,"2026-04-30 16:01:47"
34098,26693,000-001-01-00041609,"MEDILAB S.A DE C.V",0.00,0,,2026-04-28,"2026-05-05 13:50:49",1109.29,0.00,0,0.00,57,"Josue Cerritos",24,OFICINA,,,0,A_ABONO_ACTIVO,2026-04-28,abonos_creditos.fecha_pago,NO,"2026-05-05 13:50:49"
34020,26781,000-001-01-00041697,"MARIA ANGELA SOSA",0.00,0,,2026-04-28,"2026-04-30 11:25:59",2348.25,0.00,0,0.00,83,"Yosselin Palma",24,OFICINA,,,0,A_ABONO_ACTIVO,2026-04-28,abonos_creditos.fecha_pago,NO,"2026-04-30 11:25:59"
34017,26853,000-001-01-00041769,"DESARROLLOS CORPORATIVOS DE CENTROAMERICA S.A DE R.L",0.00,0,,2026-04-28,"2026-04-30 11:18:12",5558.24,0.00,0,0.00,97,"Madelin Sierra",24,OFICINA,,,0,A_ABONO_ACTIVO,2026-04-28,abonos_creditos.fecha_pago,NO,"2026-04-30 11:18:12"
33980,26859,000-001-01-00041775,"INSTITUTO HONDUREÑO DE SEGURIDAD SOCIAL",0.00,0,,2026-04-28,"2026-04-30 11:31:16",66.49,0.00,0,0.00,97,"Madelin Sierra",24,OFICINA,,,0,A_ABONO_ACTIVO,2026-04-28,abonos_creditos.fecha_pago,NO,"2026-04-30 11:31:16"
34021,26865,000-001-01-00041781,"HAROLD JOSE REYES HERRERA",0.00,0,,2026-04-28,"2026-04-30 11:26:42",514.63,0.00,0,0.00,64,"Kevin Nuñez",24,OFICINA,,,0,A_ABONO_ACTIVO,2026-04-28,abonos_creditos.fecha_pago,NO,"2026-04-30 11:26:42"
33914,26874,000-001-01-00041790,"ESTHER BILINGUAL SCHOOL",0.00,0,,2026-04-28,"2026-05-06 11:42:04",1424.97,0.00,0,0.00,64,"Kevin Nuñez",115,"Erling Peralta",,,0,A_ABONO_ACTIVO,2026-04-28,abonos_creditos.fecha_pago,NO,"2026-05-06 11:42:04"
33988,26880,000-001-01-00041796,"ABARROTERIA WAI MING",0.00,0,,2026-04-28,"2026-04-30 11:20:21",14145.00,0.00,0,0.00,64,"Kevin Nuñez",24,OFICINA,,,0,A_ABONO_ACTIVO,2026-04-28,abonos_creditos.fecha_pago,NO,"2026-04-30 11:20:21"
34018,26889,000-001-01-00041805,"M V T Y COMPAÑIA S. DE R.L.",0.00,0,,2026-04-28,"2026-04-30 11:21:08",1780.43,0.00,0,0.00,86,"Jose Luque Vendedor",24,OFICINA,,,0,A_ABONO_ACTIVO,2026-04-28,abonos_creditos.fecha_pago,NO,"2026-04-30 11:21:08"
34016,26896,000-001-01-00041812,"CUERPO DE BOMBEROS DE HONDURAS",0.00,0,,2026-04-28,"2026-04-30 11:14:58",1878.67,0.00,0,0.00,64,"Kevin Nuñez",115,"Erling Peralta",,,0,A_ABONO_ACTIVO,2026-04-28,abonos_creditos.fecha_pago,NO,"2026-04-30 11:14:58"
33966,26919,000-001-01-00041835,"CLIENTE GENERICO",0.00,0,,2026-04-28,"2026-04-30 11:38:39",689.17,0.00,0,0.00,57,"Josue Cerritos",24,OFICINA,,,0,A_ABONO_ACTIVO,2026-04-28,abonos_creditos.fecha_pago,NO,"2026-04-30 11:38:39"
33967,26921,000-001-01-00041837,"CLIENTE GENERICO",0.00,0,,2026-04-28,"2026-04-30 11:16:59",85.34,0.00,0,0.00,57,"Josue Cerritos",24,OFICINA,,,0,A_ABONO_ACTIVO,2026-04-28,abonos_creditos.fecha_pago,NO,"2026-04-30 11:16:59"
33984,26955,000-001-01-00041871,"CLIENTE GENERICO",0.00,0,,2026-04-28,"2026-05-04 11:30:02",57.22,0.00,0,0.00,57,"Josue Cerritos",24,OFICINA,,,0,A_ABONO_ACTIVO,2026-04-28,abonos_creditos.fecha_pago,NO,"2026-05-04 11:30:02"
34005,26960,000-001-01-00041876,"ASOCIACION COMPARTIR CON LOS NIÑOS Y NIÑAS DE HONDURAS (COMP",0.00,0,,2026-04-28,"2026-04-30 10:43:24",13238.18,0.00,0,0.00,83,"Yosselin Palma",83,"Yosselin Palma",,,0,A_ABONO_ACTIVO,2026-04-28,abonos_creditos.fecha_pago,NO,"2026-04-30 10:43:24"
31159,24794,000-001-01-00039714,"CLIENTE GENERICO",0.00,0,,2026-04-29,"2026-05-04 11:51:35",172.29,0.00,0,0.00,27,"Ana Pineda",24,OFICINA,,,0,A_ABONO_ACTIVO,2026-04-29,abonos_creditos.fecha_pago,SI,"2026-05-04 11:51:35"
32277,25417,000-001-01-00040336,"IMPORTADORA LA VICTORIA S DE R.L",0.00,0,,2026-04-29,"2026-05-04 15:17:37",1669.80,0.00,0,0.00,98,"Yimmy Funes",115,"Erling Peralta",,,0,A_ABONO_ACTIVO,2026-04-29,abonos_creditos.fecha_pago,NO,"2026-05-04 15:17:37"
32332,25644,000-001-01-00040561,"CREDITO EMPLEADOS",0.00,0,,2026-04-29,"2026-05-04 12:19:51",90.53,0.00,0,0.00,27,"Ana Pineda",24,OFICINA,,,0,A_ABONO_ACTIVO,2026-04-29,abonos_creditos.fecha_pago,SI,"2026-05-04 12:19:51"
32376,25646,000-001-01-00040563,"CREDITO EMPLEADOS",0.00,0,,2026-04-29,"2026-05-04 11:48:58",312.00,0.00,0,0.00,27,"Ana Pineda",24,OFICINA,,,0,A_ABONO_ACTIVO,2026-04-29,abonos_creditos.fecha_pago,SI,"2026-05-04 11:48:58"
32401,25699,000-001-01-00040616,"IMPORTADORA LA VICTORIA S DE R.L",0.00,0,,2026-04-29,"2026-05-04 15:17:16",540.55,0.00,0,0.00,64,"Kevin Nuñez",115,"Erling Peralta",,,0,A_ABONO_ACTIVO,2026-04-29,abonos_creditos.fecha_pago,NO,"2026-05-04 15:17:16"
32402,25705,000-001-01-00040622,"IMPORTADORA LA VICTORIA S DE R.L",0.00,0,,2026-04-29,"2026-05-04 15:18:08",1163.24,0.00,0,0.00,64,"Kevin Nuñez",115,"Erling Peralta",,,0,A_ABONO_ACTIVO,2026-04-29,abonos_creditos.fecha_pago,NO,"2026-05-04 15:18:08"
32403,25706,000-001-01-00040623,"IMPORTADORA LA VICTORIA S DE R.L",0.00,0,,2026-04-29,"2026-05-04 15:24:22",10790.67,0.00,0,0.00,64,"Kevin Nuñez",115,"Erling Peralta",,,0,A_ABONO_ACTIVO,2026-04-29,abonos_creditos.fecha_pago,NO,"2026-05-04 15:24:22"
32404,25707,000-001-01-00040624,"IMPORTADORA LA VICTORIA S DE R.L",0.00,0,,2026-04-29,"2026-05-04 15:25:06",8969.76,0.00,0,0.00,64,"Kevin Nuñez",115,"Erling Peralta",,,0,A_ABONO_ACTIVO,2026-04-29,abonos_creditos.fecha_pago,NO,"2026-05-04 15:25:06"
33461,25713,000-001-01-00040630,"IMPORTADORA LA VICTORIA S DE R.L",0.00,0,,2026-04-29,"2026-05-04 15:25:45",3901.95,0.00,0,0.00,64,"Kevin Nuñez",115,"Erling Peralta",,,0,A_ABONO_ACTIVO,2026-04-29,abonos_creditos.fecha_pago,NO,"2026-05-04 15:25:45"
33462,25720,000-001-01-00040637,"IMPORTADORA LA VICTORIA S DE R.L",0.00,0,,2026-04-29,"2026-05-04 15:26:32",23961.57,0.00,0,0.00,64,"Kevin Nuñez",115,"Erling Peralta",,,0,A_ABONO_ACTIVO,2026-04-29,abonos_creditos.fecha_pago,NO,"2026-05-04 15:26:32"
33464,25755,000-001-01-00040672,"TIENDA LA MEXICANA",0.00,0,,2026-04-29,"2026-05-04 15:40:40",64894.50,0.00,0,0.00,64,"Kevin Nuñez",115,"Erling Peralta",,,0,A_ABONO_ACTIVO,2026-04-29,abonos_creditos.fecha_pago,NO,"2026-05-04 15:40:40"
32619,25863,000-001-01-00040779,SUMGER,0.00,0,,2026-04-29,"2026-05-04 12:07:32",9261.87,0.00,0,0.00,83,"Yosselin Palma",24,OFICINA,,,0,A_ABONO_ACTIVO,2026-04-29,abonos_creditos.fecha_pago,NO,"2026-05-04 12:07:32"
32921,26050,000-001-01-00040966,SUMGER,0.00,0,,2026-04-29,"2026-05-04 12:07:12",6853.80,0.00,0,0.00,27,"Ana Pineda",24,OFICINA,,,0,A_ABONO_ACTIVO,2026-04-29,abonos_creditos.fecha_pago,SI,"2026-05-04 12:07:12"
32973,26059,000-001-01-00040975,"LIBRERIA Y PAPELERIA MELO S. S. DE R.L. DE C. V.",0.00,0,,2026-04-29,"2026-04-30 16:47:45",10867.50,0.00,0,0.00,97,"Madelin Sierra",4,"Roy Zelaya",,,0,A_ABONO_ACTIVO,2026-04-29,abonos_creditos.fecha_pago,NO,"2026-04-30 16:47:45"
33209,26090,000-001-01-00041006,SUMGER,0.00,0,,2026-04-29,"2026-05-04 12:06:50",2233.12,0.00,0,0.00,83,"Yosselin Palma",24,OFICINA,,,0,A_ABONO_ACTIVO,2026-04-29,abonos_creditos.fecha_pago,NO,"2026-05-04 12:06:50"
33210,26187,000-001-01-00041103,SUMGER,0.00,0,,2026-04-29,"2026-05-04 12:06:31",10867.50,0.00,0,0.00,64,"Kevin Nuñez",24,OFICINA,,,0,A_ABONO_ACTIVO,2026-04-29,abonos_creditos.fecha_pago,NO,"2026-05-04 12:06:31"
33033,26223,000-001-01-00041139,"CORPORATE INVESTMENTS SOCIEDAD DE RESPONSABILIDAD LIMITADA",0.00,0,,2026-04-29,"2026-05-04 11:58:56",7503.75,0.00,0,0.00,27,"Ana Pineda",24,OFICINA,,,0,A_ABONO_ACTIVO,2026-04-29,abonos_creditos.fecha_pago,SI,"2026-05-04 11:58:56"
33270,26244,000-001-01-00041160,"CORPORATE INVESTMENTS SOCIEDAD DE RESPONSABILIDAD LIMITADA",0.00,0,,2026-04-29,"2026-05-04 11:59:15",10235.00,0.00,0,0.00,27,"Ana Pineda",24,OFICINA,,,0,A_ABONO_ACTIVO,2026-04-29,abonos_creditos.fecha_pago,SI,"2026-05-04 11:59:15"
33271,26245,000-001-01-00041161,"CORPORATE INVESTMENTS SOCIEDAD DE RESPONSABILIDAD LIMITADA",0.00,0,,2026-04-29,"2026-05-04 11:59:34",2140.72,0.00,0,0.00,27,"Ana Pineda",24,OFICINA,,,0,A_ABONO_ACTIVO,2026-04-29,abonos_creditos.fecha_pago,SI,"2026-05-04 11:59:34"
33379,26307,000-001-01-00041223,SUMGER,0.00,0,,2026-04-29,"2026-05-04 12:06:08",1311.00,0.00,0,0.00,64,"Kevin Nuñez",24,OFICINA,,,0,A_ABONO_ACTIVO,2026-04-29,abonos_creditos.fecha_pago,NO,"2026-05-04 12:06:08"
33361,26309,000-001-01-00041225,"LIBRERIA Y PAPELERIA MELO S. S. DE R.L. DE C. V.",0.00,0,,2026-04-29,"2026-04-30 16:48:07",25430.81,0.00,0,0.00,97,"Madelin Sierra",4,"Roy Zelaya",,,0,A_ABONO_ACTIVO,2026-04-29,abonos_creditos.fecha_pago,NO,"2026-04-30 16:48:07"
33362,26310,000-001-01-00041226,"LIBRERIA Y PAPELERIA MELO S. S. DE R.L. DE C. V.",0.00,0,,2026-04-29,"2026-04-30 16:48:29",819.14,0.00,0,0.00,97,"Madelin Sierra",4,"Roy Zelaya",,,0,A_ABONO_ACTIVO,2026-04-29,abonos_creditos.fecha_pago,NO,"2026-04-30 16:48:29"
33380,26370,000-001-01-00041286,SUMGER,0.00,0,,2026-04-29,"2026-05-04 12:05:48",28980.00,0.00,0,0.00,97,"Madelin Sierra",24,OFICINA,,,0,A_ABONO_ACTIVO,2026-04-29,abonos_creditos.fecha_pago,NO,"2026-05-04 12:05:48"
33423,26414,000-001-01-00041330,SUMGER,0.00,0,,2026-04-29,"2026-05-04 12:05:25",14752.20,0.00,0,0.00,97,"Madelin Sierra",24,OFICINA,,,0,A_ABONO_ACTIVO,2026-04-29,abonos_creditos.fecha_pago,NO,"2026-05-04 12:05:25"
33498,26474,000-001-01-00041390,SUMGER,0.00,0,,2026-04-29,"2026-05-04 12:05:03",22048.95,0.00,0,0.00,97,"Madelin Sierra",24,OFICINA,,,0,A_ABONO_ACTIVO,2026-04-29,abonos_creditos.fecha_pago,NO,"2026-05-04 12:05:03"
33551,26540,000-001-01-00041456,"CREDITO EMPLEADOS",0.00,0,,2026-04-29,"2026-05-04 12:19:32",722.82,0.00,0,0.00,57,"Josue Cerritos",24,OFICINA,,,0,A_ABONO_ACTIVO,2026-04-29,abonos_creditos.fecha_pago,NO,"2026-05-04 12:19:32"
34125,26791,000-001-01-00041707,"BANCO DE OCCIDENTE S.A",0.00,0,,2026-04-29,"2026-05-06 12:03:49",87878.10,0.00,0,0.00,86,"Jose Luque Vendedor",13,"Belinda Lopez",,,0,A_ABONO_ACTIVO,2026-04-29,abonos_creditos.fecha_pago,NO,"2026-05-06 12:03:49"
34006,26827,000-001-01-00041743,"PAPELERIA COPIAS ORELLANA",0.00,0,,2026-04-29,"2026-04-30 10:46:26",8791.50,0.00,0,0.00,64,"Kevin Nuñez",4,"Roy Zelaya",,,0,A_ABONO_ACTIVO,2026-04-29,abonos_creditos.fecha_pago,NO,"2026-04-30 10:46:26"
34013,26864,000-001-01-00041780,"ABARROTERIA ENMANUEL",0.00,0,,2026-04-29,"2026-04-30 11:04:12",1426.23,0.00,0,0.00,86,"Jose Luque Vendedor",87,"Mauricio Zavala",,,0,A_ABONO_ACTIVO,2026-04-29,abonos_creditos.fecha_pago,NO,"2026-04-30 11:04:12"
34015,26866,000-001-01-00041782,"TIENDA LA ESTRELLA",0.00,0,,2026-04-29,"2026-04-30 11:09:50",3559.50,0.00,0,0.00,86,"Jose Luque Vendedor",87,"Mauricio Zavala",,,0,A_ABONO_ACTIVO,2026-04-29,abonos_creditos.fecha_pago,NO,"2026-04-30 11:09:50"
34014,26867,000-001-01-00041783,"ESCOLARES Y NOVEDADES LA CONFIANZA",0.00,0,,2026-04-29,"2026-04-30 11:06:47",3766.00,0.00,0,0.00,86,"Jose Luque Vendedor",87,"Mauricio Zavala",,,0,A_ABONO_ACTIVO,2026-04-29,abonos_creditos.fecha_pago,NO,"2026-04-30 11:06:47"
34007,26871,000-001-01-00041787,"LAPICES Y MAS",0.00,0,,2026-04-29,"2026-04-30 10:47:21",19394.93,0.00,0,0.00,86,"Jose Luque Vendedor",87,"Mauricio Zavala",,,0,A_ABONO_ACTIVO,2026-04-29,abonos_creditos.fecha_pago,NO,"2026-04-30 10:47:21"
34008,26873,000-001-01-00041789,"COMPUMUNDO  S. DE  R.L.",0.00,0,,2026-04-29,"2026-04-30 10:50:12",3197.18,0.00,0,0.00,64,"Kevin Nuñez",115,"Erling Peralta",,,0,A_ABONO_ACTIVO,2026-04-29,abonos_creditos.fecha_pago,NO,"2026-04-30 10:50:12"
33931,26878,000-001-01-00041794,"VARIEDADES POPULAR",0.00,0,,2026-04-29,"2026-04-30 11:08:05",3035.32,0.00,0,0.00,64,"Kevin Nuñez",115,"Erling Peralta",,,0,A_ABONO_ACTIVO,2026-04-29,abonos_creditos.fecha_pago,NO,"2026-04-30 11:08:05"
33938,26899,000-001-01-00041815,"INTERNET JOSADEL",0.00,0,,2026-04-29,"2026-04-30 10:52:56",2352.90,0.00,0,0.00,86,"Jose Luque Vendedor",14,"Sulay Pineda",,,0,A_ABONO_ACTIVO,2026-04-29,abonos_creditos.fecha_pago,NO,"2026-04-30 10:52:56"
34009,26920,000-001-01-00041836,"INTERNET JOSADEL",0.00,0,,2026-04-29,"2026-04-30 10:52:32",238.62,0.00,0,0.00,86,"Jose Luque Vendedor",14,"Sulay Pineda",,,0,A_ABONO_ACTIVO,2026-04-29,abonos_creditos.fecha_pago,NO,"2026-04-30 10:52:32"
34058,26931,000-001-01-00041847,"VARIEDADES RODRIGUEZ",0.00,0,,2026-04-29,"2026-05-04 12:09:56",3820.30,0.00,0,0.00,83,"Yosselin Palma",24,OFICINA,,,0,A_ABONO_ACTIVO,2026-04-29,abonos_creditos.fecha_pago,NO,"2026-05-04 12:09:56"
34024,26963,000-001-01-00041879,"IMPORTACIONES Y DISTRIBUCIONES AZ S. DE R. L.",0.00,0,,2026-04-29,"2026-05-04 11:54:15",7820.00,0.00,0,0.00,97,"Madelin Sierra",24,OFICINA,,,0,A_ABONO_ACTIVO,2026-04-29,abonos_creditos.fecha_pago,NO,"2026-05-04 11:54:15"
34004,26968,000-001-01-00041884,"INVERSIONES ORM",0.00,0,,2026-04-29,"2026-04-30 10:33:19",8168.15,0.00,0,0.00,97,"Madelin Sierra",24,OFICINA,,,0,A_ABONO_ACTIVO,2026-04-29,abonos_creditos.fecha_pago,NO,"2026-04-30 10:33:19"
34044,26973,000-001-01-00041889,"REENCAUCHE Y DISTRIBUCION DE LLANTAS S.A. DE C.V.",0.00,0,,2026-04-29,"2026-05-04 10:30:12",5588.48,0.00,0,0.00,97,"Madelin Sierra",24,OFICINA,,,0,A_ABONO_ACTIVO,2026-04-29,abonos_creditos.fecha_pago,NO,"2026-05-04 10:30:12"
30434,24205,000-001-01-00039133,"DISTRIBUIDORA GLOBAL S. DE R.L",0.00,0,,2026-04-30,"2026-04-30 17:09:16",200100.00,0.00,0,0.00,57,"Josue Cerritos",13,"Belinda Lopez",,,0,A_ABONO_ACTIVO,2026-04-30,abonos_creditos.fecha_pago,NO,"2026-04-30 17:09:16"
31242,24793,000-001-01-00039713,"COMERCIAL EL DIAMANTE S DE R.L",0.00,0,,2026-04-30,"2026-05-04 12:16:04",414720.00,0.00,0,0.00,27,"Ana Pineda",24,OFICINA,,,0,A_ABONO_ACTIVO,2026-04-30,abonos_creditos.fecha_pago,SI,"2026-05-04 12:16:04"
32411,25676,000-001-01-00040593,"DISTRIBUIDORA DE PRODUCTOS VARIADOS ¨DIPROVA¨",0.00,0,,2026-04-30,"2026-05-06 10:37:32",33965.81,0.00,0,0.00,97,"Madelin Sierra",115,"Erling Peralta",,,0,A_ABONO_ACTIVO,2026-04-30,abonos_creditos.fecha_pago,NO,"2026-05-06 10:37:32"
32412,25678,000-001-01-00040595,"DISTRIBUIDORA DE PRODUCTOS VARIADOS ¨DIPROVA¨",0.00,0,,2026-04-30,"2026-05-06 10:37:13",36257.22,0.00,0,0.00,97,"Madelin Sierra",115,"Erling Peralta",,,0,A_ABONO_ACTIVO,2026-04-30,abonos_creditos.fecha_pago,NO,"2026-05-06 10:37:13"
32413,25679,000-001-01-00040596,"DISTRIBUIDORA DE PRODUCTOS VARIADOS ¨DIPROVA¨",0.00,0,,2026-04-30,"2026-05-06 10:38:33",30053.23,0.00,0,0.00,97,"Madelin Sierra",115,"Erling Peralta",,,0,A_ABONO_ACTIVO,2026-04-30,abonos_creditos.fecha_pago,NO,"2026-05-06 10:38:33"
32414,25680,000-001-01-00040597,"DISTRIBUIDORA DE PRODUCTOS VARIADOS ¨DIPROVA¨",0.00,0,,2026-04-30,"2026-05-06 10:37:56",1442.10,0.00,0,0.00,97,"Madelin Sierra",115,"Erling Peralta",,,0,A_ABONO_ACTIVO,2026-04-30,abonos_creditos.fecha_pago,NO,"2026-05-06 10:37:56"
32523,25768,000-001-01-00040685,"NOVEDADES Y PAPELERIA PATY",0.00,0,,2026-04-30,"2026-05-04 12:28:47",33637.50,0.00,0,0.00,97,"Madelin Sierra",120,"CHRISTIAN ESTRADA",,,0,A_ABONO_ACTIVO,2026-04-30,abonos_creditos.fecha_pago,NO,"2026-05-04 12:28:47"
32742,25831,000-001-01-00040747,"EL BODEGON DE LOS PRECIOS BAJOS",0.00,0,,2026-04-30,"2026-05-04 15:49:01",10706.83,261.24,0,0.00,89,"Jonathan Lopez",115,"Erling Peralta",,,0,A_ABONO_ACTIVO,2026-04-30,abonos_creditos.fecha_pago,NO,"2026-05-04 15:49:01"
32980,25974,000-001-01-00040890,"BANCO ATLANTIDA",0.00,0,,2026-04-30,"2026-05-06 10:15:44",34500.00,0.00,0,0.00,89,"Jonathan Lopez",36,"Angel Villela",,,0,A_ABONO_ACTIVO,2026-04-30,abonos_creditos.fecha_pago,NO,"2026-05-06 10:15:44"
32981,25988,000-001-01-00040904,"BANCO ATLANTIDA",0.00,0,,2026-04-30,"2026-05-06 10:21:54",69000.00,0.00,0,0.00,89,"Jonathan Lopez",36,"Angel Villela",,,0,A_ABONO_ACTIVO,2026-04-30,abonos_creditos.fecha_pago,NO,"2026-05-06 10:21:54"
33124,26257,000-001-01-00041173,"CREDITO EMPLEADOS",0.00,0,,2026-04-30,"2026-05-05 14:04:26",434.96,0.00,0,0.00,27,"Ana Pineda",24,OFICINA,,,0,A_ABONO_ACTIVO,2026-04-30,abonos_creditos.fecha_pago,SI,"2026-05-05 14:04:26"
33695,26485,000-001-01-00041401,"BANCO ATLANTIDA",0.00,0,,2026-04-30,"2026-05-06 10:13:28",17940.00,0.00,0,0.00,57,"Josue Cerritos",36,"Angel Villela",,,0,A_ABONO_ACTIVO,2026-04-30,abonos_creditos.fecha_pago,NO,"2026-05-06 10:13:28"
33697,26493,000-001-01-00041409,"BANCO ATLANTIDA",0.00,0,,2026-04-30,"2026-05-06 10:18:18",13800.00,0.00,0,0.00,57,"Josue Cerritos",36,"Angel Villela",,,0,A_ABONO_ACTIVO,2026-04-30,abonos_creditos.fecha_pago,NO,"2026-05-06 10:18:18"
33698,26494,000-001-01-00041410,"BANCO ATLANTIDA",0.00,0,,2026-04-30,"2026-05-06 10:14:04",5382.00,0.00,0,0.00,57,"Josue Cerritos",36,"Angel Villela",,,0,A_ABONO_ACTIVO,2026-04-30,abonos_creditos.fecha_pago,NO,"2026-05-06 10:14:04"
33502,26508,000-001-01-00041424,"CREDITO EMPLEADOS",0.00,0,,2026-04-30,"2026-05-04 12:21:17",534.32,0.00,0,0.00,57,"Josue Cerritos",24,OFICINA,,,0,A_ABONO_ACTIVO,2026-04-30,abonos_creditos.fecha_pago,NO,"2026-05-04 12:21:17"
34122,26771,000-001-01-00041687,"BANCO DE DESARROLLO RURAL HONDURAS S.A",0.00,0,,2026-04-30,"2026-05-06 11:59:14",50829.08,0.00,0,0.00,64,"Kevin Nuñez",13,"Belinda Lopez",,,0,A_ABONO_ACTIVO,2026-04-30,abonos_creditos.fecha_pago,NO,"2026-05-06 11:59:14"
34123,26774,000-001-01-00041690,"BANCO DE DESARROLLO RURAL HONDURAS S.A",0.00,0,,2026-04-30,"2026-05-06 11:59:33",104084.14,0.00,0,0.00,86,"Jose Luque Vendedor",13,"Belinda Lopez",,,0,A_ABONO_ACTIVO,2026-04-30,abonos_creditos.fecha_pago,NO,"2026-05-06 11:59:33"
34038,26788,000-001-01-00041704,"ESCUELA AMERICANA",0.00,0,,2026-04-30,"2026-05-05 14:09:36",5564.99,0.00,0,0.00,86,"Jose Luque Vendedor",13,"Belinda Lopez",,,0,A_ABONO_ACTIVO,2026-04-30,abonos_creditos.fecha_pago,NO,"2026-05-05 14:09:36"
34027,26970,000-001-01-00041886,"COMERCIAL SINAI",0.00,0,,2026-04-30,"2026-05-04 10:31:44",2328.89,0.00,0,0.00,57,"Josue Cerritos",24,OFICINA,,,0,A_ABONO_ACTIVO,2026-04-30,abonos_creditos.fecha_pago,NO,"2026-05-04 10:31:44"
34043,26971,000-001-01-00041887,"VARIEDADES AMN",0.00,0,,2026-04-30,"2026-05-04 10:28:06",2309.08,0.00,0,0.00,97,"Madelin Sierra",24,OFICINA,,,0,A_ABONO_ACTIVO,2026-04-30,abonos_creditos.fecha_pago,NO,"2026-05-04 10:28:06"
31183,24684,000-001-01-00039606,"DISTRIBUIDORA VENECIA",0.00,0,,2026-05-01,"2026-05-04 13:48:35",60030.00,0.00,0,0.00,27,"Ana Pineda",24,OFICINA,,,0,A_ABONO_ACTIVO,2026-05-01,abonos_creditos.fecha_pago,SI,"2026-05-04 13:48:35"
32260,25439,000-001-01-00040358,"CASA QUAN",0.00,0,,2026-05-02,"2026-05-04 14:44:12",1564.58,0.00,0,0.00,98,"Yimmy Funes",65,"Jessy Alvarado",,,0,A_ABONO_ACTIVO,2026-05-02,abonos_creditos.fecha_pago,NO,"2026-05-04 14:44:12"
32496,25537,000-001-01-00040455,"HECTOR S OFFICE",0.00,0,,2026-05-02,"2026-05-04 16:00:02",6952.84,0.00,0,0.00,64,"Kevin Nuñez",115,"Erling Peralta",,,0,A_ABONO_ACTIVO,2026-05-02,abonos_creditos.fecha_pago,NO,"2026-05-04 16:00:02"
32497,25539,000-001-01-00040457,"HECTOR S OFFICE",0.00,0,,2026-05-02,"2026-05-04 16:00:28",15535.35,0.00,0,0.00,64,"Kevin Nuñez",115,"Erling Peralta",,,0,A_ABONO_ACTIVO,2026-05-02,abonos_creditos.fecha_pago,NO,"2026-05-04 16:00:28"
32498,25543,000-001-01-00040461,"HECTOR S OFFICE",0.00,0,,2026-05-03,"2026-05-04 16:03:53",15706.88,0.00,0,0.00,64,"Kevin Nuñez",115,"Erling Peralta",,,0,A_ABONO_ACTIVO,2026-05-03,abonos_creditos.fecha_pago,NO,"2026-05-04 16:03:53"
32499,25547,000-001-01-00040465,"HECTOR S OFFICE",0.00,0,,2026-05-03,"2026-05-04 16:04:20",2138.14,0.00,0,0.00,64,"Kevin Nuñez",115,"Erling Peralta",,,0,A_ABONO_ACTIVO,2026-05-03,abonos_creditos.fecha_pago,NO,"2026-05-04 16:04:20"
32500,25548,000-001-01-00040466,"HECTOR S OFFICE",0.00,0,,2026-05-03,"2026-05-04 16:04:41",19619.94,0.00,0,0.00,64,"Kevin Nuñez",115,"Erling Peralta",,,0,A_ABONO_ACTIVO,2026-05-03,abonos_creditos.fecha_pago,NO,"2026-05-04 16:04:41"
30250,24090,000-001-01-00039018,"OFFICE COMPUTERS S. DE R.L",0.00,0,,2026-05-04,"2026-05-04 16:09:21",698872.00,1800.00,0,0.00,30,"Kelyn Barahona",24,OFICINA,,,0,A_ABONO_ACTIVO,2026-05-04,abonos_creditos.fecha_pago,NO,"2026-05-04 16:09:21"
30967,24207,000-001-01-00039135,DIMAGO,0.00,0,,2026-05-04,"2026-05-04 16:13:27",31888.58,0.00,0,0.00,30,"Kelyn Barahona",24,OFICINA,,,0,A_ABONO_ACTIVO,2026-05-04,abonos_creditos.fecha_pago,NO,"2026-05-04 16:13:27"
30968,24639,000-001-01-00039561,DIMAGO,0.00,0,,2026-05-04,"2026-05-04 16:13:08",25925.80,0.00,0,0.00,27,"Ana Pineda",24,OFICINA,,,0,A_ABONO_ACTIVO,2026-05-04,abonos_creditos.fecha_pago,SI,"2026-05-04 16:13:08"
33409,25610,000-001-01-00040527,DIMAGO,0.00,0,,2026-05-04,"2026-05-04 16:13:46",16899.48,0.00,0,0.00,27,"Ana Pineda",24,OFICINA,,,0,A_ABONO_ACTIVO,2026-05-04,abonos_creditos.fecha_pago,SI,"2026-05-04 16:13:46"
33117,26124,000-001-01-00041040,"CREDITO EMPLEADOS",0.00,0,,2026-05-04,"2026-05-04 14:09:26",30.78,0.00,0,0.00,57,"Josue Cerritos",24,OFICINA,,,0,A_ABONO_ACTIVO,2026-05-04,abonos_creditos.fecha_pago,NO,"2026-05-04 14:09:26"
33118,26141,000-001-01-00041057,"CREDITO EMPLEADOS",0.00,0,,2026-05-04,"2026-05-04 14:09:04",67.34,0.00,0,0.00,27,"Ana Pineda",24,OFICINA,,,0,A_ABONO_ACTIVO,2026-05-04,abonos_creditos.fecha_pago,SI,"2026-05-04 14:09:04"
33058,26180,000-001-01-00041096,"REPRESENTACIONES Y DISTRIBUCIONES PONCE",0.00,0,,2026-05-04,"2026-05-07 09:08:30",43700.00,0.00,0,0.00,13,"Belinda Lopez",13,"Belinda Lopez",,,0,A_ABONO_ACTIVO,2026-05-04,abonos_creditos.fecha_pago,NO,"2026-05-07 09:08:30"
33191,26273,000-001-01-00041189,"UTILES ESCOLARES GENESIS",0.00,0,,2026-05-04,"2026-05-07 11:22:01",22443.23,0.00,0,0.00,27,"Ana Pineda",4,"Roy Zelaya",,,0,A_ABONO_ACTIVO,2026-05-04,abonos_creditos.fecha_pago,SI,"2026-05-07 11:22:01"
34069,26478,000-001-01-00041394,DIMAGO,0.00,0,,2026-05-04,"2026-05-04 16:14:03",12857.00,0.00,0,0.00,97,"Madelin Sierra",24,OFICINA,,,0,A_ABONO_ACTIVO,2026-05-04,abonos_creditos.fecha_pago,NO,"2026-05-04 16:14:03"
33572,26538,000-001-01-00041454,"BORMAC S S. DE R.L.",0.00,0,,2026-05-04,"2026-05-04 16:05:48",2150.50,0.00,0,0.00,86,"Jose Luque Vendedor",115,"Erling Peralta",,,0,A_ABONO_ACTIVO,2026-05-04,abonos_creditos.fecha_pago,NO,"2026-05-04 16:05:48"
34075,26895,000-001-01-00041811,"GRAPHICS JKS",0.00,0,,2026-05-04,"2026-05-07 08:19:10",1643.81,0.00,0,0.00,86,"Jose Luque Vendedor",14,"Sulay Pineda",,,0,A_ABONO_ACTIVO,2026-05-04,abonos_creditos.fecha_pago,NO,"2026-05-07 08:19:10"
34138,26932,000-001-01-00041848,"COMERCIAL REYES",0.00,0,,2026-05-04,"2026-05-06 16:42:07",1518.00,0.00,0,0.00,97,"Madelin Sierra",24,OFICINA,,,0,A_ABONO_ACTIVO,2026-05-04,abonos_creditos.fecha_pago,NO,"2026-05-06 16:42:07"
34142,26961,000-001-01-00041877,ALCOTEQ,0.00,0,,2026-05-04,"2026-05-06 16:45:54",493.49,0.00,0,0.00,83,"Yosselin Palma",24,OFICINA,,,0,A_ABONO_ACTIVO,2026-05-04,abonos_creditos.fecha_pago,NO,"2026-05-06 16:45:54"
34031,26962,000-001-01-00041878,"PAPELERIA HONDURAS",0.00,0,,2026-05-04,"2026-05-06 16:46:47",109.64,0.00,0,0.00,83,"Yosselin Palma",24,OFICINA,,,0,A_ABONO_ACTIVO,2026-05-04,abonos_creditos.fecha_pago,NO,"2026-05-06 16:46:47"
34141,26974,000-001-01-00041890,"GRAN HOTEL KENNEDY",0.00,0,,2026-05-04,"2026-05-06 16:44:55",1263.59,0.00,0,0.00,57,"Josue Cerritos",24,OFICINA,,,0,A_ABONO_ACTIVO,2026-05-04,abonos_creditos.fecha_pago,NO,"2026-05-06 16:44:55"
34064,26975,000-001-01-00041891,"INVERSIONES AMG S.DE R.L.",0.00,0,,2026-05-04,"2026-05-04 15:04:04",2056.09,0.00,0,0.00,83,"Yosselin Palma",24,OFICINA,,,0,A_ABONO_ACTIVO,2026-05-04,abonos_creditos.fecha_pago,NO,"2026-05-04 15:04:04"
34065,26994,000-001-01-00041910,"INVERSIONES AMG S.DE R.L.",0.00,0,,2026-05-04,"2026-05-04 15:04:24",9085.36,0.00,0,0.00,83,"Yosselin Palma",24,OFICINA,,,0,A_ABONO_ACTIVO,2026-05-04,abonos_creditos.fecha_pago,NO,"2026-05-04 15:04:24"
34048,27008,000-001-01-00041924,"CLIENTE GENERICO",0.00,0,,2026-05-04,"2026-05-04 14:02:39",162.56,0.00,0,0.00,57,"Josue Cerritos",24,OFICINA,,,0,A_ABONO_ACTIVO,2026-05-04,abonos_creditos.fecha_pago,NO,"2026-05-04 14:02:39"
34155,27019,000-001-01-00041935,"CLIENTE GENERICO",0.00,0,,2026-05-04,"2026-05-07 08:47:31",387.24,0.00,0,0.00,57,"Josue Cerritos",24,OFICINA,,,0,A_ABONO_ACTIVO,2026-05-04,abonos_creditos.fecha_pago,NO,"2026-05-07 08:47:31"
34156,27031,000-001-01-00041947,"CLIENTE GENERICO",0.00,0,,2026-05-04,"2026-05-07 08:48:46",552.00,0.00,0,0.00,57,"Josue Cerritos",24,OFICINA,,,0,A_ABONO_ACTIVO,2026-05-04,abonos_creditos.fecha_pago,NO,"2026-05-07 08:48:46"
34261,27061,000-001-01-00041977,"ASOCIACION COMPARTIR CON LOS NIÑOS Y NIÑAS DE HONDURAS (COMP",0.00,0,,2026-05-04,"2026-05-13 12:01:32",12280.85,0.00,0,0.00,83,"Yosselin Palma",83,"Yosselin Palma",,,0,A_ABONO_ACTIVO,2026-05-04,abonos_creditos.fecha_pago,NO,"2026-05-13 12:01:32"
31201,24903,000-001-01-00039822,"LIBRERIA Y NOVEDADES MILA",0.00,0,,2026-05-05,"2026-05-06 16:52:00",5491.14,0.00,0,0.00,97,"Madelin Sierra",4,"Roy Zelaya",,,0,A_ABONO_ACTIVO,2026-05-05,abonos_creditos.fecha_pago,NO,"2026-05-06 16:52:00"
32743,25843,000-001-01-00040759,"EL BODEGON DE LOS PRECIOS BAJOS",0.00,0,,2026-05-05,"2026-05-07 08:44:31",1649.32,0.00,0,0.00,64,"Kevin Nuñez",115,"Erling Peralta",,,0,A_ABONO_ACTIVO,2026-05-05,abonos_creditos.fecha_pago,NO,"2026-05-07 08:44:31"
32744,25844,000-001-01-00040760,"EL BODEGON DE LOS PRECIOS BAJOS",0.00,0,,2026-05-05,"2026-05-07 08:45:18",2880.06,0.00,0,0.00,64,"Kevin Nuñez",115,"Erling Peralta",,,0,A_ABONO_ACTIVO,2026-05-05,abonos_creditos.fecha_pago,NO,"2026-05-07 08:45:18"
32875,25911,000-001-01-00040827,"COMERCIAL CINCO ESTRELLAS",0.00,0,,2026-05-05,"2026-05-07 08:51:59",12933.36,0.00,0,0.00,57,"Josue Cerritos",24,OFICINA,,,0,A_ABONO_ACTIVO,2026-05-05,abonos_creditos.fecha_pago,NO,"2026-05-07 08:51:59"
32876,25917,000-001-01-00040833,"COMERCIAL CINCO ESTRELLAS",0.00,0,,2026-05-05,"2026-05-07 08:52:54",31068.86,0.00,0,0.00,27,"Ana Pineda",24,OFICINA,,,0,A_ABONO_ACTIVO,2026-05-05,abonos_creditos.fecha_pago,SI,"2026-05-07 08:52:54"
32872,26011,000-001-01-00040927,"OFFICE COMPUTERS S. DE R.L",0.00,0,,2026-05-05,"2026-05-07 08:41:27",49432.75,0.00,0,0.00,27,"Ana Pineda",24,OFICINA,,,0,A_ABONO_ACTIVO,2026-05-05,abonos_creditos.fecha_pago,SI,"2026-05-07 08:41:27"
33237,26198,000-001-01-00041114,ATEXA,0.00,0,,2026-05-05,"2026-05-07 08:38:25",4146.90,0.00,0,0.00,13,"Belinda Lopez",13,"Belinda Lopez",,,0,A_ABONO_ACTIVO,2026-05-05,abonos_creditos.fecha_pago,NO,"2026-05-07 08:38:25"
33251,26308,000-001-01-00041224,"DISTRIBUCIONES GRAFICAS LA LIBRERIA",0.00,0,,2026-05-05,"2026-05-07 08:42:35",12710.78,0.00,0,0.00,120,"CHRISTIAN ESTRADA",120,"CHRISTIAN ESTRADA",,,0,A_ABONO_ACTIVO,2026-05-05,abonos_creditos.fecha_pago,NO,"2026-05-07 08:42:35"
33323,26322,000-001-01-00041238,ATEXA,0.00,0,,2026-05-05,"2026-05-07 08:33:43",4806.83,0.00,0,0.00,13,"Belinda Lopez",13,"Belinda Lopez",,,0,A_ABONO_ACTIVO,2026-05-05,abonos_creditos.fecha_pago,NO,"2026-05-07 08:33:43"
33511,26437,000-001-01-00041353,ATEXA,0.00,0,,2026-05-05,"2026-05-07 08:32:54",4220.04,0.00,0,0.00,27,"Ana Pineda",13,"Belinda Lopez",,,0,A_ABONO_ACTIVO,2026-05-05,abonos_creditos.fecha_pago,SI,"2026-05-07 08:32:54"
33701,26483,000-001-01-00041399,"COMERCIAL CINCO ESTRELLAS",0.00,0,,2026-05-05,"2026-05-07 08:50:50",10781.83,0.00,0,0.00,97,"Madelin Sierra",24,OFICINA,,,0,A_ABONO_ACTIVO,2026-05-05,abonos_creditos.fecha_pago,NO,"2026-05-07 08:50:50"
33848,26739,000-001-01-00041655,"COMERCIAL CINCO ESTRELLAS",0.00,0,,2026-05-05,"2026-05-07 08:54:23",22974.53,0.00,0,0.00,97,"Madelin Sierra",24,OFICINA,,,0,A_ABONO_ACTIVO,2026-05-05,abonos_creditos.fecha_pago,NO,"2026-05-07 08:54:23"
34080,26752,000-001-01-00041668,"DISTRIBUCIONES GRAFICAS LA LIBRERIA",0.00,0,,2026-05-05,"2026-05-07 08:43:33",2357.50,0.00,0,0.00,64,"Kevin Nuñez",120,"CHRISTIAN ESTRADA",,,0,A_ABONO_ACTIVO,2026-05-05,abonos_creditos.fecha_pago,NO,"2026-05-07 08:43:33"
34158,26783,000-001-01-00041699,"COMERCIAL CINCO ESTRELLAS",0.00,0,,2026-05-05,"2026-05-07 08:55:21",19061.83,0.00,0,0.00,97,"Madelin Sierra",24,OFICINA,,,0,A_ABONO_ACTIVO,2026-05-05,abonos_creditos.fecha_pago,NO,"2026-05-07 08:55:21"
34143,27022,000-001-01-00041938,"INDUSTRIAS MAGAÑA S. DE R. L.",0.00,0,,2026-05-05,"2026-05-07 09:11:05",644.00,0.00,0,0.00,83,"Yosselin Palma",87,"Mauricio Zavala",,,0,A_ABONO_ACTIVO,2026-05-05,abonos_creditos.fecha_pago,NO,"2026-05-07 09:11:05"
34131,27039,000-001-01-00041955,TECNOGLOBAL,0.00,0,,2026-05-05,"2026-05-06 15:39:50",2028.10,0.00,0,0.00,57,"Josue Cerritos",13,"Belinda Lopez",,,0,A_ABONO_ACTIVO,2026-05-05,abonos_creditos.fecha_pago,NO,"2026-05-06 15:39:50"
34148,27040,000-001-01-00041956,"DISTRIBUIDORA DIVERSA SOCIEDAD DE RESPONSABILIDAD LIMITADA",0.00,0,,2026-05-05,"2026-05-07 08:12:11",975.20,0.00,0,0.00,57,"Josue Cerritos",24,OFICINA,,,0,A_ABONO_ACTIVO,2026-05-05,abonos_creditos.fecha_pago,NO,"2026-05-07 08:12:11"
34132,27044,000-001-01-00041960,TECNOGLOBAL,0.00,0,,2026-05-05,"2026-05-07 08:22:36",1759.64,0.00,0,0.00,57,"Josue Cerritos",13,"Belinda Lopez",,,0,A_ABONO_ACTIVO,2026-05-05,abonos_creditos.fecha_pago,NO,"2026-05-07 08:22:36"
34277,27051,000-001-01-00041967,"DLEITE Y ETIQUETA, S. DE R.L DE C.V",0.00,0,,2026-05-05,"2026-05-14 11:05:25",1500.75,0.00,0,0.00,97,"Madelin Sierra",24,OFICINA,,,0,A_ABONO_ACTIVO,2026-05-05,abonos_creditos.fecha_pago,NO,"2026-05-14 11:05:25"
31083,24865,000-001-01-00039785,"DROGUERIA Y TIENDAS SAN MIGUEL  S. DE R.L.",0.00,0,,2026-05-06,"2026-05-07 08:40:25",248630.37,0.00,0,862.04,27,"Ana Pineda",24,OFICINA,,,0,A_ABONO_ACTIVO,2026-05-06,abonos_creditos.fecha_pago,SI,"2026-05-07 08:40:25"
32526,25691,000-001-01-00040608,"TECHNO OFFICE SUPPLIES",0.00,0,,2026-05-06,"2026-05-07 08:40:05",1380.00,0.00,0,0.00,27,"Ana Pineda",24,OFICINA,,,0,A_ABONO_ACTIVO,2026-05-06,abonos_creditos.fecha_pago,SI,"2026-05-07 08:40:05"
32937,26123,000-001-01-00041039,"DROGUERIA Y TIENDAS SAN MIGUEL  S. DE R.L.",0.00,0,,2026-05-06,"2026-05-07 11:16:15",18699.00,0.00,0,0.00,64,"Kevin Nuñez",24,OFICINA,,,0,A_ABONO_ACTIVO,2026-05-06,abonos_creditos.fecha_pago,NO,"2026-05-07 11:16:15"
33050,26150,000-001-01-00041066,"PAPELERIA Y LIBRERIA AGAPE",0.00,0,,2026-05-06,"2026-05-07 09:17:43",6462.44,0.00,0,0.00,13,"Belinda Lopez",13,"Belinda Lopez",,,0,A_ABONO_ACTIVO,2026-05-06,abonos_creditos.fecha_pago,NO,"2026-05-07 09:17:43"
33051,26151,000-001-01-00041067,"PAPELERIA Y LIBRERIA AGAPE",0.00,0,,2026-05-06,"2026-05-07 09:17:04",3500.60,0.00,0,0.00,13,"Belinda Lopez",13,"Belinda Lopez",,,0,A_ABONO_ACTIVO,2026-05-06,abonos_creditos.fecha_pago,NO,"2026-05-07 09:17:04"
33792,26551,000-001-01-00041467,"DROGUERIA RISCHBIETH S.A. DE C.V.",0.00,0,,2026-05-06,"2026-05-07 08:45:23",971.86,0.00,0,0.00,97,"Madelin Sierra",24,OFICINA,,,0,A_ABONO_ACTIVO,2026-05-06,abonos_creditos.fecha_pago,NO,"2026-05-07 08:45:23"
33809,26694,000-001-01-00041610,"D CLASE",0.00,0,,2026-05-06,"2026-05-07 08:46:09",13175.18,0.00,0,0.00,86,"Jose Luque Vendedor",14,"Sulay Pineda",,,0,A_ABONO_ACTIVO,2026-05-06,abonos_creditos.fecha_pago,NO,"2026-05-07 08:46:09"
33793,26701,000-001-01-00041617,"DROGUERIA RISCHBIETH S.A. DE C.V.",0.00,0,,2026-05-06,"2026-05-07 08:45:44",1745.14,0.00,0,0.00,97,"Madelin Sierra",24,OFICINA,,,0,A_ABONO_ACTIVO,2026-05-06,abonos_creditos.fecha_pago,NO,"2026-05-07 08:45:44"
34356,26846,000-001-01-00041762,"PANGEA INVERSIONES, S. DE R.L.",0.00,0,,2026-05-06,"2026-05-15 10:56:02",1351.37,0.00,0,0.00,57,"Josue Cerritos",36,"Angel Villela",,,0,A_ABONO_ACTIVO,2026-05-06,abonos_creditos.fecha_pago,NO,"2026-05-15 10:56:02"
34130,27067,000-001-01-00041983,"CENTRAL AMERICA TRADING",0.00,0,,2026-05-06,"2026-05-06 15:36:15",1724.31,0.00,0,0.00,97,"Madelin Sierra",24,OFICINA,,,0,A_ABONO_ACTIVO,2026-05-06,abonos_creditos.fecha_pago,NO,"2026-05-06 15:36:15"
34139,27077,000-001-01-00041993,"COMERCIAL REYES",0.00,0,,2026-05-06,"2026-05-06 16:43:01",1744.61,0.00,0,0.00,97,"Madelin Sierra",24,OFICINA,,,0,A_ABONO_ACTIVO,2026-05-06,abonos_creditos.fecha_pago,NO,"2026-05-06 16:43:01"
34291,27081,000-001-01-00041997,"SYSTEMAS Y SERVICIOS DE OUTSOURCING DE HONDURAS S. DE R.L",0.00,0,,2026-05-06,"2026-05-14 11:30:05",38834.58,0.00,0,0.00,57,"Josue Cerritos",24,OFICINA,,,0,A_ABONO_ACTIVO,2026-05-06,abonos_creditos.fecha_pago,NO,"2026-05-14 11:30:05"
34262,27083,000-001-01-00041999,"LEONEL ARTURO ARITA",0.00,0,,2026-05-06,"2026-05-13 12:05:21",1705.55,0.00,0,0.00,57,"Josue Cerritos",24,OFICINA,,,0,A_ABONO_ACTIVO,2026-05-06,abonos_creditos.fecha_pago,NO,"2026-05-13 12:05:21"
29333,22944,000-001-01-00037872,"LIBRERIA REYES",0.00,0,,2026-05-07,"2026-05-12 15:16:59",9024.21,0.00,0,0.00,27,"Ana Pineda",80,"Jose Zambrano",,,0,A_ABONO_ACTIVO,2026-05-07,abonos_creditos.fecha_pago,SI,"2026-05-12 15:16:59"
30953,23382,000-001-01-00038310,"LIBRERIA REYES",0.00,0,,2026-05-07,"2026-05-12 15:17:18",1950.17,0.00,0,0.00,83,"Yosselin Palma",80,"Jose Zambrano",,,0,A_ABONO_ACTIVO,2026-05-07,abonos_creditos.fecha_pago,NO,"2026-05-12 15:17:18"
30259,23825,000-001-01-00038753,"CORPORACION GENESIS S DE R.L",0.00,0,,2026-05-07,"2026-05-12 15:01:16",9977.40,0.00,0,0.00,30,"Kelyn Barahona",24,OFICINA,,,0,A_ABONO_ACTIVO,2026-05-07,abonos_creditos.fecha_pago,NO,"2026-05-12 15:01:16"
30260,23977,000-001-01-00038905,"CORPORACION GENESIS S DE R.L",0.00,0,,2026-05-07,"2026-05-12 15:01:38",20427.45,0.00,0,0.00,30,"Kelyn Barahona",24,OFICINA,,,0,A_ABONO_ACTIVO,2026-05-07,abonos_creditos.fecha_pago,NO,"2026-05-12 15:01:38"
30994,23993,000-001-01-00038921,"DELIVERY EXPRESS HONDURAS S.A. DE C.V.",0.00,0,,2026-05-07,"2026-05-15 11:12:09",10420.56,0.00,0,0.00,30,"Kelyn Barahona",24,OFICINA,,,0,A_ABONO_ACTIVO,2026-05-07,abonos_creditos.fecha_pago,NO,"2026-05-15 11:12:09"
30613,24150,000-001-01-00039078,"INVERSIONES VICTORIA",0.00,0,,2026-05-07,"2026-05-13 13:57:08",21804.00,0.00,0,0.00,27,"Ana Pineda",14,"Sulay Pineda",,,0,A_ABONO_ACTIVO,2026-05-07,abonos_creditos.fecha_pago,SI,"2026-05-13 13:57:08"
31325,24715,000-001-01-00039637,"LIBRERIA REYES",0.00,0,,2026-05-07,"2026-05-12 15:17:51",982.01,0.00,0,0.00,97,"Madelin Sierra",120,"CHRISTIAN ESTRADA",,,0,A_ABONO_ACTIVO,2026-05-07,abonos_creditos.fecha_pago,NO,"2026-05-12 15:17:51"
32338,25241,000-001-01-00040160,"LIBRERIA REYES",0.00,0,,2026-05-07,"2026-05-12 15:17:34",1354.11,0.00,0,0.00,97,"Madelin Sierra",120,"CHRISTIAN ESTRADA",,,0,A_ABONO_ACTIVO,2026-05-07,abonos_creditos.fecha_pago,NO,"2026-05-12 15:17:34"
31680,25293,000-001-01-00040212,"DISTRIBUIDORA GLOBAL S. DE R.L",0.00,0,,2026-05-07,"2026-05-13 15:13:47",52821.36,0.00,0,0.00,57,"Josue Cerritos",13,"Belinda Lopez",,,0,A_ABONO_ACTIVO,2026-05-07,abonos_creditos.fecha_pago,NO,"2026-05-13 15:13:47"
32384,25322,000-001-01-00040241,"DISTRIBUIDORA GLOBAL S. DE R.L",0.00,0,,2026-05-07,"2026-05-13 15:14:10",90160.00,0.00,0,0.00,57,"Josue Cerritos",13,"Belinda Lopez",,,0,A_ABONO_ACTIVO,2026-05-07,abonos_creditos.fecha_pago,NO,"2026-05-13 15:14:10"
32247,25569,000-001-01-00040486,"COMERCIAL SINAI",0.00,0,,2026-05-07,"2026-05-13 09:32:18",46747.50,0.00,0,0.00,27,"Ana Pineda",24,OFICINA,,,0,A_ABONO_ACTIVO,2026-05-07,abonos_creditos.fecha_pago,SI,"2026-05-13 09:32:18"
33477,26484,000-001-01-00041400,"DISTRIBUIDORA CLIPS S. DE R.L.",0.00,0,,2026-05-07,"2026-05-12 15:09:39",26565.00,0.00,0,0.00,83,"Yosselin Palma",24,OFICINA,,,0,A_ABONO_ACTIVO,2026-05-07,abonos_creditos.fecha_pago,NO,"2026-05-12 15:09:39"
33514,26510,000-001-01-00041426,"DISTRIBUIDORA CLIPS S. DE R.L.",0.00,0,,2026-05-07,"2026-05-12 15:10:02",9660.00,0.00,0,0.00,83,"Yosselin Palma",24,OFICINA,,,0,A_ABONO_ACTIVO,2026-05-07,abonos_creditos.fecha_pago,NO,"2026-05-12 15:10:02"
33783,26570,000-001-01-00041486,"DISTRIBUIDORA CLIPS S. DE R.L.",0.00,0,,2026-05-07,"2026-05-12 15:10:24",1062.60,0.00,0,0.00,83,"Yosselin Palma",24,OFICINA,,,0,A_ABONO_ACTIVO,2026-05-07,abonos_creditos.fecha_pago,NO,"2026-05-12 15:10:24"
33784,26571,000-001-01-00041487,"DISTRIBUIDORA CLIPS S. DE R.L.",0.00,0,,2026-05-07,"2026-05-12 15:10:42",1805.50,0.00,0,0.00,83,"Yosselin Palma",24,OFICINA,,,0,A_ABONO_ACTIVO,2026-05-07,abonos_creditos.fecha_pago,NO,"2026-05-12 15:10:42"
34160,26630,000-001-01-00041546,"EXPRESS CENTER S.A. DE C.V.",0.00,0,,2026-05-07,"2026-05-15 11:13:59",1591.94,0.00,0,0.00,97,"Madelin Sierra",24,OFICINA,,,0,A_ABONO_ACTIVO,2026-05-07,abonos_creditos.fecha_pago,NO,"2026-05-15 11:13:59"
33776,26635,000-001-01-00041551,"DELIVERY EXPRESS HONDURAS S.A. DE C.V.",0.00,0,,2026-05-07,"2026-05-15 11:12:33",13088.48,0.00,0,0.00,97,"Madelin Sierra",24,OFICINA,,,0,A_ABONO_ACTIVO,2026-05-07,abonos_creditos.fecha_pago,NO,"2026-05-15 11:12:33"
34211,27085,000-001-01-00042001,"VARIEDADES RODRIGUEZ",0.00,0,,2026-05-07,"2026-05-14 14:30:02",2720.00,0.00,0,0.00,27,"Ana Pineda",24,OFICINA,,,0,A_ABONO_ACTIVO,2026-05-07,abonos_creditos.fecha_pago,SI,"2026-05-14 14:30:02"
28594,22691,000-001-01-00037619,"INVERSIONES J R",0.00,0,,2026-05-08,"2026-05-13 14:12:15",1941.87,0.00,0,0.00,58,"Daniela Torres",14,"Sulay Pineda",,,0,A_ABONO_ACTIVO,2026-05-08,abonos_creditos.fecha_pago,NO,"2026-05-13 14:12:15"
28595,22692,000-001-01-00037620,"INVERSIONES J R",0.00,0,,2026-05-08,"2026-05-13 14:12:39",9302.46,0.00,0,0.00,58,"Daniela Torres",14,"Sulay Pineda",,,0,A_ABONO_ACTIVO,2026-05-08,abonos_creditos.fecha_pago,NO,"2026-05-13 14:12:39"
30537,23575,000-001-01-00038503,"MONTECRISTO COMERCIAL  S. DE R.L",0.00,0,,,,0.00,3348.92,0,0.01,83,"Yosselin Palma",4,"Roy Zelaya",,,0,B_OTRO_REDUCTOR,2026-05-08,otros_movimientos.created_at,NO,"2026-05-08 16:42:31"
31603,23689,000-001-01-00038617,"VINOS Y LICORES INTERNATIONAL S.A DE C.V",0.00,0,,2026-05-08,"2026-05-13 09:42:15",1035.97,0.00,0,0.00,30,"Kelyn Barahona",24,OFICINA,,,0,A_ABONO_ACTIVO,2026-05-08,abonos_creditos.fecha_pago,NO,"2026-05-13 09:42:15"
31377,25045,000-001-01-00039964,"DERIVADOS MEDICOS QUIRURGICOS, S.A. DE C.V.",0.00,0,,2026-05-08,"2026-05-15 09:03:19",47610.00,0.00,0,0.00,89,"Jonathan Lopez",36,"Angel Villela",,,0,A_ABONO_ACTIVO,2026-05-08,abonos_creditos.fecha_pago,NO,"2026-05-15 09:03:19"
31378,25051,000-001-01-00039970,"DERIVADOS MEDICOS QUIRURGICOS, S.A. DE C.V.",0.00,0,,2026-05-08,"2026-05-15 09:06:57",34051.50,0.00,0,0.00,89,"Jonathan Lopez",36,"Angel Villela",,,0,A_ABONO_ACTIVO,2026-05-08,abonos_creditos.fecha_pago,NO,"2026-05-15 09:06:57"
33042,25072,000-001-01-00039991,"TECNICA DE INGENIERIA, S.A. DE C.V.",0.00,0,,2026-05-08,"2026-05-14 12:02:52",3795.00,0.00,0,0.00,89,"Jonathan Lopez",24,OFICINA,,,0,A_ABONO_ACTIVO,2026-05-08,abonos_creditos.fecha_pago,NO,"2026-05-14 12:02:52"
31767,25096,000-001-01-00040015,"DERIVADOS MEDICOS QUIRURGICOS, S.A. DE C.V.",0.00,0,,2026-05-08,"2026-05-15 09:04:23",17422.50,0.00,0,0.00,89,"Jonathan Lopez",36,"Angel Villela",,,0,A_ABONO_ACTIVO,2026-05-08,abonos_creditos.fecha_pago,NO,"2026-05-15 09:04:23"
31524,25108,000-001-01-00040027,CONTEMPORANEO,0.00,0,,2026-05-08,"2026-05-13 15:06:32",9032.11,0.00,0,0.00,86,"Jose Luque Vendedor",14,"Sulay Pineda",,,0,A_ABONO_ACTIVO,2026-05-08,abonos_creditos.fecha_pago,NO,"2026-05-13 15:06:32"
31525,25116,000-001-01-00040035,CONTEMPORANEO,0.00,0,,2026-05-08,"2026-05-13 15:06:59",14063.27,0.00,0,0.00,86,"Jose Luque Vendedor",14,"Sulay Pineda",,,0,A_ABONO_ACTIVO,2026-05-08,abonos_creditos.fecha_pago,NO,"2026-05-13 15:06:59"
31526,25120,000-001-01-00040039,CONTEMPORANEO,0.00,0,,2026-05-08,"2026-05-13 15:07:19",2251.14,0.00,0,0.00,86,"Jose Luque Vendedor",14,"Sulay Pineda",,,0,A_ABONO_ACTIVO,2026-05-08,abonos_creditos.fecha_pago,NO,"2026-05-13 15:07:19"
31527,25126,000-001-01-00040045,CONTEMPORANEO,0.00,0,,2026-05-08,"2026-05-18 15:26:47",11696.34,0.00,0,0.00,86,"Jose Luque Vendedor",14,"Sulay Pineda",,,0,A_ABONO_ACTIVO,2026-05-08,abonos_creditos.fecha_pago,NO,"2026-05-18 15:26:47"
33304,25564,000-001-01-00040481,"VINOS Y LICORES INTERNATIONAL S.A DE C.V",0.00,0,,2026-05-08,"2026-05-13 09:34:26",1733.44,0.00,0,0.00,27,"Ana Pineda",24,OFICINA,,,0,A_ABONO_ACTIVO,2026-05-08,abonos_creditos.fecha_pago,SI,"2026-05-13 09:34:26"
33305,25800,000-001-01-00040717,"VINOS Y LICORES INTERNATIONAL S.A DE C.V",0.00,0,,2026-05-08,"2026-05-13 09:34:46",3590.30,0.00,0,0.00,57,"Josue Cerritos",24,OFICINA,,,0,A_ABONO_ACTIVO,2026-05-08,abonos_creditos.fecha_pago,NO,"2026-05-13 09:34:46"
32618,25833,000-001-01-00040749,"DERIVADOS MEDICOS QUIRURGICOS, S.A. DE C.V.",0.00,0,,2026-05-08,"2026-05-15 09:03:55",17422.50,0.00,0,0.00,89,"Jonathan Lopez",36,"Angel Villela",,,0,A_ABONO_ACTIVO,2026-05-08,abonos_creditos.fecha_pago,NO,"2026-05-15 09:03:55"
32905,25955,000-001-01-00040871,"SUMINISTROS TECNICOS S.A. DE C.V.",0.00,0,,2026-05-08,"2026-05-15 16:46:11",61870.00,0.00,0,0.00,83,"Yosselin Palma",83,"Yosselin Palma",,,0,A_ABONO_ACTIVO,2026-05-08,abonos_creditos.fecha_pago,NO,"2026-05-15 16:46:11"
32932,25980,000-001-01-00040896,"PAPELERIA GABRIELA",0.00,0,,2026-05-08,"2026-05-13 16:12:45",2736.77,0.00,0,0.00,97,"Madelin Sierra",120,"CHRISTIAN ESTRADA",,,0,A_ABONO_ACTIVO,2026-05-08,abonos_creditos.fecha_pago,NO,"2026-05-13 16:12:45"
33332,25993,000-001-01-00040909,"LIBRERIA SHAMAR",0.00,0,,2026-05-08,"2026-05-13 14:04:44",17570.16,0.00,0,0.00,86,"Jose Luque Vendedor",14,"Sulay Pineda",,,0,A_ABONO_ACTIVO,2026-05-08,abonos_creditos.fecha_pago,NO,"2026-05-13 14:04:44"
33564,26228,000-001-01-00041144,"CIRCULO OSDY",0.00,0,,2026-05-08,"2026-05-13 12:20:58",1528.73,0.00,0,0.00,64,"Kevin Nuñez",115,"Erling Peralta",,,0,A_ABONO_ACTIVO,2026-05-08,abonos_creditos.fecha_pago,NO,"2026-05-13 12:20:58"
33565,26229,000-001-01-00041145,"CIRCULO OSDY",0.00,0,,2026-05-08,"2026-05-13 12:21:19",245.62,0.00,0,0.00,64,"Kevin Nuñez",115,"Erling Peralta",,,0,A_ABONO_ACTIVO,2026-05-08,abonos_creditos.fecha_pago,NO,"2026-05-13 12:21:19"
33566,26230,000-001-01-00041146,"CIRCULO OSDY",0.00,0,,2026-05-08,"2026-05-13 12:21:45",233.29,0.00,0,0.00,64,"Kevin Nuñez",115,"Erling Peralta",,,0,A_ABONO_ACTIVO,2026-05-08,abonos_creditos.fecha_pago,NO,"2026-05-13 12:21:45"
33839,26262,000-001-01-00041178,"TECNICA DE INGENIERIA, S.A. DE C.V.",0.00,0,,2026-05-08,"2026-05-14 12:01:01",3805.35,0.00,0,0.00,120,"CHRISTIAN ESTRADA",120,"CHRISTIAN ESTRADA",,,0,A_ABONO_ACTIVO,2026-05-08,abonos_creditos.fecha_pago,NO,"2026-05-14 12:01:01"
33333,26288,000-001-01-00041204,"PAPELERIA GABRIELA",0.00,0,,2026-05-08,"2026-05-13 16:13:04",2700.20,0.00,0,0.00,120,"CHRISTIAN ESTRADA",120,"CHRISTIAN ESTRADA",,,0,A_ABONO_ACTIVO,2026-05-08,abonos_creditos.fecha_pago,NO,"2026-05-13 16:13:04"
33376,26403,000-001-01-00041319,"DISTRIBUIDORA MARTINEZ",0.00,0,,2026-05-08,"2026-05-13 15:16:10",6191.82,0.00,0,0.00,86,"Jose Luque Vendedor",13,"Belinda Lopez",,,0,A_ABONO_ACTIVO,2026-05-08,abonos_creditos.fecha_pago,NO,"2026-05-13 15:16:10"
33527,26457,000-001-01-00041373,"SUMINISTROS TECNICOS S.A. DE C.V.",0.00,0,,2026-05-08,"2026-05-15 16:46:26",54418.00,0.00,0,0.00,83,"Yosselin Palma",83,"Yosselin Palma",,,0,A_ABONO_ACTIVO,2026-05-08,abonos_creditos.fecha_pago,NO,"2026-05-15 16:46:26"
33833,26549,000-001-01-00041465,"PAPELERIA J.A",0.00,0,,2026-05-08,"2026-05-13 10:41:36",1814.93,0.00,0,0.00,120,"CHRISTIAN ESTRADA",120,"CHRISTIAN ESTRADA",,,0,A_ABONO_ACTIVO,2026-05-08,abonos_creditos.fecha_pago,NO,"2026-05-13 10:41:36"
33754,26583,000-001-01-00041499,"DEL CAMPO INTERNATIONAL SCHOOL S.A DE C.V",0.00,0,,2026-05-08,"2026-05-16 11:53:36",11847.76,0.00,0,0.00,27,"Ana Pineda",24,OFICINA,,,0,A_ABONO_ACTIVO,2026-05-08,abonos_creditos.fecha_pago,SI,"2026-05-16 11:53:36"
33961,26767,000-001-01-00041683,"CLIENTE GENERICO",0.00,0,,2026-05-08,"2026-05-13 11:57:04",522.25,0.00,0,0.00,57,"Josue Cerritos",24,OFICINA,,,0,A_ABONO_ACTIVO,2026-05-08,abonos_creditos.fecha_pago,NO,"2026-05-13 11:57:04"
33962,26785,000-001-01-00041701,"CLIENTE GENERICO",0.00,0,,2026-05-08,"2026-05-13 11:56:39",74.61,0.00,0,0.00,57,"Josue Cerritos",24,OFICINA,,,0,A_ABONO_ACTIVO,2026-05-08,abonos_creditos.fecha_pago,NO,"2026-05-13 11:56:39"
34111,26879,000-001-01-00041795,"EL LAPIZ",0.00,0,,2026-05-08,"2026-05-13 11:52:39",2091.83,0.00,0,0.00,86,"Jose Luque Vendedor",14,"Sulay Pineda",,,0,A_ABONO_ACTIVO,2026-05-08,abonos_creditos.fecha_pago,NO,"2026-05-13 11:52:39"
34112,26902,000-001-01-00041818,"EL LAPIZ",0.00,0,,2026-05-08,"2026-05-13 11:53:08",173.64,0.00,0,0.00,64,"Kevin Nuñez",14,"Sulay Pineda",,,0,A_ABONO_ACTIVO,2026-05-08,abonos_creditos.fecha_pago,NO,"2026-05-13 11:53:08"
33977,26909,000-001-01-00041825,"COPY Y MAS",0.00,0,,2026-05-08,"2026-05-13 11:21:35",7189.83,397.82,0,0.00,86,"Jose Luque Vendedor",14,"Sulay Pineda",,,0,A_ABONO_ACTIVO,2026-05-08,abonos_creditos.fecha_pago,NO,"2026-05-13 11:21:35"
34241,26989,000-001-01-00041905,"COMPUMUNDO  S. DE  R.L.",0.00,0,,2026-05-08,"2026-05-13 10:22:13",2208.00,0.00,0,0.00,64,"Kevin Nuñez",115,"Erling Peralta",,,0,A_ABONO_ACTIVO,2026-05-08,abonos_creditos.fecha_pago,NO,"2026-05-13 10:22:13"
34251,26990,000-001-01-00041906,"VARIEDADES POPULAR",0.00,0,,2026-05-08,"2026-05-13 10:37:20",3540.52,0.00,0,0.00,64,"Kevin Nuñez",115,"Erling Peralta",,,0,A_ABONO_ACTIVO,2026-05-08,abonos_creditos.fecha_pago,NO,"2026-05-13 10:37:20"
34260,27009,000-001-01-00041925,"HELADOS  Y MAS",0.00,0,,2026-05-08,"2026-05-13 11:47:45",7485.58,0.00,0,0.00,97,"Madelin Sierra",115,"Erling Peralta",,,0,A_ABONO_ACTIVO,2026-05-08,abonos_creditos.fecha_pago,NO,"2026-05-13 11:47:45"
34307,27012,000-001-01-00041928,"CENTRO DE IMPRESION CEPRINT",0.00,0,,2026-05-08,"2026-05-15 09:40:39",2383.05,0.00,0,0.00,97,"Madelin Sierra",115,"Erling Peralta",,,0,A_ABONO_ACTIVO,2026-05-08,abonos_creditos.fecha_pago,NO,"2026-05-15 09:40:39"
34255,27014,000-001-01-00041930,"PAPELERIA EMANUEL",0.00,0,,2026-05-08,"2026-05-13 11:36:27",3486.37,0.00,0,0.00,97,"Madelin Sierra",115,"Erling Peralta",,,0,A_ABONO_ACTIVO,2026-05-08,abonos_creditos.fecha_pago,NO,"2026-05-13 11:36:27"
34257,27015,000-001-01-00041931,"UTILES ESCOLARES Y MAS",0.00,0,,2026-05-08,"2026-05-13 11:46:31",2382.09,0.00,0,0.00,97,"Madelin Sierra",115,"Erling Peralta",,,0,A_ABONO_ACTIVO,2026-05-08,abonos_creditos.fecha_pago,NO,"2026-05-13 11:46:31"
34258,27027,000-001-01-00041943,"UTILES ESCOLARES Y MAS",0.00,0,,2026-05-08,"2026-05-13 11:46:49",295.40,0.00,0,0.00,97,"Madelin Sierra",115,"Erling Peralta",,,0,A_ABONO_ACTIVO,2026-05-08,abonos_creditos.fecha_pago,NO,"2026-05-13 11:46:49"
34157,27041,000-001-01-00041957,"CLIENTE GENERICO",0.00,0,,2026-05-08,"2026-05-13 10:40:07",4.83,0.00,0,0.00,57,"Josue Cerritos",24,OFICINA,,,0,A_ABONO_ACTIVO,2026-05-08,abonos_creditos.fecha_pago,NO,"2026-05-13 10:40:07"
34287,27043,000-001-01-00041959,"SERVICIOS INTEGRADOS DE HONDURAS",0.00,0,,2026-05-08,"2026-05-15 11:22:59",2271.25,0.00,0,0.00,97,"Madelin Sierra",24,OFICINA,,,0,A_ABONO_ACTIVO,2026-05-08,abonos_creditos.fecha_pago,NO,"2026-05-15 11:22:59"
34252,27049,000-001-01-00041965,"EDITORIAL DEKAS",0.00,0,,2026-05-08,"2026-05-13 10:42:22",5393.50,0.00,0,0.00,97,"Madelin Sierra",24,OFICINA,,,0,A_ABONO_ACTIVO,2026-05-08,abonos_creditos.fecha_pago,NO,"2026-05-13 10:42:22"
34284,27050,000-001-01-00041966,"VARIEDADES AMN",0.00,0,,2026-05-08,"2026-05-14 11:12:56",184.97,0.00,0,0.00,97,"Madelin Sierra",24,OFICINA,,,0,A_ABONO_ACTIVO,2026-05-08,abonos_creditos.fecha_pago,NO,"2026-05-14 11:12:56"
34254,27054,000-001-01-00041970,"RIBATEL S.A",0.00,0,,2026-05-08,"2026-05-13 11:19:40",2066.97,0.00,0,0.00,97,"Madelin Sierra",24,OFICINA,,,0,A_ABONO_ACTIVO,2026-05-08,abonos_creditos.fecha_pago,NO,"2026-05-13 11:19:40"
34250,27096,000-001-01-00042012,ALCOTEQ,0.00,0,,2026-05-08,"2026-05-13 10:32:42",820.75,0.00,0,0.00,83,"Yosselin Palma",24,OFICINA,,,0,A_ABONO_ACTIVO,2026-05-08,abonos_creditos.fecha_pago,NO,"2026-05-13 10:32:42"
34278,27097,000-001-01-00042013,"IMPERIA INVERSIONES S. DE R.L. DE C.V",0.00,0,,2026-05-08,"2026-05-14 11:08:35",24900.39,0.00,0,0.00,97,"Madelin Sierra",24,OFICINA,,,0,A_ABONO_ACTIVO,2026-05-08,abonos_creditos.fecha_pago,NO,"2026-05-14 11:08:35"
34243,27099,000-001-01-00042015,"CLIENTE GENERICO",0.00,0,,2026-05-08,"2026-05-13 10:24:14",30.31,0.00,0,0.00,57,"Josue Cerritos",24,OFICINA,,,0,A_ABONO_ACTIVO,2026-05-08,abonos_creditos.fecha_pago,NO,"2026-05-13 10:24:14"
34244,27100,000-001-01-00042016,"CLIENTE GENERICO",0.00,0,,2026-05-08,"2026-05-13 11:57:30",722.82,0.00,0,0.00,57,"Josue Cerritos",24,OFICINA,,,0,A_ABONO_ACTIVO,2026-05-08,abonos_creditos.fecha_pago,NO,"2026-05-13 11:57:30"
34279,27101,000-001-01-00042017,"IMPERIA INVERSIONES S. DE R.L. DE C.V",0.00,0,,2026-05-08,"2026-05-14 11:08:51",476.96,0.00,0,0.00,97,"Madelin Sierra",24,OFICINA,,,0,A_ABONO_ACTIVO,2026-05-08,abonos_creditos.fecha_pago,NO,"2026-05-14 11:08:51"
34245,27103,000-001-01-00042019,"CLIENTE GENERICO",0.00,0,,2026-05-08,"2026-05-14 11:10:41",136.28,0.00,0,0.00,57,"Josue Cerritos",24,OFICINA,,,0,A_ABONO_ACTIVO,2026-05-08,abonos_creditos.fecha_pago,NO,"2026-05-14 11:10:41"
34286,27108,000-001-01-00042024,OFFICETEC,0.00,0,,2026-05-08,"2026-05-14 11:19:30",10827.25,0.00,0,0.00,83,"Yosselin Palma",24,OFICINA,,,0,A_ABONO_ACTIVO,2026-05-08,abonos_creditos.fecha_pago,NO,"2026-05-14 11:19:30"
31184,24804,000-001-01-00039724,"DISTRIBUIDORA VENECIA",0.00,0,,2026-05-09,"2026-05-12 15:26:54",52407.22,0.00,0,0.00,27,"Ana Pineda",24,OFICINA,,,0,A_ABONO_ACTIVO,2026-05-09,abonos_creditos.fecha_pago,SI,"2026-05-12 15:26:54"
34296,26997,000-001-01-00041913,COPYTRAX,0.00,0,,2026-05-09,"2026-05-14 12:14:27",1673.27,0.00,0,0.00,86,"Jose Luque Vendedor",65,"Jessy Alvarado",,,0,A_ABONO_ACTIVO,2026-05-09,abonos_creditos.fecha_pago,NO,"2026-05-14 12:14:27"
30511,23579,000-001-01-00038507,"METRO CAFE S.A DE C.V.",0.00,0,,2026-05-11,"2026-05-14 15:40:51",70713.50,0.00,0,0.00,27,"Ana Pineda",4,"Roy Zelaya",,,0,A_ABONO_ACTIVO,2026-05-11,abonos_creditos.fecha_pago,SI,"2026-05-14 15:40:51"
30368,24102,000-001-01-00039030,"DISTRIBUCIONES M & K S. DE R,L.",0.00,0,,2026-05-11,"2026-05-12 15:33:42",28714.06,0.00,0,0.00,30,"Kelyn Barahona",24,OFICINA,,,0,A_ABONO_ACTIVO,2026-05-11,abonos_creditos.fecha_pago,NO,"2026-05-12 15:33:42"
32815,24785,000-001-01-00039705,"INVERSIONES FERNANDO",0.00,0,,2026-05-11,"2026-05-14 15:43:27",458850.00,0.00,0,0.00,97,"Madelin Sierra",4,"Roy Zelaya",,,0,A_ABONO_ACTIVO,2026-05-11,abonos_creditos.fecha_pago,NO,"2026-05-14 15:43:27"
32359,25598,000-001-01-00040515,"DISTRIBUCIONES M & K S. DE R,L.",0.00,0,,2026-05-11,"2026-05-12 15:37:08",341550.00,0.00,0,0.00,27,"Ana Pineda",24,OFICINA,,,0,A_ABONO_ACTIVO,2026-05-11,abonos_creditos.fecha_pago,SI,"2026-05-12 15:37:08"
32799,25945,000-001-01-00040861,"HECTOR S OFFICE",0.00,0,,2026-05-11,"2026-05-13 12:33:21",7576.80,0.00,0,0.00,64,"Kevin Nuñez",115,"Erling Peralta",,,0,A_ABONO_ACTIVO,2026-05-11,abonos_creditos.fecha_pago,NO,"2026-05-13 12:33:21"
34095,26542,000-001-01-00041458,"SOTO COMERCIAL",0.00,0,,2026-05-11,"2026-05-15 11:27:39",20236.32,0.00,0,0.00,57,"Josue Cerritos",24,OFICINA,,,0,A_ABONO_ACTIVO,2026-05-11,abonos_creditos.fecha_pago,NO,"2026-05-15 11:27:39"
33613,26576,000-001-01-00041492,"DISTRIBUIDORA MONTECRISTO",0.00,0,,2026-05-11,"2026-05-13 09:51:56",13115.70,0.00,0,0.00,97,"Madelin Sierra",24,OFICINA,,,0,A_ABONO_ACTIVO,2026-05-11,abonos_creditos.fecha_pago,NO,"2026-05-13 09:51:56"
33679,26628,000-001-01-00041544,"DISTRIBUIDORA MONTECRISTO",0.00,0,,2026-05-11,"2026-05-13 09:51:18",3893.33,0.00,0,0.00,97,"Madelin Sierra",24,OFICINA,,,0,A_ABONO_ACTIVO,2026-05-11,abonos_creditos.fecha_pago,NO,"2026-05-13 09:51:18"
34192,26892,000-001-01-00041808,"INVERSIONES SANTOS URQUIA S DE R L",0.00,0,,2026-05-11,"2026-05-14 15:32:27",1932.32,0.00,0,0.00,86,"Jose Luque Vendedor",14,"Sulay Pineda",,,0,A_ABONO_ACTIVO,2026-05-11,abonos_creditos.fecha_pago,NO,"2026-05-14 15:32:27"
34193,26969,000-001-01-00041885,"INVERSIONES SANTOS URQUIA S DE R L",0.00,0,,2026-05-11,"2026-05-14 15:32:51",89.70,0.00,0,0.00,86,"Jose Luque Vendedor",14,"Sulay Pineda",,,0,A_ABONO_ACTIVO,2026-05-11,abonos_creditos.fecha_pago,NO,"2026-05-14 15:32:51"
34295,26986,000-001-01-00041902,"PAPELERIA JADAMI",0.00,0,,2026-05-11,"2026-05-14 12:11:12",1241.99,0.00,0,0.00,86,"Jose Luque Vendedor",65,"Jessy Alvarado",,,0,A_ABONO_ACTIVO,2026-05-11,abonos_creditos.fecha_pago,NO,"2026-05-14 12:11:12"
34224,27165,000-001-01-00042081,"PAPELERIA HONDURAS",0.00,0,,2026-05-11,"2026-05-14 14:28:07",128990.44,0.00,0,0.00,83,"Yosselin Palma",24,OFICINA,,,0,A_ABONO_ACTIVO,2026-05-11,abonos_creditos.fecha_pago,NO,"2026-05-14 14:28:07"
30096,24002,000-001-01-00038930,"SUPERTIENDAS DE TODO S.A",0.00,0,,2026-05-12,"2026-05-14 16:13:13",276000.00,0.00,0,0.00,27,"Ana Pineda",36,"Angel Villela",,,0,A_ABONO_ACTIVO,2026-05-12,abonos_creditos.fecha_pago,SI,"2026-05-14 16:13:13"
31658,24682,000-001-01-00039604,"COPY MAX",0.00,0,,2026-05-12,"2026-05-14 15:48:48",152605.00,0.00,0,0.00,97,"Madelin Sierra",4,"Roy Zelaya",,,0,A_ABONO_ACTIVO,2026-05-12,abonos_creditos.fecha_pago,NO,"2026-05-14 15:48:48"
32447,25599,000-001-01-00040516,"COMERCIAL SINAI",0.00,0,,2026-05-12,"2026-05-13 09:28:35",274102.50,0.00,0,0.00,27,"Ana Pineda",24,OFICINA,,,0,A_ABONO_ACTIVO,2026-05-12,abonos_creditos.fecha_pago,SI,"2026-05-13 09:28:35"
32559,25739,000-001-01-00040656,"HOSPITAL ESCUELA",0.00,0,,2026-05-12,"2026-05-15 09:16:58",137206.04,0.00,0,0.00,27,"Ana Pineda",24,OFICINA,,,0,A_ABONO_ACTIVO,2026-05-12,abonos_creditos.fecha_pago,SI,"2026-05-15 09:16:58"
32595,25794,000-001-01-00040711,"TECHNO OFFICE SUPPLIES",0.00,0,,2026-05-12,"2026-05-13 10:10:25",47495.00,0.00,0,0.00,57,"Josue Cerritos",24,OFICINA,,,0,A_ABONO_ACTIVO,2026-05-12,abonos_creditos.fecha_pago,NO,"2026-05-13 10:10:25"
33455,26012,000-001-01-00040928,"COPY MAX",0.00,0,,2026-05-12,"2026-05-14 15:49:14",9156.88,0.00,0,0.00,97,"Madelin Sierra",4,"Roy Zelaya",,,0,A_ABONO_ACTIVO,2026-05-12,abonos_creditos.fecha_pago,NO,"2026-05-14 15:49:14"
33456,26018,000-001-01-00040934,"COPY MAX",0.00,0,,2026-05-12,"2026-05-14 15:49:37",16615.48,0.00,0,0.00,97,"Madelin Sierra",4,"Roy Zelaya",,,0,A_ABONO_ACTIVO,2026-05-12,abonos_creditos.fecha_pago,NO,"2026-05-14 15:49:37"
32933,26095,000-001-01-00041011,"COMERCIAL SINAI",0.00,0,,2026-05-12,"2026-05-13 09:24:38",2068.72,0.00,0,0.00,83,"Yosselin Palma",24,OFICINA,,,0,A_ABONO_ACTIVO,2026-05-12,abonos_creditos.fecha_pago,NO,"2026-05-13 09:24:38"
33234,26241,000-001-01-00041157,"TECHNO OFFICE SUPPLIES",0.00,0,,2026-05-12,"2026-05-13 10:12:04",833.75,0.00,0,0.00,64,"Kevin Nuñez",24,OFICINA,,,0,A_ABONO_ACTIVO,2026-05-12,abonos_creditos.fecha_pago,NO,"2026-05-13 10:12:04"
33619,26365,000-001-01-00041281,"REPRESENTACIONES Y DISTRIBUCIONES PONCE",0.00,0,,2026-05-12,"2026-05-14 12:05:43",3139.50,0.00,0,0.00,13,"Belinda Lopez",13,"Belinda Lopez",,,0,A_ABONO_ACTIVO,2026-05-12,abonos_creditos.fecha_pago,NO,"2026-05-14 12:05:43"
33568,26575,000-001-01-00041491,"COMERCIAL NAZARETH",0.00,0,,2026-05-12,"2026-05-14 15:51:45",42918.46,0.00,0,0.00,86,"Jose Luque Vendedor",4,"Roy Zelaya",,,0,A_ABONO_ACTIVO,2026-05-12,abonos_creditos.fecha_pago,NO,"2026-05-14 15:51:45"
33769,26614,000-001-01-00041530,"CENTRO DE ADIESTRAMIENTO EN ENFERMERIA",0.00,0,,2026-05-12,"2026-05-13 15:24:33",1515.24,0.00,0,0.00,13,"Belinda Lopez",13,"Belinda Lopez",,,0,A_ABONO_ACTIVO,2026-05-12,abonos_creditos.fecha_pago,NO,"2026-05-13 15:24:33"
33770,26616,000-001-01-00041532,"CENTRO DE ADIESTRAMIENTO EN ENFERMERIA",0.00,0,,2026-05-12,"2026-05-13 15:24:55",1205.57,0.00,0,0.00,13,"Belinda Lopez",13,"Belinda Lopez",,,0,A_ABONO_ACTIVO,2026-05-12,abonos_creditos.fecha_pago,NO,"2026-05-13 15:24:55"
33771,26618,000-001-01-00041534,"CENTRO DE ADIESTRAMIENTO EN ENFERMERIA",0.00,0,,2026-05-12,"2026-05-13 15:25:40",757.62,0.00,0,0.00,13,"Belinda Lopez",13,"Belinda Lopez",,,0,A_ABONO_ACTIVO,2026-05-12,abonos_creditos.fecha_pago,NO,"2026-05-13 15:25:40"
33873,26689,000-001-01-00041605,"MULTICINES PLAZA",0.00,0,,2026-05-12,"2026-05-15 13:43:51",2240.84,0.00,0,0.00,83,"Yosselin Palma",24,OFICINA,,,0,A_ABONO_ACTIVO,2026-05-12,abonos_creditos.fecha_pago,NO,"2026-05-15 13:43:51"
33874,26692,000-001-01-00041608,"MULTICINES PLAZA",0.00,0,,2026-05-12,"2026-05-15 13:44:11",4461.69,0.00,0,0.00,83,"Yosselin Palma",24,OFICINA,,,0,A_ABONO_ACTIVO,2026-05-12,abonos_creditos.fecha_pago,NO,"2026-05-15 13:44:11"
33721,26724,000-001-01-00041640,"DISTRIBUIDORA MARTINEZ",0.00,0,,2026-05-12,"2026-05-13 15:28:51",7475.00,0.00,0,0.00,13,"Belinda Lopez",13,"Belinda Lopez",,,0,A_ABONO_ACTIVO,2026-05-12,abonos_creditos.fecha_pago,NO,"2026-05-13 15:28:51"
34359,26814,000-001-01-00041730,"MULTICINES PLAZA",0.00,0,,2026-05-12,"2026-05-15 13:44:35",14860.76,0.00,0,0.00,83,"Yosselin Palma",24,OFICINA,,,0,A_ABONO_ACTIVO,2026-05-12,abonos_creditos.fecha_pago,NO,"2026-05-15 13:44:35"
33958,26851,000-001-01-00041767,"BANCO ATLANTIDA",0.00,0,,2026-05-12,"2026-05-18 09:29:50",69000.00,0.00,0,0.00,64,"Kevin Nuñez",36,"Angel Villela",,,0,A_ABONO_ACTIVO,2026-05-12,abonos_creditos.fecha_pago,NO,"2026-05-18 09:29:50"
33959,26852,000-001-01-00041768,"BANCO ATLANTIDA",0.00,0,,2026-05-12,"2026-05-18 09:28:48",55200.00,0.00,0,0.00,64,"Kevin Nuñez",36,"Angel Villela",,,0,A_ABONO_ACTIVO,2026-05-12,abonos_creditos.fecha_pago,NO,"2026-05-18 09:28:48"
33960,26870,000-001-01-00041786,"BANCO ATLANTIDA",0.00,0,,2026-05-12,"2026-05-18 09:28:10",117300.00,0.00,0,0.00,64,"Kevin Nuñez",36,"Angel Villela",,,0,A_ABONO_ACTIVO,2026-05-12,abonos_creditos.fecha_pago,NO,"2026-05-18 09:28:10"
34217,26903,000-001-01-00041819,"DE TODO UN POCO",0.00,0,,2026-05-12,"2026-05-14 14:33:41",3158.59,0.00,0,0.00,86,"Jose Luque Vendedor",14,"Sulay Pineda",,,0,A_ABONO_ACTIVO,2026-05-12,abonos_creditos.fecha_pago,NO,"2026-05-14 14:33:41"
34285,27170,000-001-01-00042086,"INVERSIONES ALONZO S DE R.L DE C.V",0.00,0,,2026-05-12,"2026-05-14 11:17:18",1160.26,0.00,0,0.00,83,"Yosselin Palma",24,OFICINA,,,0,A_ABONO_ACTIVO,2026-05-12,abonos_creditos.fecha_pago,NO,"2026-05-14 11:17:18"
34328,27188,000-001-01-00042104,"CREDITO EMPLEADOS",0.00,0,,2026-05-12,"2026-05-21 11:15:33",196.32,0.00,0,0.00,57,"Josue Cerritos",24,OFICINA,,,0,A_ABONO_ACTIVO,2026-05-12,abonos_creditos.fecha_pago,NO,"2026-05-21 11:15:33"
30306,23606,000-001-01-00038534,"MERCADITO RUBI",0.00,0,,2026-05-13,"2026-05-14 11:34:53",912.11,0.00,0,0.00,57,"Josue Cerritos",80,"Jose Zambrano",,,0,A_ABONO_ACTIVO,2026-05-13,abonos_creditos.fecha_pago,NO,"2026-05-14 11:34:53"
31556,24212,000-001-01-00039140,"MERCADITO RUBI",0.00,0,,2026-05-13,"2026-05-14 11:35:22",33615.05,0.00,0,0.00,89,"Jonathan Lopez",80,"Jose Zambrano",,,0,A_ABONO_ACTIVO,2026-05-13,abonos_creditos.fecha_pago,NO,"2026-05-14 11:35:22"
33689,26677,000-001-01-00041593,"BORMAC S S. DE R.L.",0.00,0,,2026-05-13,"2026-05-13 13:48:08",10316.79,0.00,0,0.00,64,"Kevin Nuñez",115,"Erling Peralta",,,0,A_ABONO_ACTIVO,2026-05-13,abonos_creditos.fecha_pago,NO,"2026-05-13 13:48:08"
34288,27167,000-001-01-00042083,"SERVICIOS INTEGRADOS DE HONDURAS",0.00,0,,2026-05-13,"2026-05-14 11:21:36",1495.00,0.00,0,0.00,97,"Madelin Sierra",24,OFICINA,,,0,A_ABONO_ACTIVO,2026-05-13,abonos_creditos.fecha_pago,NO,"2026-05-14 11:21:36"
34298,27182,000-001-01-00042098,"VARIEDADES RODRIGUEZ",0.00,0,,2026-05-13,"2026-05-21 10:28:31",6753.95,0.00,0,0.00,27,"Ana Pineda",24,OFICINA,,,0,A_ABONO_ACTIVO,2026-05-13,abonos_creditos.fecha_pago,SI,"2026-05-21 10:28:31"
34290,27191,000-001-01-00042107,"A Z COMERCIAL",0.00,0,,2026-05-13,"2026-05-14 11:23:17",7120.80,0.00,0,0.00,83,"Yosselin Palma",24,OFICINA,,,0,A_ABONO_ACTIVO,2026-05-13,abonos_creditos.fecha_pago,NO,"2026-05-14 11:23:17"
34440,27195,000-001-01-00042111,"INVERSIONES GENFA SOCIEDAD DE RESPONSABILIDAD LIMITADA DE CAPITAL VARIABLE",0.00,0,,2026-05-13,"2026-05-21 11:06:53",968.78,0.00,0,0.00,86,"Jose Luque Vendedor",95,"José Luque",86,"Jose Luque Vendedor",0,A_ABONO_ACTIVO,2026-05-13,abonos_creditos.fecha_pago,NO,"2026-05-21 11:06:53"
34292,27206,000-001-01-00042122,ALCOTEQ,0.00,0,,2026-05-13,"2026-05-14 11:59:11",4334.12,0.00,0,0.00,83,"Yosselin Palma",24,OFICINA,,,0,A_ABONO_ACTIVO,2026-05-13,abonos_creditos.fecha_pago,NO,"2026-05-14 11:59:11"
34281,27207,000-001-01-00042123,"CLIENTE GENERICO",0.00,0,,2026-05-13,"2026-05-21 15:17:17",1155.61,0.00,0,0.00,83,"Yosselin Palma",24,OFICINA,,,0,A_ABONO_ACTIVO,2026-05-13,abonos_creditos.fecha_pago,NO,"2026-05-21 15:17:17"
28077,22305,000-001-01-00037233,"LIBRERÍA UNIVERSAL",0.00,0,,2026-05-14,"2026-05-14 16:02:39",16700.86,0.00,0,0.00,30,"Kelyn Barahona",4,"Roy Zelaya",,,0,A_ABONO_ACTIVO,2026-05-14,abonos_creditos.fecha_pago,NO,"2026-05-14 16:02:39"
32475,24266,000-001-01-00039194,"EMBOTELLADORA LA REYNA S.A",0.00,0,,2026-05-14,"2026-05-25 14:53:43",15811.35,0.00,0,0.00,57,"Josue Cerritos",13,"Belinda Lopez",,,0,A_ABONO_ACTIVO,2026-05-14,abonos_creditos.fecha_pago,NO,"2026-05-25 14:53:43"
31648,25254,000-001-01-00040173,"LIBRERÍA UNIVERSAL",0.00,0,,2026-05-14,"2026-05-14 16:03:11",7115.22,0.00,0,0.00,97,"Madelin Sierra",4,"Roy Zelaya",,,0,A_ABONO_ACTIVO,2026-05-14,abonos_creditos.fecha_pago,NO,"2026-05-14 16:03:11"
33189,26264,000-001-01-00041180,"COMERCIAL CASA BUESO S.A. DE C. V.",0.00,0,,2026-05-14,"2026-05-14 15:38:11",9829.39,0.00,0,35.88,86,"Jose Luque Vendedor",14,"Sulay Pineda",,,0,A_ABONO_ACTIVO,2026-05-14,abonos_creditos.fecha_pago,NO,"2026-05-14 15:38:11"
33396,26351,000-001-01-00041267,"LIBRERÍA UNIVERSAL",0.00,0,,2026-05-14,"2026-05-14 16:03:41",2477.13,0.00,0,0.00,97,"Madelin Sierra",4,"Roy Zelaya",,,0,A_ABONO_ACTIVO,2026-05-14,abonos_creditos.fecha_pago,NO,"2026-05-14 16:03:41"
34519,26543,000-001-01-00041459,"PROYECTOS DE CENTRO AMERICA",0.00,0,,2026-05-14,"2026-05-25 15:25:29",12642.27,0.00,0,0.00,57,"Josue Cerritos",24,OFICINA,,,0,A_ABONO_ACTIVO,2026-05-14,abonos_creditos.fecha_pago,NO,"2026-05-25 15:25:29"
33866,26544,000-001-01-00041460,"LOARQUE COMERCIAL",0.00,0,,2026-05-14,"2026-05-25 15:13:06",8573.11,0.00,0,0.00,57,"Josue Cerritos",24,OFICINA,,,0,A_ABONO_ACTIVO,2026-05-14,abonos_creditos.fecha_pago,NO,"2026-05-25 15:13:06"
33665,26573,000-001-01-00041489,DISFERRO,0.00,0,,2026-05-14,"2026-05-15 10:02:04",8528.40,0.00,0,0.00,57,"Josue Cerritos",36,"Angel Villela",,,0,A_ABONO_ACTIVO,2026-05-14,abonos_creditos.fecha_pago,NO,"2026-05-15 10:02:04"
33867,26588,000-001-01-00041504,"LOARQUE COMERCIAL",0.00,0,,2026-05-14,"2026-05-25 15:14:14",2013.70,0.00,0,0.00,57,"Josue Cerritos",24,OFICINA,,,0,A_ABONO_ACTIVO,2026-05-14,abonos_creditos.fecha_pago,NO,"2026-05-25 15:14:14"
33601,26590,000-001-01-00041506,"CREDITO EMPLEADOS",0.00,0,,2026-05-14,"2026-05-15 10:01:32",134.98,0.00,0,0.00,57,"Josue Cerritos",24,OFICINA,,,0,A_ABONO_ACTIVO,2026-05-14,abonos_creditos.fecha_pago,NO,"2026-05-15 10:01:32"
34354,27113,000-001-01-00042029,"MULTISERVICIOS Y PAPELERIA GENESIS",0.00,0,,2026-05-14,"2026-05-15 10:11:07",7248.06,0.00,0,0.00,57,"Josue Cerritos",4,"Roy Zelaya",,,0,A_ABONO_ACTIVO,2026-05-14,abonos_creditos.fecha_pago,NO,"2026-05-15 10:11:07"
34246,27118,000-001-01-00042034,"CLIENTE GENERICO",0.00,0,,2026-05-14,"2026-05-15 10:13:57",24.74,0.00,0,0.00,57,"Josue Cerritos",24,OFICINA,,,0,A_ABONO_ACTIVO,2026-05-14,abonos_creditos.fecha_pago,NO,"2026-05-15 10:13:57"
34351,27140,000-001-01-00042056,"GRAFICAS CEIBEÑAS",0.00,0,,2026-05-14,"2026-05-15 10:06:28",5720.51,0.00,0,0.00,97,"Madelin Sierra",115,"Erling Peralta",,,0,A_ABONO_ACTIVO,2026-05-14,abonos_creditos.fecha_pago,NO,"2026-05-15 10:06:28"
34275,27145,000-001-01-00042061,"INVERSIONES ALEM",0.00,0,,2026-05-14,"2026-05-21 11:10:06",9381.43,0.00,0,0.00,57,"Josue Cerritos",115,"Erling Peralta",,,0,A_ABONO_ACTIVO,2026-05-14,abonos_creditos.fecha_pago,NO,"2026-05-21 11:10:06"
34297,27163,000-001-01-00042079,"VARIEDADES RODRIGUEZ",0.00,0,,2026-05-14,"2026-05-15 10:08:52",2179.48,0.00,0,0.00,27,"Ana Pineda",24,OFICINA,,,0,A_ABONO_ACTIVO,2026-05-14,abonos_creditos.fecha_pago,SI,"2026-05-15 10:08:52"
34353,27169,000-001-01-00042085,DIPRESEM,0.00,0,,2026-05-14,"2026-05-15 10:07:57",545.85,0.00,0,0.00,97,"Madelin Sierra",24,OFICINA,,,0,A_ABONO_ACTIVO,2026-05-14,abonos_creditos.fecha_pago,NO,"2026-05-15 10:07:57"
34355,27197,000-001-01-00042113,"REPRESENTACIONES Y DISTRIBUCIONES VELASQUEZ",0.00,0,,2026-05-14,"2026-05-15 10:11:34",3243.28,0.00,0,0.00,57,"Josue Cerritos",24,OFICINA,,,0,A_ABONO_ACTIVO,2026-05-14,abonos_creditos.fecha_pago,NO,"2026-05-15 10:11:34"
34432,27204,000-001-01-00042120,"COOPERATIVA DE AHORRO Y CRÉDITO INTIBUCANA LIMITADA CACIL",0.00,0,,2026-05-14,"2026-05-21 10:19:22",11135.22,0.00,0,0.00,83,"Yosselin Palma",14,"Sulay Pineda",,,0,A_ABONO_ACTIVO,2026-05-14,abonos_creditos.fecha_pago,NO,"2026-05-21 10:19:22"
34357,27223,000-001-01-00042139,"COMERCIAL REYES",0.00,0,,2026-05-14,"2026-05-21 11:24:33",3037.19,0.00,0,0.00,97,"Madelin Sierra",24,OFICINA,,,0,A_ABONO_ACTIVO,2026-05-14,abonos_creditos.fecha_pago,NO,"2026-05-21 11:24:33"
34496,27226,000-001-01-00042142,"IRIS YOLANDA CRUZ MATUTE (COMERCIAL BENDICIONES)",0.00,0,,2026-05-14,"2026-05-25 11:33:08",6839.72,0.00,0,0.00,97,"Madelin Sierra",115,"Erling Peralta",,,0,A_ABONO_ACTIVO,2026-05-14,abonos_creditos.fecha_pago,NO,"2026-05-25 11:33:08"
30731,24459,000-001-01-00039385,"NIKIS OFFICE SUPPLY",0.00,0,,2026-05-15,"2026-05-19 16:06:08",58756.53,0.00,0,0.00,64,"Kevin Nuñez",24,OFICINA,,,0,A_ABONO_ACTIVO,2026-05-15,abonos_creditos.fecha_pago,NO,"2026-05-19 16:06:08"
31244,24734,000-001-01-00039656,"NIKIS OFFICE SUPPLY",0.00,0,,2026-05-15,"2026-05-19 16:08:21",5244.00,0.00,0,0.00,97,"Madelin Sierra",100,"Kevin Vendedor",,,0,A_ABONO_ACTIVO,2026-05-15,abonos_creditos.fecha_pago,NO,"2026-05-19 16:08:21"
31245,24735,000-001-01-00039657,"NIKIS OFFICE SUPPLY",0.00,0,,2026-05-15,"2026-05-19 16:09:54",17442.31,0.00,0,0.00,64,"Kevin Nuñez",100,"Kevin Vendedor",,,0,A_ABONO_ACTIVO,2026-05-15,abonos_creditos.fecha_pago,NO,"2026-05-19 16:09:54"
31246,24736,000-001-01-00039658,"NIKIS OFFICE SUPPLY",0.00,0,,2026-05-15,"2026-05-19 16:13:10",5075.54,0.00,0,0.00,97,"Madelin Sierra",100,"Kevin Vendedor",,,0,A_ABONO_ACTIVO,2026-05-15,abonos_creditos.fecha_pago,NO,"2026-05-19 16:13:10"
31247,24739,000-001-01-00039661,"NIKIS OFFICE SUPPLY",0.00,0,,2026-05-15,"2026-05-19 16:35:16",11298.60,0.00,0,0.00,64,"Kevin Nuñez",100,"Kevin Vendedor",,,0,A_ABONO_ACTIVO,2026-05-15,abonos_creditos.fecha_pago,NO,"2026-05-19 16:35:16"
32801,25948,000-001-01-00040864,"HECTOR S OFFICE",0.00,0,,2026-05-15,"2026-05-19 16:04:11",19106.10,0.00,0,0.00,64,"Kevin Nuñez",115,"Erling Peralta",,,0,A_ABONO_ACTIVO,2026-05-15,abonos_creditos.fecha_pago,NO,"2026-05-19 16:04:11"
32918,26054,000-001-01-00040970,"CREDITO EMPLEADOS",0.00,0,,2026-05-15,"2026-05-19 11:40:03",1364.17,0.00,0,0.00,27,"Ana Pineda",24,OFICINA,,,0,A_ABONO_ACTIVO,2026-05-15,abonos_creditos.fecha_pago,SI,"2026-05-19 11:40:03"
33476,26413,000-001-01-00041329,"CREDITO EMPLEADOS",0.00,0,,2026-05-15,"2026-05-19 11:41:47",26.06,0.00,0,0.00,57,"Josue Cerritos",24,OFICINA,,,0,A_ABONO_ACTIVO,2026-05-15,abonos_creditos.fecha_pago,NO,"2026-05-19 11:41:47"
33837,26621,000-001-01-00041537,"COMERCIAL OFFICE & HOME S. DE R. L.",0.00,0,,2026-05-15,"2026-05-21 15:33:16",12075.00,0.00,0,0.00,27,"Ana Pineda",4,"Roy Zelaya",,,0,A_ABONO_ACTIVO,2026-05-15,abonos_creditos.fecha_pago,SI,"2026-05-21 15:33:16"
33748,26652,000-001-01-00041568,"DISTRIBUIDORA MONTECRISTO",0.00,0,,2026-05-15,"2026-05-19 12:23:52",2208.00,0.00,0,0.00,97,"Madelin Sierra",24,OFICINA,,,0,A_ABONO_ACTIVO,2026-05-15,abonos_creditos.fecha_pago,NO,"2026-05-19 12:23:52"
33840,26696,000-001-01-00041612,"UNION COMERCIAL DE HONDURAS S.A DE C.V.",0.00,0,,2026-05-15,"2026-05-25 15:38:29",43373.31,0.00,0,0.00,57,"Josue Cerritos",24,OFICINA,,,0,A_ABONO_ACTIVO,2026-05-15,abonos_creditos.fecha_pago,NO,"2026-05-25 15:38:29"
33767,26741,000-001-01-00041657,DISFERRO,0.00,0,,2026-05-15,"2026-05-19 11:52:02",1518.00,0.00,0,0.00,86,"Jose Luque Vendedor",36,"Angel Villela",,,0,A_ABONO_ACTIVO,2026-05-15,abonos_creditos.fecha_pago,NO,"2026-05-19 11:52:02"
33852,26757,000-001-01-00041673,"CREDITO EMPLEADOS",0.00,0,,2026-05-15,"2026-05-19 11:44:54",89.14,0.00,0,0.00,57,"Josue Cerritos",24,OFICINA,,,0,A_ABONO_ACTIVO,2026-05-15,abonos_creditos.fecha_pago,NO,"2026-05-19 11:44:54"
33853,26759,000-001-01-00041675,"CREDITO EMPLEADOS",0.00,0,,2026-05-15,"2026-05-19 11:42:37",15.25,0.00,0,0.00,57,"Josue Cerritos",24,OFICINA,,,0,A_ABONO_ACTIVO,2026-05-15,abonos_creditos.fecha_pago,NO,"2026-05-19 11:42:37"
34079,26769,000-001-01-00041685,"LIBRERIA Y PAPELERIA  C Y M",0.00,0,,2026-05-15,"2026-05-19 12:33:27",7048.35,0.00,0,0.00,13,"Belinda Lopez",13,"Belinda Lopez",,,0,A_ABONO_ACTIVO,2026-05-15,abonos_creditos.fecha_pago,NO,"2026-05-19 12:33:27"
33910,26885,000-001-01-00041801,"CREDITO EMPLEADOS",0.00,0,,2026-05-15,"2026-05-19 11:36:56",126.27,0.00,0,0.00,64,"Kevin Nuñez",24,OFICINA,,,0,A_ABONO_ACTIVO,2026-05-15,abonos_creditos.fecha_pago,NO,"2026-05-19 11:36:56"
33992,26956,000-001-01-00041872,"CREDITO EMPLEADOS",0.00,0,,2026-05-15,"2026-05-19 12:00:07",227.18,0.00,0,0.00,57,"Josue Cerritos",24,OFICINA,,,0,A_ABONO_ACTIVO,2026-05-15,abonos_creditos.fecha_pago,NO,"2026-05-19 12:00:07"
33993,26957,000-001-01-00041873,"CREDITO EMPLEADOS",0.00,0,,2026-05-15,"2026-05-19 11:27:31",151.80,0.00,0,0.00,57,"Josue Cerritos",24,OFICINA,,,0,A_ABONO_ACTIVO,2026-05-15,abonos_creditos.fecha_pago,NO,"2026-05-19 11:27:31"
33995,26959,000-001-01-00041875,"CREDITO EMPLEADOS",0.00,0,,2026-05-15,"2026-05-19 11:31:29",379.45,0.00,0,0.00,57,"Josue Cerritos",24,OFICINA,,,0,A_ABONO_ACTIVO,2026-05-15,abonos_creditos.fecha_pago,NO,"2026-05-19 11:31:29"
34109,27030,000-001-01-00041946,"CREDITO EMPLEADOS",0.00,0,,2026-05-15,"2026-05-19 11:33:53",325.42,0.00,0,0.00,57,"Josue Cerritos",24,OFICINA,,,0,A_ABONO_ACTIVO,2026-05-15,abonos_creditos.fecha_pago,NO,"2026-05-19 11:33:53"
34320,27122,000-001-01-00042038,"CREDITO EMPLEADOS",0.00,0,,2026-05-15,"2026-05-19 11:46:53",433.63,0.00,0,0.00,57,"Josue Cerritos",24,OFICINA,,,0,A_ABONO_ACTIVO,2026-05-15,abonos_creditos.fecha_pago,NO,"2026-05-19 11:46:53"
34323,27125,000-001-01-00042041,"CREDITO EMPLEADOS",0.00,0,,2026-05-15,"2026-05-19 11:48:24",378.42,0.00,0,0.00,57,"Josue Cerritos",24,OFICINA,,,0,A_ABONO_ACTIVO,2026-05-15,abonos_creditos.fecha_pago,NO,"2026-05-19 11:48:24"
34365,27225,000-001-01-00042141,"SYSTEMAS Y SERVICIOS DE OUTSOURCING DE HONDURAS S. DE R.L",0.00,0,,2026-05-15,"2026-05-21 15:25:07",22648.97,0.00,0,0.00,57,"Josue Cerritos",24,OFICINA,,,0,A_ABONO_ACTIVO,2026-05-15,abonos_creditos.fecha_pago,NO,"2026-05-21 15:25:07"
34366,27229,000-001-01-00042145,"SYSTEMAS Y SERVICIOS DE OUTSOURCING DE HONDURAS S. DE R.L",0.00,0,,2026-05-15,"2026-05-21 15:25:58",2303.66,0.00,0,0.00,57,"Josue Cerritos",24,OFICINA,,,0,A_ABONO_ACTIVO,2026-05-15,abonos_creditos.fecha_pago,NO,"2026-05-21 15:25:58"
34315,27234,000-001-01-00042150,"SERVICIOS INTEGRADOS DE HONDURAS",0.00,0,,2026-05-15,"2026-05-21 11:28:26",1794.00,0.00,0,0.00,97,"Madelin Sierra",24,OFICINA,,,0,A_ABONO_ACTIVO,2026-05-15,abonos_creditos.fecha_pago,NO,"2026-05-21 11:28:26"
34439,27241,000-001-01-00042157,"CARLOS GARCIA",0.00,0,,2026-05-15,"2026-05-21 11:04:46",949.29,0.00,0,0.00,57,"Josue Cerritos",24,OFICINA,,,0,A_ABONO_ACTIVO,2026-05-15,abonos_creditos.fecha_pago,NO,"2026-05-21 11:04:46"
34348,27242,000-001-01-00042158,DISFERRO,0.00,0,,2026-05-15,"2026-05-19 11:54:20",740.06,0.00,0,0.00,83,"Yosselin Palma",36,"Angel Villela",,,0,A_ABONO_ACTIVO,2026-05-15,abonos_creditos.fecha_pago,NO,"2026-05-19 11:54:20"
34417,27255,000-001-01-00042171,"CLIENTE GENERICO",0.00,0,,2026-05-15,"2026-05-21 10:31:11",387.24,0.00,0,0.00,57,"Josue Cerritos",24,OFICINA,,,0,A_ABONO_ACTIVO,2026-05-15,abonos_creditos.fecha_pago,NO,"2026-05-21 10:31:11"
30253,24084,000-001-01-00039012,"ARTE ORIENTAL",0.00,0,,2026-05-16,"2026-05-19 11:16:35",4511.16,0.00,0,0.00,27,"Ana Pineda",24,OFICINA,,,0,A_ABONO_ACTIVO,2026-05-16,abonos_creditos.fecha_pago,SI,"2026-05-19 11:16:35"
31088,24086,000-001-01-00039014,"NOVEDADES Y PAPELERIA PATY",0.00,0,,2026-05-16,"2026-05-19 11:13:32",4511.16,0.00,0,0.00,27,"Ana Pineda",24,OFICINA,,,0,A_ABONO_ACTIVO,2026-05-16,abonos_creditos.fecha_pago,SI,"2026-05-19 11:13:32"
31052,24752,000-001-01-00039673,"ARTE ORIENTAL",0.00,0,,2026-05-16,"2026-05-19 11:17:37",9602.50,0.00,0,0.00,27,"Ana Pineda",24,OFICINA,,,0,A_ABONO_ACTIVO,2026-05-16,abonos_creditos.fecha_pago,SI,"2026-05-19 11:17:37"
31089,24753,000-001-01-00039674,"NOVEDADES Y PAPELERIA PATY",0.00,0,,2026-05-16,"2026-05-19 11:12:51",7360.00,0.00,0,0.00,27,"Ana Pineda",24,OFICINA,,,0,A_ABONO_ACTIVO,2026-05-16,abonos_creditos.fecha_pago,SI,"2026-05-19 11:12:51"
33344,26221,000-001-01-00041137,"OFFICE COMPUTERS S. DE R.L",0.00,0,,2026-05-16,"2026-05-19 11:22:00",36585.64,0.00,0,0.00,27,"Ana Pineda",24,OFICINA,,,0,A_ABONO_ACTIVO,2026-05-16,abonos_creditos.fecha_pago,SI,"2026-05-19 11:22:00"
33712,26468,000-001-01-00041384,"DISTRIBUIDORA M Y M S. DE R.L",0.00,0,,2026-05-16,"2026-05-19 12:30:47",10979.28,0.00,0,0.00,27,"Ana Pineda",13,"Belinda Lopez",,,0,A_ABONO_ACTIVO,2026-05-16,abonos_creditos.fecha_pago,SI,"2026-05-19 12:30:47"
33656,26636,000-001-01-00041552,"ARTE ORIENTAL",0.00,0,,2026-05-16,"2026-05-19 11:57:56",3641.18,0.00,0,0.00,86,"Jose Luque Vendedor",13,"Belinda Lopez",,,0,A_ABONO_ACTIVO,2026-05-16,abonos_creditos.fecha_pago,NO,"2026-05-19 11:57:56"
33825,26643,000-001-01-00041559,"CORPORATE INVESTMENTS SOCIEDAD DE RESPONSABILIDAD LIMITADA",0.00,0,,2026-05-16,"2026-05-19 11:25:01",9246.00,0.00,0,0.00,57,"Josue Cerritos",24,OFICINA,,,0,A_ABONO_ACTIVO,2026-05-16,abonos_creditos.fecha_pago,NO,"2026-05-19 11:25:01"
34391,27110,000-001-01-00042026,"PAPELERIA AURORA",0.00,0,,2026-05-16,"2026-05-21 10:13:50",12124.97,0.00,0,0.00,57,"Josue Cerritos",4,"Roy Zelaya",,,0,A_ABONO_ACTIVO,2026-05-16,abonos_creditos.fecha_pago,NO,"2026-05-21 10:13:50"
34322,27124,000-001-01-00042040,"CREDITO EMPLEADOS",0.00,0,,2026-05-16,"2026-05-21 10:09:07",624.99,0.00,0,0.00,57,"Josue Cerritos",24,OFICINA,,,0,A_ABONO_ACTIVO,2026-05-16,abonos_creditos.fecha_pago,NO,"2026-05-21 10:09:07"
28987,23076,000-001-01-00038004,"DAVID CIBER NET",0.00,0,,2026-05-18,"2026-05-19 13:52:30",21636.00,7155.00,0,0.00,58,"Daniela Torres",4,"Roy Zelaya",,,0,A_ABONO_ACTIVO,2026-05-18,abonos_creditos.fecha_pago,NO,"2026-05-19 13:52:30"
28988,23077,000-001-01-00038005,"DAVID CIBER NET",0.00,0,,2026-05-18,"2026-05-19 13:54:57",8906.40,0.00,0,0.00,58,"Daniela Torres",4,"Roy Zelaya",,,0,A_ABONO_ACTIVO,2026-05-18,abonos_creditos.fecha_pago,NO,"2026-05-19 13:54:57"
32335,25361,000-001-01-00040280,"DISTRIBUIDORA VENECIA",0.00,0,,2026-05-18,"2026-05-19 11:01:45",43427.26,0.00,0,0.00,27,"Ana Pineda",24,OFICINA,,,0,A_ABONO_ACTIVO,2026-05-18,abonos_creditos.fecha_pago,SI,"2026-05-19 11:01:45"
32367,25693,000-001-01-00040610,"DISTRIBUIDORA VENECIA",0.00,0,,2026-05-18,"2026-05-19 11:06:07",5360.00,0.00,0,0.00,27,"Ana Pineda",24,OFICINA,,,0,A_ABONO_ACTIVO,2026-05-18,abonos_creditos.fecha_pago,SI,"2026-05-19 11:06:07"
33016,25995,000-001-01-00040911,"GRUPO ARSA S.A",0.00,0,,2026-05-18,"2026-05-21 14:21:50",3105.00,0.00,0,0.00,86,"Jose Luque Vendedor",14,"Sulay Pineda",,,0,A_ABONO_ACTIVO,2026-05-18,abonos_creditos.fecha_pago,NO,"2026-05-21 14:21:50"
33299,26205,000-001-01-00041121,"COMERCIAL CINCO ESTRELLAS",0.00,0,,2026-05-18,"2026-05-19 12:28:18",43499.90,0.00,0,0.00,97,"Madelin Sierra",24,OFICINA,,,0,A_ABONO_ACTIVO,2026-05-18,abonos_creditos.fecha_pago,NO,"2026-05-19 12:28:18"
33300,26220,000-001-01-00041136,"COMERCIAL CINCO ESTRELLAS",0.00,0,,2026-05-18,"2026-05-19 12:29:05",29699.90,0.00,0,0.00,97,"Madelin Sierra",24,OFICINA,,,0,A_ABONO_ACTIVO,2026-05-18,abonos_creditos.fecha_pago,NO,"2026-05-19 12:29:05"
33222,26236,000-001-01-00041152,DIREMAS,0.00,0,,2026-05-18,"2026-05-19 10:55:22",36790.80,0.00,0,0.00,64,"Kevin Nuñez",24,OFICINA,,,0,A_ABONO_ACTIVO,2026-05-18,abonos_creditos.fecha_pago,NO,"2026-05-19 10:55:22"
33184,26272,000-001-01-00041188,"GRUPO ARSA S.A",0.00,0,,2026-05-18,"2026-05-21 14:22:07",6199.70,0.00,0,0.00,86,"Jose Luque Vendedor",14,"Sulay Pineda",,,0,A_ABONO_ACTIVO,2026-05-18,abonos_creditos.fecha_pago,NO,"2026-05-21 14:22:07"
33976,26541,000-001-01-00041457,"REMARCO S. A. DE C. V.",0.00,0,,2026-05-18,"2026-05-25 15:59:20",32574.08,0.00,0,0.00,57,"Josue Cerritos",24,OFICINA,,,0,A_ABONO_ACTIVO,2026-05-18,abonos_creditos.fecha_pago,NO,"2026-05-25 15:59:20"
34212,26680,000-001-01-00041596,IMPORAMA,0.00,0,,2026-05-18,"2026-05-19 16:29:51",646.13,0.00,0,0.00,86,"Jose Luque Vendedor",14,"Sulay Pineda",,,0,A_ABONO_ACTIVO,2026-05-18,abonos_creditos.fecha_pago,NO,"2026-05-19 16:29:51"
34213,26700,000-001-01-00041616,IMPORAMA,0.00,0,,2026-05-18,"2026-05-19 16:33:25",4159.09,0.00,0,0.00,86,"Jose Luque Vendedor",14,"Sulay Pineda",,,0,A_ABONO_ACTIVO,2026-05-18,abonos_creditos.fecha_pago,NO,"2026-05-19 16:33:25"
34273,27029,000-001-01-00041945,"PULPERIA DAYANNA",0.00,0,,2026-05-18,"2026-05-19 12:06:16",2636.02,0.00,0,0.00,83,"Yosselin Palma",14,"Sulay Pineda",,,0,A_ABONO_ACTIVO,2026-05-18,abonos_creditos.fecha_pago,NO,"2026-05-19 12:06:16"
34396,27094,000-001-01-00042010,"FERRETERIA GAITAN S.DE R.L. DE C.V",0.00,0,,2026-05-18,"2026-05-21 11:12:20",10160.61,0.00,0,0.00,57,"Josue Cerritos",65,"Jessy Alvarado",,,0,A_ABONO_ACTIVO,2026-05-18,abonos_creditos.fecha_pago,NO,"2026-05-21 11:12:20"
34374,27102,000-001-01-00042018,"BANCO ATLANTIDA",0.00,0,,2026-05-18,"2026-05-25 16:27:54",835.11,0.00,0,0.00,83,"Yosselin Palma",36,"Angel Villela",,,0,A_ABONO_ACTIVO,2026-05-18,abonos_creditos.fecha_pago,NO,"2026-05-25 16:27:54"
34256,27174,000-001-01-00042090,"MERCADITO EL ROSQUILLERO",0.00,0,,2026-05-18,"2026-05-19 12:18:40",1438.13,0.00,0,0.00,83,"Yosselin Palma",14,"Sulay Pineda",,,0,A_ABONO_ACTIVO,2026-05-18,abonos_creditos.fecha_pago,NO,"2026-05-19 12:18:40"
34390,27175,000-001-01-00042091,"VARIEDADES LA ECONOMICA",0.00,0,,2026-05-18,"2026-05-19 12:02:19",1976.85,0.00,0,0.00,83,"Yosselin Palma",14,"Sulay Pineda",,,0,A_ABONO_ACTIVO,2026-05-18,abonos_creditos.fecha_pago,NO,"2026-05-19 12:02:19"
34368,27213,000-001-01-00042129,"DISTRIBUCIONES LEO S .DE R.L.",0.00,0,,2026-05-18,"2026-05-21 11:17:41",274792.50,0.00,0,0.00,97,"Madelin Sierra",24,OFICINA,,,0,A_ABONO_ACTIVO,2026-05-18,abonos_creditos.fecha_pago,NO,"2026-05-21 11:17:41"
34393,27227,000-001-01-00042143,"HAROLD JOSE REYES HERRERA",0.00,0,,2026-05-18,"2026-05-19 12:21:53",669.88,0.00,0,0.00,97,"Madelin Sierra",24,OFICINA,,,0,A_ABONO_ACTIVO,2026-05-18,abonos_creditos.fecha_pago,NO,"2026-05-19 12:21:53"
34392,27239,000-001-01-00042155,"FULL COLOR",0.00,0,,2026-05-18,"2026-05-19 12:19:56",1582.86,0.00,0,0.00,27,"Ana Pineda",24,OFICINA,,,0,A_ABONO_ACTIVO,2026-05-18,abonos_creditos.fecha_pago,SI,"2026-05-19 12:19:56"
34418,27277,000-001-01-00042193,"CLIENTE GENERICO",0.00,0,,2026-05-18,"2026-05-21 10:16:52",2657.37,0.00,0,0.00,57,"Josue Cerritos",24,OFICINA,57,"Josue Cerritos",0,A_ABONO_ACTIVO,2026-05-18,abonos_creditos.fecha_pago,NO,"2026-05-21 10:16:52"
31666,25060,000-001-01-00039979,"LIBRERIA Y NOVEDADES MILA",0.00,0,,2026-05-19,"2026-05-19 13:47:59",19398.20,0.00,0,0.00,97,"Madelin Sierra",4,"Roy Zelaya",,,0,A_ABONO_ACTIVO,2026-05-19,abonos_creditos.fecha_pago,NO,"2026-05-19 13:47:59"
32525,25685,000-001-01-00040602,"INVERSIONES DONCELLA S. DE R.L DE C.V",0.00,0,,2026-05-19,"2026-05-22 08:38:59",112265.30,0.00,0,0.00,89,"Jonathan Lopez",36,"Angel Villela",,,0,A_ABONO_ACTIVO,2026-05-19,abonos_creditos.fecha_pago,NO,"2026-05-22 08:38:59"
33685,26300,000-001-01-00041216,"A Z COMERCIAL",0.00,0,,2026-05-19,"2026-05-19 10:42:31",194801.95,0.00,0,0.00,57,"Josue Cerritos",24,OFICINA,,,0,A_ABONO_ACTIVO,2026-05-19,abonos_creditos.fecha_pago,NO,"2026-05-19 10:42:31"
33451,26345,000-001-01-00041261,"DISTRIBUIDORA CLIPS S. DE R.L.",0.00,0,,2026-05-19,"2026-05-21 15:48:39",223528.65,0.00,0,0.00,83,"Yosselin Palma",24,OFICINA,,,0,A_ABONO_ACTIVO,2026-05-19,abonos_creditos.fecha_pago,NO,"2026-05-21 15:48:39"
33452,26382,000-001-01-00041298,"DISTRIBUIDORA CLIPS S. DE R.L.",0.00,0,,2026-05-19,"2026-05-21 15:48:56",35170.13,0.00,0,0.00,83,"Yosselin Palma",24,OFICINA,,,0,A_ABONO_ACTIVO,2026-05-19,abonos_creditos.fecha_pago,NO,"2026-05-21 15:48:56"
33857,26732,000-001-01-00041648,"LECHE Y DERIVADOS S.A ( LEYDE)",0.00,0,,2026-05-19,"2026-05-21 12:17:08",35937.50,0.00,0,0.00,64,"Kevin Nuñez",115,"Erling Peralta",,,0,A_ABONO_ACTIVO,2026-05-19,abonos_creditos.fecha_pago,NO,"2026-05-21 12:17:08"
34081,26929,000-001-01-00041845,"BANCO FINANCIERA COMERCIAL HONDUREÑA, S.A.",0.00,0,,2026-05-19,"2026-05-22 08:48:30",23598.00,0.00,0,0.00,64,"Kevin Nuñez",36,"Angel Villela",,,0,A_ABONO_ACTIVO,2026-05-19,abonos_creditos.fecha_pago,NO,"2026-05-22 08:48:30"
34082,26930,000-001-01-00041846,"BANCO FINANCIERA COMERCIAL HONDUREÑA, S.A.",0.00,0,,2026-05-19,"2026-05-22 08:48:50",52544.88,0.00,0,0.00,64,"Kevin Nuñez",36,"Angel Villela",,,0,A_ABONO_ACTIVO,2026-05-19,abonos_creditos.fecha_pago,NO,"2026-05-22 08:48:50"
34463,27190,000-001-01-00042106,"BANCO FINANCIERA COMERCIAL HONDUREÑA, S.A.",0.00,0,,2026-05-19,"2026-05-22 08:49:11",47196.00,0.00,0,0.00,83,"Yosselin Palma",36,"Angel Villela",,,0,A_ABONO_ACTIVO,2026-05-19,abonos_creditos.fecha_pago,NO,"2026-05-22 08:49:11"
34435,27267,000-001-01-00042183,"VARIEDADES RODRIGUEZ",0.00,0,,2026-05-19,"2026-05-21 15:11:26",33350.00,0.00,0,0.00,27,"Ana Pineda",24,OFICINA,27,"Ana Pineda",0,A_ABONO_ACTIVO,2026-05-19,abonos_creditos.fecha_pago,SI,"2026-05-21 15:11:26"
34419,27303,000-001-01-00042219,"CLIENTE GENERICO",0.00,0,,2026-05-19,"2026-05-21 12:06:18",297.30,0.00,0,0.00,57,"Josue Cerritos",24,OFICINA,57,"Josue Cerritos",0,A_ABONO_ACTIVO,2026-05-19,abonos_creditos.fecha_pago,NO,"2026-05-21 12:06:18"
34458,27309,000-001-01-00042225,"SP INVERSIONES MULTIPLES S DE R.L",0.00,0,,2026-05-19,"2026-05-21 15:09:50",4300.08,0.00,0,0.00,27,"Ana Pineda",24,OFICINA,27,"Ana Pineda",0,A_ABONO_ACTIVO,2026-05-19,abonos_creditos.fecha_pago,SI,"2026-05-21 15:09:50"
34422,27311,000-001-01-00042227,"CLIENTE GENERICO",0.00,0,,2026-05-19,"2026-05-21 15:04:50",186.35,0.00,0,0.00,57,"Josue Cerritos",24,OFICINA,57,"Josue Cerritos",0,A_ABONO_ACTIVO,2026-05-19,abonos_creditos.fecha_pago,NO,"2026-05-21 15:04:50"
34423,27313,000-001-01-00042229,"CLIENTE GENERICO",0.00,0,,2026-05-19,"2026-05-21 15:01:41",121.40,0.00,0,0.00,57,"Josue Cerritos",24,OFICINA,57,"Josue Cerritos",0,A_ABONO_ACTIVO,2026-05-19,abonos_creditos.fecha_pago,NO,"2026-05-21 15:01:41"
32745,25851,000-001-01-00040767,"EL BODEGON DE LOS PRECIOS BAJOS",0.00,0,,2026-05-20,"2026-05-21 12:31:42",13745.66,0.00,0,0.00,64,"Kevin Nuñez",115,"Erling Peralta",,,0,A_ABONO_ACTIVO,2026-05-20,abonos_creditos.fecha_pago,NO,"2026-05-21 12:31:42"
33582,26438,000-001-01-00041354,"PAPELERIA Y LIBRERIA AGAPE",0.00,0,,2026-05-20,"2026-05-21 12:12:57",4566.58,0.00,0,0.00,27,"Ana Pineda",13,"Belinda Lopez",,,0,A_ABONO_ACTIVO,2026-05-20,abonos_creditos.fecha_pago,SI,"2026-05-21 12:12:57"
33620,26554,000-001-01-00041470,"INVERSIONES TECNOLOGICAS CORPORATIVAS S. de R.L",0.00,0,,2026-05-20,"2026-05-21 12:22:11",13832.20,0.00,0,0.00,86,"Jose Luque Vendedor",115,"Erling Peralta",,,0,A_ABONO_ACTIVO,2026-05-20,abonos_creditos.fecha_pago,NO,"2026-05-21 12:22:11"
33684,26581,000-001-01-00041497,"SUPERMERCADO LA COLONIA S.A. DE C.V.",0.00,0,,2026-05-20,"2026-05-21 15:38:13",125796.20,0.00,0,0.00,83,"Yosselin Palma",36,"Angel Villela",,,0,A_ABONO_ACTIVO,2026-05-20,abonos_creditos.fecha_pago,NO,"2026-05-21 15:38:13"
33858,26596,000-001-01-00041512,"CIRCULO OSDY",0.00,0,,2026-05-20,"2026-05-21 13:55:49",7217.14,0.00,0,0.00,27,"Ana Pineda",115,"Erling Peralta",,,0,A_ABONO_ACTIVO,2026-05-20,abonos_creditos.fecha_pago,SI,"2026-05-21 13:55:49"
33859,26597,000-001-01-00041513,"CIRCULO OSDY",0.00,0,,2026-05-20,"2026-05-21 13:55:34",1196.00,0.00,0,0.00,27,"Ana Pineda",115,"Erling Peralta",,,0,A_ABONO_ACTIVO,2026-05-20,abonos_creditos.fecha_pago,SI,"2026-05-21 13:55:34"
34462,26599,000-001-01-00041515,"FUNDACION ANTONIO E. NASSER PARA EL DESARROLLO EDUCATIVO Y S",0.00,0,,2026-05-20,"2026-05-21 16:01:03",8118.85,0.00,0,0.00,83,"Yosselin Palma",83,"Yosselin Palma",,,0,A_ABONO_ACTIVO,2026-05-20,abonos_creditos.fecha_pago,NO,"2026-05-21 16:01:03"
34076,26600,000-001-01-00041516,"PAPELERIA Y LIBRERIA AGAPE",0.00,0,,2026-05-20,"2026-05-21 12:11:58",10926.69,0.00,0,0.00,86,"Jose Luque Vendedor",13,"Belinda Lopez",,,0,A_ABONO_ACTIVO,2026-05-20,abonos_creditos.fecha_pago,NO,"2026-05-21 12:11:58"
33860,26605,000-001-01-00041521,"CIRCULO OSDY",0.00,0,,2026-05-20,"2026-05-21 13:56:07",13832.20,0.00,0,0.00,27,"Ana Pineda",115,"Erling Peralta",,,0,A_ABONO_ACTIVO,2026-05-20,abonos_creditos.fecha_pago,SI,"2026-05-21 13:56:07"
33861,26619,000-001-01-00041535,"CIRCULO OSDY",0.00,0,,2026-05-20,"2026-05-21 13:56:22",224.25,0.00,0,0.00,27,"Ana Pineda",115,"Erling Peralta",,,0,A_ABONO_ACTIVO,2026-05-20,abonos_creditos.fecha_pago,SI,"2026-05-21 13:56:22"
33862,26627,000-001-01-00041543,"CIRCULO OSDY",0.00,0,,2026-05-20,"2026-05-21 13:55:10",19756.13,0.00,0,0.00,27,"Ana Pineda",115,"Erling Peralta",,,0,A_ABONO_ACTIVO,2026-05-20,abonos_creditos.fecha_pago,SI,"2026-05-21 13:55:10"
33693,26661,000-001-01-00041577,"SUPERMERCADO LA COLONIA S.A. DE C.V.",0.00,0,,2026-05-20,"2026-05-21 15:38:33",125796.20,0.00,0,0.00,27,"Ana Pineda",36,"Angel Villela",,,0,A_ABONO_ACTIVO,2026-05-20,abonos_creditos.fecha_pago,SI,"2026-05-21 15:38:33"
34522,26675,000-001-01-00041591,TELETON,0.00,0,,2026-05-20,"2026-05-25 16:33:05",9626.93,0.00,0,0.00,64,"Kevin Nuñez",120,"CHRISTIAN ESTRADA",,,0,A_ABONO_ACTIVO,2026-05-20,abonos_creditos.fecha_pago,NO,"2026-05-25 16:33:05"
33810,26706,000-001-01-00041622,"D CLASE",0.00,0,,2026-05-20,"2026-05-21 14:26:48",21320.32,0.00,0,0.00,86,"Jose Luque Vendedor",14,"Sulay Pineda",,,0,A_ABONO_ACTIVO,2026-05-20,abonos_creditos.fecha_pago,NO,"2026-05-21 14:26:48"
33802,26712,000-001-01-00041628,"INVERSIONES TECNOLOGICAS CORPORATIVAS S. de R.L",0.00,0,,2026-05-20,"2026-05-21 12:22:29",8958.50,0.00,0,0.00,64,"Kevin Nuñez",115,"Erling Peralta",,,0,A_ABONO_ACTIVO,2026-05-20,abonos_creditos.fecha_pago,NO,"2026-05-21 12:22:29"
33803,26720,000-001-01-00041636,"INVERSIONES TECNOLOGICAS CORPORATIVAS S. de R.L",0.00,0,,2026-05-20,"2026-05-21 12:22:47",1864.75,0.00,0,0.00,64,"Kevin Nuñez",115,"Erling Peralta",,,0,A_ABONO_ACTIVO,2026-05-20,abonos_creditos.fecha_pago,NO,"2026-05-21 12:22:47"
33804,26736,000-001-01-00041652,"INVERSIONES TECNOLOGICAS CORPORATIVAS S. de R.L",0.00,0,,2026-05-20,"2026-05-21 12:23:10",1375.74,0.00,0,0.00,64,"Kevin Nuñez",115,"Erling Peralta",,,0,A_ABONO_ACTIVO,2026-05-20,abonos_creditos.fecha_pago,NO,"2026-05-21 12:23:10"
33805,26743,000-001-01-00041659,"INVERSIONES TECNOLOGICAS CORPORATIVAS S. de R.L",0.00,0,,2026-05-20,"2026-05-21 12:23:28",14720.00,0.00,0,0.00,64,"Kevin Nuñez",115,"Erling Peralta",,,0,A_ABONO_ACTIVO,2026-05-20,abonos_creditos.fecha_pago,NO,"2026-05-21 12:23:28"
34077,26754,000-001-01-00041670,"PAPELERIA Y LIBRERIA AGAPE",0.00,0,,2026-05-20,"2026-05-21 12:12:21",1803.54,0.00,0,0.00,86,"Jose Luque Vendedor",13,"Belinda Lopez",,,0,A_ABONO_ACTIVO,2026-05-20,abonos_creditos.fecha_pago,NO,"2026-05-21 12:12:21"
34413,26772,000-001-01-00041688,"PROCURADURIA GENERAL DE LA REPUBLICA",0.00,0,,2026-05-20,"2026-05-21 10:03:26",40464.00,0.00,1,0.00,27,"Ana Pineda",24,OFICINA,,,0,A_ABONO_ACTIVO,2026-05-20,abonos_creditos.fecha_pago,SI,"2026-05-21 10:03:26"
34457,27178,000-001-01-00042094,"ZONA GAMER",0.00,0,,2026-05-20,"2026-05-21 15:06:32",1764.79,0.00,0,0.00,83,"Yosselin Palma",14,"Sulay Pineda",,,0,A_ABONO_ACTIVO,2026-05-20,abonos_creditos.fecha_pago,NO,"2026-05-21 15:06:32"
34446,27293,000-001-01-00042209,"UTILES ESCOLARES Y MAS",0.00,0,,2026-05-20,"2026-05-25 09:43:43",121.46,0.00,0,0.00,97,"Madelin Sierra",115,"Erling Peralta",97,"Madelin Sierra",0,A_ABONO_ACTIVO,2026-05-20,abonos_creditos.fecha_pago,NO,"2026-05-25 09:43:43"
34405,27296,000-001-01-00042212,"PAPELERIA EMANUEL",0.00,0,,2026-05-20,"2026-05-25 10:51:06",249.95,0.00,0,0.00,97,"Madelin Sierra",115,"Erling Peralta",97,"Madelin Sierra",0,A_ABONO_ACTIVO,2026-05-20,abonos_creditos.fecha_pago,NO,"2026-05-25 10:51:06"
34447,27299,000-001-01-00042215,"UTILES ESCOLARES Y MAS",0.00,0,,2026-05-20,"2026-05-25 09:43:58",3120.47,0.00,0,0.00,97,"Madelin Sierra",24,OFICINA,97,"Madelin Sierra",0,A_ABONO_ACTIVO,2026-05-20,abonos_creditos.fecha_pago,NO,"2026-05-25 09:43:58"
34406,27308,000-001-01-00042224,"PAPELERIA EMANUEL",0.00,0,,2026-05-20,"2026-05-25 10:51:23",2648.63,0.00,0,0.00,97,"Madelin Sierra",115,"Erling Peralta",97,"Madelin Sierra",0,A_ABONO_ACTIVO,2026-05-20,abonos_creditos.fecha_pago,NO,"2026-05-25 10:51:23"
34421,27310,000-001-01-00042226,"CLIENTE GENERICO",0.00,0,,2026-05-20,"2026-05-21 15:08:25",84.21,0.00,0,0.00,57,"Josue Cerritos",24,OFICINA,57,"Josue Cerritos",0,A_ABONO_ACTIVO,2026-05-20,abonos_creditos.fecha_pago,NO,"2026-05-21 15:08:25"
34460,27315,000-001-01-00042231,"DISTRIBUIDORA COMERCIAL BKS",0.00,0,,2026-05-20,"2026-05-21 15:21:01",1593.62,0.00,0,0.00,57,"Josue Cerritos",24,OFICINA,57,"Josue Cerritos",0,A_ABONO_ACTIVO,2026-05-20,abonos_creditos.fecha_pago,NO,"2026-05-21 15:21:01"
34459,27316,000-001-01-00042232,"ASOCIACION HONDUREÑA DE EMPRESARIOS DE PRODUCTOS DERIVADOS DE PETROLEO",0.00,0,,2026-05-20,"2026-05-21 15:19:17",5249.29,0.00,0,0.00,27,"Ana Pineda",24,OFICINA,27,"Ana Pineda",0,A_ABONO_ACTIVO,2026-05-20,abonos_creditos.fecha_pago,SI,"2026-05-21 15:19:17"
34424,27317,000-001-01-00042233,"CLIENTE GENERICO",0.00,0,,2026-05-20,"2026-05-21 15:14:38",690.56,0.00,0,0.00,57,"Josue Cerritos",24,OFICINA,57,"Josue Cerritos",0,A_ABONO_ACTIVO,2026-05-20,abonos_creditos.fecha_pago,NO,"2026-05-21 15:14:38"
34472,27318,000-001-01-00042234,"COMERCIAL Y FERRETERIA SUMAR S.A DE C.V",0.00,0,,2026-05-20,"2026-05-25 10:00:03",6739.70,0.00,0,0.00,97,"Madelin Sierra",4,"Roy Zelaya",97,"Madelin Sierra",0,A_ABONO_ACTIVO,2026-05-20,abonos_creditos.fecha_pago,NO,"2026-05-25 10:00:03"
32803,25963,000-001-01-00040879,"HECTOR S OFFICE",0.00,0,,2026-05-21,"2026-05-25 10:55:46",6863.89,0.00,0,0.00,64,"Kevin Nuñez",115,"Erling Peralta",,,0,A_ABONO_ACTIVO,2026-05-21,abonos_creditos.fecha_pago,NO,"2026-05-25 10:55:46"
32805,25966,000-001-01-00040882,"HECTOR S OFFICE",0.00,0,,2026-05-21,"2026-05-25 10:56:39",3588.00,0.00,0,0.00,64,"Kevin Nuñez",115,"Erling Peralta",,,0,A_ABONO_ACTIVO,2026-05-21,abonos_creditos.fecha_pago,NO,"2026-05-25 10:56:39"
32806,25967,000-001-01-00040883,"HECTOR S OFFICE",0.00,0,,2026-05-21,"2026-05-25 10:56:16",450.00,0.00,0,0.00,64,"Kevin Nuñez",115,"Erling Peralta",,,0,A_ABONO_ACTIVO,2026-05-21,abonos_creditos.fecha_pago,NO,"2026-05-25 10:56:16"
33869,26777,000-001-01-00041693,"DISTRIBUIDORA MONTECRISTO",0.00,0,,2026-05-21,"2026-05-25 10:41:16",4674.75,0.00,0,0.00,83,"Yosselin Palma",24,OFICINA,,,0,A_ABONO_ACTIVO,2026-05-21,abonos_creditos.fecha_pago,NO,"2026-05-25 10:41:16"
34114,26779,000-001-01-00041695,"DISTRIBUIDORA MONTECRISTO",0.00,0,,2026-05-21,"2026-05-25 10:41:45",1558.25,0.00,0,0.00,97,"Madelin Sierra",24,OFICINA,,,0,A_ABONO_ACTIVO,2026-05-21,abonos_creditos.fecha_pago,NO,"2026-05-25 10:41:45"
33885,26780,000-001-01-00041696,"DISTRIBUCIONES Y REPRESENTACIONES GENERALES S. DE R.L. DE C.V. DIRGEN",0.00,0,,2026-05-21,"2026-05-25 11:16:18",7493.70,0.00,0,0.00,64,"Kevin Nuñez",115,"Erling Peralta",,,0,A_ABONO_ACTIVO,2026-05-21,abonos_creditos.fecha_pago,NO,"2026-05-25 11:16:18"
33916,26801,000-001-01-00041717,"BORMAC S S. DE R.L.",0.00,0,,2026-05-21,"2026-05-21 14:09:32",13839.08,0.00,0,0.00,64,"Kevin Nuñez",115,"Erling Peralta",,,0,A_ABONO_ACTIVO,2026-05-21,abonos_creditos.fecha_pago,NO,"2026-05-21 14:09:32"
33917,26804,000-001-01-00041720,"BORMAC S S. DE R.L.",0.00,0,,2026-05-21,"2026-05-21 14:10:00",5755.54,0.00,0,0.00,64,"Kevin Nuñez",115,"Erling Peralta",,,0,A_ABONO_ACTIVO,2026-05-21,abonos_creditos.fecha_pago,NO,"2026-05-21 14:10:00"
33925,26855,000-001-01-00041771,"DISTRIBUCIONES Y REPRESENTACIONES GENERALES S. DE R.L. DE C.V. DIRGEN",0.00,0,,2026-05-21,"2026-05-25 11:16:38",8424.90,0.00,0,0.00,64,"Kevin Nuñez",115,"Erling Peralta",,,0,A_ABONO_ACTIVO,2026-05-21,abonos_creditos.fecha_pago,NO,"2026-05-25 11:16:38"
34171,26977,000-001-01-00041893,"DISTRIBUCIONES Y REPRESENTACIONES GENERALES S. DE R.L. DE C.V. DIRGEN",0.00,0,,2026-05-21,"2026-05-25 11:16:58",76088.59,0.00,0,0.00,64,"Kevin Nuñez",115,"Erling Peralta",,,0,A_ABONO_ACTIVO,2026-05-21,abonos_creditos.fecha_pago,NO,"2026-05-25 11:16:58"
34172,26984,000-001-01-00041900,"DISTRIBUCIONES Y REPRESENTACIONES GENERALES S. DE R.L. DE C.V. DIRGEN",0.00,0,,2026-05-21,"2026-05-25 11:18:09",8612.82,0.00,0,0.00,64,"Kevin Nuñez",115,"Erling Peralta",,,0,A_ABONO_ACTIVO,2026-05-21,abonos_creditos.fecha_pago,NO,"2026-05-25 11:18:09"
34173,26995,000-001-01-00041911,"DISTRIBUCIONES Y REPRESENTACIONES GENERALES S. DE R.L. DE C.V. DIRGEN",0.00,0,,2026-05-21,"2026-05-25 11:18:40",44160.00,0.00,0,0.00,64,"Kevin Nuñez",115,"Erling Peralta",,,0,A_ABONO_ACTIVO,2026-05-21,abonos_creditos.fecha_pago,NO,"2026-05-25 11:18:40"
34468,27291,000-001-01-00042207,"QUIMICOS DYD",0.00,0,,2026-05-21,"2026-05-25 09:32:55",14865.36,0.00,0,0.00,87,"Mauricio Zavala",87,"Mauricio Zavala",57,"Josue Cerritos",0,A_ABONO_ACTIVO,2026-05-21,abonos_creditos.fecha_pago,NO,"2026-05-25 09:32:55"
34497,27305,000-001-01-00042221,"INVERSIONES GATO S DE R.L  DE C.V (SCHOOL BOX)",0.00,0,,2026-05-21,"2026-05-25 11:35:32",12306.83,0.00,0,0.00,97,"Madelin Sierra",24,OFICINA,97,"Madelin Sierra",0,A_ABONO_ACTIVO,2026-05-21,abonos_creditos.fecha_pago,NO,"2026-05-25 11:35:32"
34480,27342,000-001-01-00042258,"PANIFICADORA RODRIGUEZ",0.00,0,,2026-05-21,"2026-05-25 10:15:50",1476.14,0.00,0,0.00,27,"Ana Pineda",24,OFICINA,27,"Ana Pineda",0,A_ABONO_ACTIVO,2026-05-21,abonos_creditos.fecha_pago,SI,"2026-05-25 10:15:50"
34473,27346,000-001-01-00042262,"CLIENTE GENERICO",0.00,0,,2026-05-21,"2026-05-25 10:13:29",384.58,0.00,0,0.00,57,"Josue Cerritos",24,OFICINA,57,"Josue Cerritos",0,A_ABONO_ACTIVO,2026-05-21,abonos_creditos.fecha_pago,NO,"2026-05-25 10:13:29"
34474,27347,000-001-01-00042263,"CLIENTE GENERICO",0.00,0,,2026-05-21,"2026-05-25 10:07:57",614.10,0.00,0,0.00,57,"Josue Cerritos",24,OFICINA,57,"Josue Cerritos",0,A_ABONO_ACTIVO,2026-05-21,abonos_creditos.fecha_pago,NO,"2026-05-25 10:07:57"
34602,27350,000-001-01-00042266,"MULTICINES PLAZA",0.00,0,,2026-05-21,"2026-05-29 11:20:48",479.85,0.00,0,0.00,83,"Yosselin Palma",24,OFICINA,83,"Yosselin Palma",0,A_ABONO_ACTIVO,2026-05-21,abonos_creditos.fecha_pago,NO,"2026-05-29 11:20:48"
34475,27352,000-001-01-00042268,"CLIENTE GENERICO",0.00,0,,2026-05-21,"2026-05-25 10:13:52",302.48,0.00,0,0.00,57,"Josue Cerritos",24,OFICINA,57,"Josue Cerritos",0,A_ABONO_ACTIVO,2026-05-21,abonos_creditos.fecha_pago,NO,"2026-05-25 10:13:52"
32800,25947,000-001-01-00040863,"HECTOR S OFFICE",0.00,0,,2026-05-22,"2026-05-25 11:11:27",35621.25,0.00,0,0.00,64,"Kevin Nuñez",115,"Erling Peralta",,,0,A_ABONO_ACTIVO,2026-05-22,abonos_creditos.fecha_pago,NO,"2026-05-25 11:11:27"
33388,26335,000-001-01-00041251,"LIBRERIA JULIO VERNE",0.00,0,,2026-05-22,"2026-05-25 09:29:52",7838.78,2526.43,0,0.00,97,"Madelin Sierra",4,"Roy Zelaya",,,0,A_ABONO_ACTIVO,2026-05-22,abonos_creditos.fecha_pago,NO,"2026-05-25 09:29:52"
33702,26653,000-001-01-00041569,"LIBRERIA JULIO VERNE",0.00,0,,2026-05-22,"2026-05-25 09:28:06",12222.51,0.00,0,0.00,86,"Jose Luque Vendedor",4,"Roy Zelaya",,,0,A_ABONO_ACTIVO,2026-05-22,abonos_creditos.fecha_pago,NO,"2026-05-25 09:28:06"
33703,26656,000-001-01-00041572,"LIBRERIA JULIO VERNE",0.00,0,,2026-05-22,"2026-05-25 09:28:50",2027.91,0.00,0,0.00,86,"Jose Luque Vendedor",4,"Roy Zelaya",,,0,A_ABONO_ACTIVO,2026-05-22,abonos_creditos.fecha_pago,NO,"2026-05-25 09:28:50"
33849,26733,000-001-01-00041649,"SOLUTEC S. DE R.L.",0.00,0,,2026-05-22,"2026-05-25 11:07:25",10862.25,0.00,0,0.00,64,"Kevin Nuñez",115,"Erling Peralta",,,0,A_ABONO_ACTIVO,2026-05-22,abonos_creditos.fecha_pago,NO,"2026-05-25 11:07:25"
33850,26738,000-001-01-00041654,"SOLUTEC S. DE R.L.",0.00,0,,2026-05-22,"2026-05-25 11:07:51",4556.30,0.00,0,0.00,64,"Kevin Nuñez",115,"Erling Peralta",,,0,A_ABONO_ACTIVO,2026-05-22,abonos_creditos.fecha_pago,NO,"2026-05-25 11:07:51"
33851,26744,000-001-01-00041660,"SOLUTEC S. DE R.L.",0.00,0,,2026-05-22,"2026-05-25 11:08:09",15456.00,0.00,0,0.00,64,"Kevin Nuñez",115,"Erling Peralta",,,0,A_ABONO_ACTIVO,2026-05-22,abonos_creditos.fecha_pago,NO,"2026-05-25 11:08:09"
33881,26807,000-001-01-00041723,"LARACH Y CIA",0.00,0,,2026-05-22,"2026-05-25 12:02:18",4801.25,0.00,0,0.00,86,"Jose Luque Vendedor",13,"Belinda Lopez",,,0,A_ABONO_ACTIVO,2026-05-22,abonos_creditos.fecha_pago,NO,"2026-05-25 12:02:18"
33882,26808,000-001-01-00041724,"LARACH Y CIA",0.00,0,,2026-05-22,"2026-05-25 12:04:16",8912.56,7861.34,0,0.00,86,"Jose Luque Vendedor",13,"Belinda Lopez",,,0,A_ABONO_ACTIVO,2026-05-22,abonos_creditos.fecha_pago,NO,"2026-05-25 12:04:16"
33883,26809,000-001-01-00041725,"LARACH Y CIA",0.00,0,,2026-05-22,"2026-05-25 12:03:55",16324.25,0.00,0,0.00,86,"Jose Luque Vendedor",13,"Belinda Lopez",,,0,A_ABONO_ACTIVO,2026-05-22,abonos_creditos.fecha_pago,NO,"2026-05-25 12:03:55"
33889,26811,000-001-01-00041727,"LIBRERIA JULIO VERNE",0.00,0,,2026-05-22,"2026-05-25 09:29:21",7968.14,0.00,0,0.00,64,"Kevin Nuñez",4,"Roy Zelaya",,,0,A_ABONO_ACTIVO,2026-05-22,abonos_creditos.fecha_pago,NO,"2026-05-25 09:29:21"
33985,26831,000-001-01-00041747,"COMIDAS RAPIDAS NOYSITA, S. DE R.L. DE C.V.",0.00,0,,2026-05-22,"2026-05-29 11:08:20",2076.90,0.00,0,0.00,64,"Kevin Nuñez",115,"Erling Peralta",,,0,A_ABONO_ACTIVO,2026-05-22,abonos_creditos.fecha_pago,NO,"2026-05-29 11:08:20"
33895,26837,000-001-01-00041753,"LARACH Y CIA",0.00,0,,2026-05-22,"2026-05-25 12:03:35",10580.00,0.00,0,0.00,86,"Jose Luque Vendedor",13,"Belinda Lopez",,,0,A_ABONO_ACTIVO,2026-05-22,abonos_creditos.fecha_pago,NO,"2026-05-25 12:03:35"
33896,26839,000-001-01-00041755,"LARACH Y CIA",0.00,0,,2026-05-22,"2026-05-25 12:03:10",100050.00,0.00,0,0.00,64,"Kevin Nuñez",13,"Belinda Lopez",,,0,A_ABONO_ACTIVO,2026-05-22,abonos_creditos.fecha_pago,NO,"2026-05-25 12:03:10"
34034,26872,000-001-01-00041788,"COPIAS Y MAS  ZABDI",0.00,0,,2026-05-22,"2026-05-25 09:37:15",4086.62,0.00,0,0.00,86,"Jose Luque Vendedor",87,"Mauricio Zavala",,,0,A_ABONO_ACTIVO,2026-05-22,abonos_creditos.fecha_pago,NO,"2026-05-25 09:37:15"
34035,26876,000-001-01-00041792,"COPIAS Y MAS  ZABDI",0.00,0,,2026-05-22,"2026-05-25 09:37:36",3773.14,0.00,0,0.00,86,"Jose Luque Vendedor",87,"Mauricio Zavala",,,0,A_ABONO_ACTIVO,2026-05-22,abonos_creditos.fecha_pago,NO,"2026-05-25 09:37:36"
34036,26877,000-001-01-00041793,"COPIAS Y MAS  ZABDI",0.00,0,,2026-05-22,"2026-05-25 09:38:15",8194.98,0.00,0,0.00,86,"Jose Luque Vendedor",87,"Mauricio Zavala",,,0,A_ABONO_ACTIVO,2026-05-22,abonos_creditos.fecha_pago,NO,"2026-05-25 09:38:15"
34162,26912,000-001-01-00041828,"LARACH Y CIA",0.00,0,,2026-05-22,"2026-05-25 12:02:53",400200.00,0.00,0,0.00,64,"Kevin Nuñez",13,"Belinda Lopez",,,0,A_ABONO_ACTIVO,2026-05-22,abonos_creditos.fecha_pago,NO,"2026-05-25 12:02:53"
34163,26913,000-001-01-00041829,"LARACH Y CIA",0.00,0,,2026-05-22,"2026-05-25 12:02:35",66700.00,0.00,0,0.00,64,"Kevin Nuñez",13,"Belinda Lopez",,,0,A_ABONO_ACTIVO,2026-05-22,abonos_creditos.fecha_pago,NO,"2026-05-25 12:02:35"
34319,27119,000-001-01-00042035,"CREDITO EMPLEADOS",0.00,0,,2026-05-22,"2026-05-25 11:47:19",361.41,0.00,0,0.00,57,"Josue Cerritos",24,OFICINA,,,0,A_ABONO_ACTIVO,2026-05-22,abonos_creditos.fecha_pago,NO,"2026-05-25 11:47:19"
34482,27359,000-001-01-00042275,"MISS D S PLACE",0.00,0,,2026-05-22,"2026-05-25 10:21:13",2138.90,0.00,0,0.00,97,"Madelin Sierra",24,OFICINA,97,"Madelin Sierra",0,A_ABONO_ACTIVO,2026-05-22,abonos_creditos.fecha_pago,NO,"2026-05-25 10:21:13"
34476,27361,000-001-01-00042277,"CLIENTE GENERICO",0.00,0,,2026-05-22,"2026-05-25 10:10:46",234.87,0.00,0,0.00,57,"Josue Cerritos",24,OFICINA,57,"Josue Cerritos",0,A_ABONO_ACTIVO,2026-05-22,abonos_creditos.fecha_pago,NO,"2026-05-25 10:10:46"
34529,27372,000-001-01-00042288,"INVERSIONES NVT S DE R.L",0.00,0,,2026-05-22,"2026-06-01 11:58:34",508.39,0.00,0,0.00,83,"Yosselin Palma",14,"Sulay Pineda",83,"Yosselin Palma",0,A_ABONO_ACTIVO,2026-05-22,abonos_creditos.fecha_pago,NO,"2026-06-01 11:58:34"
34533,27395,000-001-01-00042311,"COMIDAS RAPIDAS NOYSITA, S. DE R.L. DE C.V.",0.00,0,,2026-05-22,"2026-05-29 11:09:17",1835.40,0.00,0,0.00,97,"Madelin Sierra",115,"Erling Peralta",97,"Madelin Sierra",0,A_ABONO_ACTIVO,2026-05-22,abonos_creditos.fecha_pago,NO,"2026-05-29 11:09:17"
34657,27421,000-001-01-00042337,"INVERSIONES NVT S DE R.L",0.00,0,,2026-05-22,"2026-06-01 11:58:55",2199.56,0.00,0,0.00,83,"Yosselin Palma",14,"Sulay Pineda",83,"Yosselin Palma",0,A_ABONO_ACTIVO,2026-05-22,abonos_creditos.fecha_pago,NO,"2026-06-01 11:58:55"
28853,22905,000-001-01-00037833,"INVERSIONES VICTORIA",0.00,0,,2026-05-23,"2026-05-25 14:15:22",8905.60,0.00,0,0.00,64,"Kevin Nuñez",14,"Sulay Pineda",,,0,A_ABONO_ACTIVO,2026-05-23,abonos_creditos.fecha_pago,NO,"2026-05-25 14:15:22"
32347,25658,000-001-01-00040575,"INVERSIONES DONCELLA S. DE R.L DE C.V",0.00,0,,2026-05-23,"2026-05-25 09:02:41",30716.50,0.00,0,0.00,89,"Jonathan Lopez",36,"Angel Villela",,,0,A_ABONO_ACTIVO,2026-05-23,abonos_creditos.fecha_pago,NO,"2026-05-25 09:02:41"
34436,27329,000-001-01-00042245,"VARIEDADES RODRIGUEZ",0.00,0,,2026-05-23,"2026-05-25 10:43:01",5589.00,0.00,0,0.00,27,"Ana Pineda",24,OFICINA,27,"Ana Pineda",0,A_ABONO_ACTIVO,2026-05-23,abonos_creditos.fecha_pago,SI,"2026-05-25 10:43:01"
34485,27371,000-001-01-00042287,"DISTRIBUIDORA COMERCIAL BKS",0.00,0,,2026-05-23,"2026-05-25 10:30:56",1312.01,0.00,0,0.00,57,"Josue Cerritos",24,OFICINA,57,"Josue Cerritos",0,A_ABONO_ACTIVO,2026-05-23,abonos_creditos.fecha_pago,NO,"2026-05-25 10:30:56"
34484,27381,000-001-01-00042297,"DISTRIBUIDORA DIVERSA SOCIEDAD DE RESPONSABILIDAD LIMITADA",0.00,0,,2026-05-23,"2026-05-25 10:28:56",3900.80,0.00,0,0.00,57,"Josue Cerritos",24,OFICINA,57,"Josue Cerritos",0,A_ABONO_ACTIVO,2026-05-23,abonos_creditos.fecha_pago,NO,"2026-05-25 10:28:56"
33637,26595,000-001-01-00041511,"VARIEDADES TETO",0.00,0,,2026-05-24,"2026-05-25 14:11:16",14188.72,0.00,0,0.00,86,"Jose Luque Vendedor",14,"Sulay Pineda",,,0,A_ABONO_ACTIVO,2026-05-24,abonos_creditos.fecha_pago,NO,"2026-05-25 14:11:16"
33638,26606,000-001-01-00041522,"VARIEDADES TETO",0.00,0,,2026-05-24,"2026-05-25 14:11:33",3891.60,0.00,0,0.00,86,"Jose Luque Vendedor",14,"Sulay Pineda",,,0,A_ABONO_ACTIVO,2026-05-24,abonos_creditos.fecha_pago,NO,"2026-05-25 14:11:33"
31122,24796,000-001-01-00039716,"DISTRIBUIDORA CACERES",0.00,0,,2026-05-25,"2026-05-25 13:58:44",9057.38,10000.00,0,0.00,86,"Jose Luque Vendedor",14,"Sulay Pineda",,,0,A_ABONO_ACTIVO,2026-05-25,abonos_creditos.fecha_pago,NO,"2026-05-25 13:58:44"
32946,25990,000-001-01-00040906,"INVERSIONES DONCELLA S. DE R.L DE C.V",0.00,0,,2026-05-25,"2026-05-29 15:09:47",41105.60,0.00,0,0.00,89,"Jonathan Lopez",36,"Angel Villela",,,0,A_ABONO_ACTIVO,2026-05-25,abonos_creditos.fecha_pago,NO,"2026-05-29 15:09:47"
33246,26074,000-001-01-00040990,"DISTRIBUIDORA VENECIA",0.00,0,,2026-05-25,"2026-05-25 13:56:37",10499.50,0.00,0,0.00,27,"Ana Pineda",24,OFICINA,,,0,A_ABONO_ACTIVO,2026-05-25,abonos_creditos.fecha_pago,SI,"2026-05-25 13:56:37"
33247,26153,000-001-01-00041069,"DISTRIBUIDORA VENECIA",0.00,0,,2026-05-25,"2026-05-25 13:57:00",19699.50,0.00,0,0.00,27,"Ana Pineda",24,OFICINA,,,0,A_ABONO_ACTIVO,2026-05-25,abonos_creditos.fecha_pago,SI,"2026-05-25 13:57:00"
34028,26792,000-001-01-00041708,DISFERRO,0.00,0,,2026-05-25,"2026-05-29 15:19:03",8528.40,0.00,0,0.00,86,"Jose Luque Vendedor",36,"Angel Villela",,,0,A_ABONO_ACTIVO,2026-05-25,abonos_creditos.fecha_pago,NO,"2026-05-29 15:19:03"
34115,26840,000-001-01-00041756,"DISTRIBUIDORA MONTECRISTO",0.00,0,,2026-05-25,"2026-05-29 11:55:45",734.16,0.00,0,0.00,97,"Madelin Sierra",24,OFICINA,,,0,A_ABONO_ACTIVO,2026-05-25,abonos_creditos.fecha_pago,NO,"2026-05-29 11:55:45"
34579,27262,000-001-01-00042178,"NOVEDADES EL ESTUDIANTE",0.00,0,,2026-05-25,"2026-05-29 10:25:21",3736.71,0.00,0,0.00,97,"Madelin Sierra",115,"Erling Peralta",97,"Madelin Sierra",0,A_ABONO_ACTIVO,2026-05-25,abonos_creditos.fecha_pago,NO,"2026-05-29 10:25:21"
34583,27265,000-001-01-00042181,"MICELANEAS W Y C",0.00,0,,2026-05-25,"2026-05-29 10:36:32",1303.78,0.00,0,0.00,97,"Madelin Sierra",115,"Erling Peralta",97,"Madelin Sierra",0,A_ABONO_ACTIVO,2026-05-25,abonos_creditos.fecha_pago,NO,"2026-05-29 10:36:32"
34578,27285,000-001-01-00042201,"INVERSIONES BARDALES (LA CASA DE LA PIÑATA)",0.00,0,,2026-05-25,"2026-05-29 10:21:55",4274.34,0.00,0,0.00,87,"Mauricio Zavala",87,"Mauricio Zavala",57,"Josue Cerritos",0,A_ABONO_ACTIVO,2026-05-25,abonos_creditos.fecha_pago,NO,"2026-05-29 10:21:55"
34584,27287,000-001-01-00042203,"TIENDA LA ESTRELLA",0.00,0,,2026-05-25,"2026-05-29 10:38:11",5910.05,0.00,0,0.00,87,"Mauricio Zavala",87,"Mauricio Zavala",57,"Josue Cerritos",0,A_ABONO_ACTIVO,2026-05-25,abonos_creditos.fecha_pago,NO,"2026-05-29 10:38:11"
34577,27288,000-001-01-00042204,"BAZAR EL ZIPPER",0.00,0,,2026-05-25,"2026-05-29 10:17:02",5855.46,0.00,0,0.00,87,"Mauricio Zavala",87,"Mauricio Zavala",57,"Josue Cerritos",0,A_ABONO_ACTIVO,2026-05-25,abonos_creditos.fecha_pago,NO,"2026-05-29 10:17:02"
34582,27289,000-001-01-00042205,"ABARROTERIA ENMANUEL",0.00,0,,2026-05-25,"2026-05-29 10:32:57",731.40,0.00,0,0.00,87,"Mauricio Zavala",87,"Mauricio Zavala",57,"Josue Cerritos",0,A_ABONO_ACTIVO,2026-05-25,abonos_creditos.fecha_pago,NO,"2026-05-29 10:32:57"
34587,27292,000-001-01-00042208,"LAPICES Y MAS",0.00,0,,2026-05-25,"2026-05-29 10:48:21",26496.00,0.00,0,0.00,87,"Mauricio Zavala",87,"Mauricio Zavala",57,"Josue Cerritos",0,A_ABONO_ACTIVO,2026-05-25,abonos_creditos.fecha_pago,NO,"2026-05-29 10:48:21"
34588,27298,000-001-01-00042214,"LAPICES Y MAS",0.00,0,,2026-05-25,"2026-05-29 10:48:45",7627.95,0.00,0,0.00,87,"Mauricio Zavala",87,"Mauricio Zavala",57,"Josue Cerritos",0,A_ABONO_ACTIVO,2026-05-25,abonos_creditos.fecha_pago,NO,"2026-05-29 10:48:45"
34597,27358,000-001-01-00042274,"HOME-PHARMA S DE R.L",0.00,0,,2026-05-25,"2026-05-29 10:53:23",2347.84,0.00,0,0.00,97,"Madelin Sierra",24,OFICINA,97,"Madelin Sierra",0,A_ABONO_ACTIVO,2026-05-25,abonos_creditos.fecha_pago,NO,"2026-05-29 10:53:23"
34477,27363,000-001-01-00042279,"CLIENTE GENERICO",0.00,0,,2026-05-25,"2026-05-29 10:49:45",474.68,0.00,0,0.00,57,"Josue Cerritos",24,OFICINA,57,"Josue Cerritos",0,A_ABONO_ACTIVO,2026-05-25,abonos_creditos.fecha_pago,NO,"2026-05-29 10:49:45"
34600,27389,000-001-01-00042305,"ISAE YAMILETH GONZALEZ SOTO",0.00,0,,2026-05-25,"2026-05-29 11:12:15",4258.73,0.00,0,0.00,57,"Josue Cerritos",24,OFICINA,57,"Josue Cerritos",0,A_ABONO_ACTIVO,2026-05-25,abonos_creditos.fecha_pago,NO,"2026-05-29 11:12:15"
32807,25968,000-001-01-00040884,"HECTOR S OFFICE",0.00,0,,2026-05-26,"2026-06-01 12:08:42",4753.28,0.00,0,0.00,64,"Kevin Nuñez",115,"Erling Peralta",,,0,A_ABONO_ACTIVO,2026-05-26,abonos_creditos.fecha_pago,NO,"2026-06-01 12:08:42"
32809,25975,000-001-01-00040891,"HECTOR S OFFICE",0.00,0,,2026-05-26,"2026-06-01 12:09:18",6555.54,0.00,0,0.00,64,"Kevin Nuñez",115,"Erling Peralta",,,0,A_ABONO_ACTIVO,2026-05-26,abonos_creditos.fecha_pago,NO,"2026-06-01 12:09:18"
33185,26291,000-001-01-00041207,IMAGINARTE,0.00,0,,2026-05-26,"2026-05-29 14:48:09",59578.63,0.00,0,0.00,86,"Jose Luque Vendedor",14,"Sulay Pineda",,,0,A_ABONO_ACTIVO,2026-05-26,abonos_creditos.fecha_pago,NO,"2026-05-29 14:48:09"
33448,26429,000-001-01-00041345,IMAGINARTE,0.00,0,,2026-05-26,"2026-05-29 14:47:15",4370.00,0.00,0,0.00,86,"Jose Luque Vendedor",14,"Sulay Pineda",,,0,A_ABONO_ACTIVO,2026-05-26,abonos_creditos.fecha_pago,NO,"2026-05-29 14:47:15"
33449,26467,000-001-01-00041383,IMAGINARTE,0.00,0,,2026-05-26,"2026-05-29 14:47:44",34787.50,0.00,0,0.00,86,"Jose Luque Vendedor",14,"Sulay Pineda",,,0,A_ABONO_ACTIVO,2026-05-26,abonos_creditos.fecha_pago,NO,"2026-05-29 14:47:44"
33588,26579,000-001-01-00041495,"UTILES ESCOLARES GENESIS",0.00,0,,2026-05-26,"2026-05-29 16:24:30",4591.21,9000.00,0,0.00,86,"Jose Luque Vendedor",4,"Roy Zelaya",,,0,A_ABONO_ACTIVO,2026-05-26,abonos_creditos.fecha_pago,NO,"2026-05-29 16:24:30"
33589,26580,000-001-01-00041496,"UTILES ESCOLARES GENESIS",0.00,0,,2026-05-26,"2026-05-29 16:24:07",15295.00,0.00,0,0.00,86,"Jose Luque Vendedor",4,"Roy Zelaya",,,0,A_ABONO_ACTIVO,2026-05-26,abonos_creditos.fecha_pago,NO,"2026-05-29 16:24:07"
34623,26607,000-001-01-00041523,"LIBRERIA BELLA VISTA",0.00,0,,2026-05-26,"2026-05-29 16:29:22",36719.50,0.00,0,0.00,27,"Ana Pineda",4,"Roy Zelaya",,,0,A_ABONO_ACTIVO,2026-05-26,abonos_creditos.fecha_pago,SI,"2026-05-29 16:29:22"
33981,26654,000-001-01-00041570,"UTILES ESCOLARES GENESIS",0.00,0,,2026-05-26,"2026-05-29 16:23:02",7163.28,0.00,0,0.00,86,"Jose Luque Vendedor",4,"Roy Zelaya",,,0,A_ABONO_ACTIVO,2026-05-26,abonos_creditos.fecha_pago,NO,"2026-05-29 16:23:02"
34202,26734,000-001-01-00041650,SERVICOMP,0.00,0,,2026-05-26,"2026-05-29 14:33:09",441.38,0.00,0,0.00,86,"Jose Luque Vendedor",14,"Sulay Pineda",,,0,A_ABONO_ACTIVO,2026-05-26,abonos_creditos.fecha_pago,NO,"2026-05-29 14:33:09"
34203,26735,000-001-01-00041651,SERVICOMP,0.00,0,,2026-05-26,"2026-05-29 14:33:34",1748.33,0.00,0,0.00,86,"Jose Luque Vendedor",14,"Sulay Pineda",,,0,A_ABONO_ACTIVO,2026-05-26,abonos_creditos.fecha_pago,NO,"2026-05-29 14:33:34"
34154,27032,000-001-01-00041948,"DROGUERIA RISCHBIETH S.A. DE C.V.",0.00,0,,2026-05-26,"2026-05-29 11:57:08",971.86,0.00,0,0.00,97,"Madelin Sierra",24,OFICINA,,,0,A_ABONO_ACTIVO,2026-05-26,abonos_creditos.fecha_pago,NO,"2026-05-29 11:57:08"
34572,27373,000-001-01-00042289,"HELADOS  Y MAS",0.00,0,,2026-05-26,"2026-05-29 10:08:19",13769.53,0.00,0,0.00,97,"Madelin Sierra",115,"Erling Peralta",97,"Madelin Sierra",0,A_ABONO_ACTIVO,2026-05-26,abonos_creditos.fecha_pago,NO,"2026-05-29 10:08:19"
34573,27376,000-001-01-00042292,"HELADOS  Y MAS",0.00,0,,2026-05-26,"2026-05-29 10:08:37",5141.60,0.00,0,0.00,97,"Madelin Sierra",115,"Erling Peralta",97,"Madelin Sierra",0,A_ABONO_ACTIVO,2026-05-26,abonos_creditos.fecha_pago,NO,"2026-05-29 10:08:37"
34576,27392,000-001-01-00042308,"PAPELERIA HONDURAS",0.00,0,,2026-05-26,"2026-05-29 10:13:45",705.87,0.00,0,0.00,83,"Yosselin Palma",24,OFICINA,83,"Yosselin Palma",0,A_ABONO_ACTIVO,2026-05-26,abonos_creditos.fecha_pago,NO,"2026-05-29 10:13:45"
34575,27403,000-001-01-00042319,ALCOTEQ,0.00,0,,2026-05-26,"2026-05-29 10:09:46",779.70,0.00,0,0.00,83,"Yosselin Palma",24,OFICINA,83,"Yosselin Palma",0,A_ABONO_ACTIVO,2026-05-26,abonos_creditos.fecha_pago,NO,"2026-05-29 10:09:46"
34571,27406,000-001-01-00042322,"SAMA COPY SHOP",0.00,0,,2026-05-26,"2026-05-29 09:55:54",10198.32,0.00,0,0.00,13,"Belinda Lopez",13,"Belinda Lopez",27,"Ana Pineda",0,A_ABONO_ACTIVO,2026-05-26,abonos_creditos.fecha_pago,SI,"2026-05-29 09:55:54"
31354,24725,000-001-01-00039647,"SAMMY S ESCOLARES",0.00,0,,2026-05-27,"2026-05-29 11:53:00",16100.00,0.00,0,0.00,57,"Josue Cerritos",87,"Mauricio Zavala",,,0,A_ABONO_ACTIVO,2026-05-27,abonos_creditos.fecha_pago,NO,"2026-05-29 11:53:00"
31493,24970,000-001-01-00039889,"HECTOR S OFFICE",0.00,0,,2026-05-27,"2026-06-01 12:20:21",25162.00,0.00,0,0.00,64,"Kevin Nuñez",100,"Kevin Vendedor",,,0,A_ABONO_ACTIVO,2026-05-27,abonos_creditos.fecha_pago,NO,"2026-06-01 12:20:21"
32385,25517,000-001-01-00040436,"DISTRIBUIDORA GLOBAL S. DE R.L",0.00,0,,2026-05-27,"2026-05-29 12:32:26",90160.00,0.00,0,0.00,57,"Josue Cerritos",13,"Belinda Lopez",,,0,A_ABONO_ACTIVO,2026-05-27,abonos_creditos.fecha_pago,NO,"2026-05-29 12:32:26"
33432,25791,000-001-01-00040708,"TECHNOS DESIGN COMPUTADORAS SA DE CV",0.00,0,,2026-05-27,"2026-06-01 14:00:18",570400.00,0.00,0,0.00,64,"Kevin Nuñez",115,"Erling Peralta",,,0,A_ABONO_ACTIVO,2026-05-27,abonos_creditos.fecha_pago,NO,"2026-06-01 14:00:18"
33433,25792,000-001-01-00040709,"TECHNOS DESIGN COMPUTADORAS SA DE CV",0.00,0,,2026-05-27,"2026-06-01 14:00:40",136620.00,0.00,0,0.00,64,"Kevin Nuñez",115,"Erling Peralta",,,0,A_ABONO_ACTIVO,2026-05-27,abonos_creditos.fecha_pago,NO,"2026-06-01 14:00:40"
32804,25965,000-001-01-00040881,"HECTOR S OFFICE",0.00,0,,2026-05-27,"2026-06-01 12:23:08",33183.20,0.00,0,0.00,64,"Kevin Nuñez",115,"Erling Peralta",,,0,A_ABONO_ACTIVO,2026-05-27,abonos_creditos.fecha_pago,NO,"2026-06-01 12:23:08"
32808,25969,000-001-01-00040885,"HECTOR S OFFICE",0.00,0,,2026-05-27,"2026-06-01 12:21:00",40339.25,41.74,0,0.00,64,"Kevin Nuñez",115,"Erling Peralta",,,0,A_ABONO_ACTIVO,2026-05-27,abonos_creditos.fecha_pago,NO,"2026-06-01 12:21:00"
33870,26758,000-001-01-00041674,"DISTRIBUIDORA MARTINEZ",0.00,0,,2026-05-27,"2026-05-29 13:51:10",5230.20,0.00,0,0.00,86,"Jose Luque Vendedor",13,"Belinda Lopez",,,0,A_ABONO_ACTIVO,2026-05-27,abonos_creditos.fecha_pago,NO,"2026-05-29 13:51:10"
34029,26800,000-001-01-00041716,"SUPERMERCADO LA COLONIA S.A. DE C.V.",0.00,0,,2026-05-27,"2026-05-29 15:15:46",125796.20,0.00,0,0.00,86,"Jose Luque Vendedor",36,"Angel Villela",,,0,A_ABONO_ACTIVO,2026-05-27,abonos_creditos.fecha_pago,NO,"2026-05-29 15:15:46"
34605,26922,000-001-01-00041838,"COSMETICA INTERNATIONAL S.A DE C.V.",0.00,0,,2026-05-27,"2026-05-29 12:06:41",684.83,0.00,0,0.00,97,"Madelin Sierra",24,OFICINA,,,0,A_ABONO_ACTIVO,2026-05-27,abonos_creditos.fecha_pago,NO,"2026-05-29 12:06:41"
34606,27136,000-001-01-00042052,"COSMETICA INTERNATIONAL S.A DE C.V.",0.00,0,,2026-05-27,"2026-05-29 12:07:05",1006.25,0.00,0,0.00,97,"Madelin Sierra",24,OFICINA,,,0,A_ABONO_ACTIVO,2026-05-27,abonos_creditos.fecha_pago,NO,"2026-05-29 12:07:05"
34595,27467,000-001-01-00042383,"CLIENTE GENERICO",0.00,0,,2026-05-27,"2026-05-29 11:13:46",65.64,0.00,0,0.00,57,"Josue Cerritos",24,OFICINA,57,"Josue Cerritos",0,A_ABONO_ACTIVO,2026-05-27,abonos_creditos.fecha_pago,NO,"2026-05-29 11:13:46"
32810,25977,000-001-01-00040893,"HECTOR S OFFICE",0.00,0,,2026-05-28,"2026-06-01 14:06:18",72450.00,0.00,0,0.00,64,"Kevin Nuñez",115,"Erling Peralta",,,0,A_ABONO_ACTIVO,2026-05-28,abonos_creditos.fecha_pago,NO,"2026-06-01 14:06:18"
33011,26164,000-001-01-00041080,"INVERSIONES DONCELLA S. DE R.L DE C.V",0.00,0,,2026-05-28,"2026-05-29 15:13:40",96690.32,424.88,0,0.00,36,"Angel Villela",36,"Angel Villela",,,0,A_ABONO_ACTIVO,2026-05-28,abonos_creditos.fecha_pago,NO,"2026-05-29 15:13:40"
33405,26415,000-001-01-00041331,"TIENDA ELVIR MILLA",0.00,0,,2026-05-28,"2026-06-01 12:28:32",4173.10,0.00,0,0.00,86,"Jose Luque Vendedor",115,"Erling Peralta",,,0,A_ABONO_ACTIVO,2026-05-28,abonos_creditos.fecha_pago,NO,"2026-06-01 12:28:32"
33686,26648,000-001-01-00041564,"A Z COMERCIAL",0.00,0,,2026-05-28,"2026-05-29 12:08:31",11844.89,0.00,0,0.00,27,"Ana Pineda",24,OFICINA,,,0,A_ABONO_ACTIVO,2026-05-28,abonos_creditos.fecha_pago,SI,"2026-05-29 12:08:31"
33739,26651,000-001-01-00041567,"LIBRERÍA UNIVERSAL",0.00,0,,2026-05-28,"2026-05-29 15:28:19",15873.48,0.00,0,0.00,86,"Jose Luque Vendedor",4,"Roy Zelaya",,,0,A_ABONO_ACTIVO,2026-05-28,abonos_creditos.fecha_pago,NO,"2026-05-29 15:28:19"
34169,26679,000-001-01-00041595,"INVERSIONES P & P S. DE R.L.",0.00,0,,2026-05-28,"2026-05-29 14:51:00",7475.67,0.00,0,0.00,86,"Jose Luque Vendedor",14,"Sulay Pineda",,,0,A_ABONO_ACTIVO,2026-05-28,abonos_creditos.fecha_pago,NO,"2026-05-29 14:51:00"
34033,26856,000-001-01-00041772,"PLASTICOS CEIBEÑOS N.2",0.00,0,,2026-05-28,"2026-06-01 12:25:20",1109.75,0.00,0,0.00,64,"Kevin Nuñez",115,"Erling Peralta",,,0,A_ABONO_ACTIVO,2026-05-28,abonos_creditos.fecha_pago,NO,"2026-06-01 12:25:20"
32802,25962,000-001-01-00040878,"HECTOR S OFFICE",0.00,0,,2026-05-29,"2026-06-01 14:14:40",121312.74,0.00,0,0.00,64,"Kevin Nuñez",115,"Erling Peralta",,,0,A_ABONO_ACTIVO,2026-05-29,abonos_creditos.fecha_pago,NO,"2026-06-01 14:14:40"
33648,26431,000-001-01-00041347,"GRAPHIC CENTER",0.00,0,,2026-05-29,"2026-05-29 14:57:42",6907.01,0.00,0,0.00,27,"Ana Pineda",14,"Sulay Pineda",,,0,A_ABONO_ACTIVO,2026-05-29,abonos_creditos.fecha_pago,SI,"2026-05-29 14:57:42"
33649,26448,000-001-01-00041364,"GRAPHIC CENTER",0.00,0,,2026-05-29,"2026-05-29 14:59:00",5246.88,0.00,0,0.00,86,"Jose Luque Vendedor",14,"Sulay Pineda",,,0,A_ABONO_ACTIVO,2026-05-29,abonos_creditos.fecha_pago,NO,"2026-05-29 14:59:00"
33650,26465,000-001-01-00041381,"GRAPHIC CENTER",0.00,0,,2026-05-29,"2026-05-29 14:58:10",9723.78,0.00,0,0.00,86,"Jose Luque Vendedor",14,"Sulay Pineda",,,0,A_ABONO_ACTIVO,2026-05-29,abonos_creditos.fecha_pago,NO,"2026-05-29 14:58:10"
33651,26471,000-001-01-00041387,"GRAPHIC CENTER",0.00,0,,2026-05-29,"2026-05-29 15:05:29",81458.86,0.00,0,0.00,86,"Jose Luque Vendedor",14,"Sulay Pineda",,,0,A_ABONO_ACTIVO,2026-05-29,abonos_creditos.fecha_pago,NO,"2026-05-29 15:05:29"
33830,26681,000-001-01-00041597,"GRAPHIC CENTER",0.00,0,,2026-05-29,"2026-05-29 15:05:55",4761.00,4796.65,0,0.00,86,"Jose Luque Vendedor",14,"Sulay Pineda",,,0,A_ABONO_ACTIVO,2026-05-29,abonos_creditos.fecha_pago,NO,"2026-05-29 15:05:55"
33707,26684,000-001-01-00041600,"GRAFICOS INSULARES",0.00,0,,2026-05-29,"2026-06-01 14:22:02",3811.57,0.00,0,0.00,64,"Kevin Nuñez",115,"Erling Peralta",,,0,A_ABONO_ACTIVO,2026-05-29,abonos_creditos.fecha_pago,NO,"2026-06-01 14:22:02"
33782,26728,000-001-01-00041644,"GRAFICOS INSULARES",0.00,0,,2026-05-29,"2026-06-01 14:22:30",2047.14,0.00,0,0.00,64,"Kevin Nuñez",115,"Erling Peralta",,,0,A_ABONO_ACTIVO,2026-05-29,abonos_creditos.fecha_pago,NO,"2026-06-01 14:22:30"
33973,26860,000-001-01-00041776,"GRAFICOS INSULARES",0.00,0,,2026-05-29,"2026-06-01 14:23:18",5537.90,0.00,0,0.00,64,"Kevin Nuñez",115,"Erling Peralta",,,0,A_ABONO_ACTIVO,2026-05-29,abonos_creditos.fecha_pago,NO,"2026-06-01 14:23:18"
34067,26883,000-001-01-00041799,"INVERSIONES TECNOLOGICAS CORPORATIVAS S. de R.L",0.00,0,,2026-05-29,"2026-06-01 14:11:39",8567.50,0.00,0,0.00,64,"Kevin Nuñez",115,"Erling Peralta",,,0,A_ABONO_ACTIVO,2026-05-29,abonos_creditos.fecha_pago,NO,"2026-06-01 14:11:39"
34164,26925,000-001-01-00041841,"LARACH Y CIA",0.00,0,,2026-05-29,"2026-05-29 14:01:47",66700.00,0.00,0,0.00,64,"Kevin Nuñez",13,"Belinda Lopez",,,0,A_ABONO_ACTIVO,2026-05-29,abonos_creditos.fecha_pago,NO,"2026-05-29 14:01:47"
34165,26926,000-001-01-00041842,"LARACH Y CIA",0.00,0,,2026-05-29,"2026-05-29 14:04:11",300150.00,0.00,0,0.00,64,"Kevin Nuñez",13,"Belinda Lopez",,,0,A_ABONO_ACTIVO,2026-05-29,abonos_creditos.fecha_pago,NO,"2026-05-29 14:04:11"
34191,26978,000-001-01-00041894,"GRAFICOS INSULARES",0.00,0,,2026-05-29,"2026-06-01 14:23:47",1668.90,0.00,0,0.00,64,"Kevin Nuñez",115,"Erling Peralta",,,0,A_ABONO_ACTIVO,2026-05-29,abonos_creditos.fecha_pago,NO,"2026-06-01 14:23:47"
34644,27391,000-001-01-00042307,"CYBER ARIEL",0.00,0,,2026-05-29,"2026-06-01 11:10:12",5981.04,0.00,0,0.00,86,"Jose Luque Vendedor",95,"José Luque",86,"Jose Luque Vendedor",0,A_ABONO_ACTIVO,2026-05-29,abonos_creditos.fecha_pago,NO,"2026-06-01 11:10:12"
34645,27405,000-001-01-00042321,"VARIEDADES AMN",0.00,0,,2026-05-29,"2026-06-01 11:11:07",552.83,0.00,0,0.00,97,"Madelin Sierra",97,"Madelin Sierra",97,"Madelin Sierra",0,A_ABONO_ACTIVO,2026-05-29,abonos_creditos.fecha_pago,NO,"2026-06-01 11:11:07"
34656,27423,000-001-01-00042339,"QUIMICOS DYD",0.00,0,,2026-05-29,"2026-06-01 11:27:26",12387.80,0.00,0,0.00,87,"Mauricio Zavala",87,"Mauricio Zavala",57,"Josue Cerritos",0,A_ABONO_ACTIVO,2026-05-29,abonos_creditos.fecha_pago,NO,"2026-06-01 11:27:26"
34594,27430,000-001-01-00042346,"CLIENTE GENERICO",0.00,0,,2026-05-29,"2026-06-01 11:21:19",280.05,0.00,0,0.00,57,"Josue Cerritos",24,OFICINA,57,"Josue Cerritos",0,A_ABONO_ACTIVO,2026-05-29,abonos_creditos.fecha_pago,NO,"2026-06-01 11:21:19"
34643,27438,000-001-01-00042354,"CESAR IZAGUIRRE",0.00,0,,2026-05-29,"2026-06-01 11:08:19",2851.65,0.00,0,0.00,57,"Josue Cerritos",24,OFICINA,57,"Josue Cerritos",0,A_ABONO_ACTIVO,2026-05-29,abonos_creditos.fecha_pago,NO,"2026-06-01 11:08:19"
34642,27443,000-001-01-00042359,"GRAN HOTEL KENNEDY",0.00,0,,2026-05-29,"2026-06-01 11:06:11",1603.01,0.00,0,0.00,57,"Josue Cerritos",24,OFICINA,57,"Josue Cerritos",0,A_ABONO_ACTIVO,2026-05-29,abonos_creditos.fecha_pago,NO,"2026-06-01 11:06:11"
34655,27456,000-001-01-00042372,"BONNY YAMARA CASTILLO ANDINO",0.00,0,,2026-05-29,"2026-06-01 11:22:38",32.73,0.00,0,0.00,57,"Josue Cerritos",24,OFICINA,57,"Josue Cerritos",0,A_ABONO_ACTIVO,2026-05-29,abonos_creditos.fecha_pago,NO,"2026-06-01 11:22:38"
32811,25978,000-001-01-00040894,"HECTOR S OFFICE",0.00,0,,2026-05-30,"2026-06-01 15:23:50",54280.00,0.00,0,0.00,64,"Kevin Nuñez",115,"Erling Peralta",,,0,A_ABONO_ACTIVO,2026-05-30,abonos_creditos.fecha_pago,NO,"2026-06-01 15:23:50"
34330,27235,000-001-01-00042151,"CREDITO EMPLEADOS",0.00,0,,2026-05-30,"2026-06-01 15:57:06",278.30,0.00,0,0.00,57,"Josue Cerritos",24,OFICINA,,,0,A_ABONO_ACTIVO,2026-05-30,abonos_creditos.fecha_pago,NO,"2026-06-01 15:57:06"
34733,27455,000-001-01-00042371,"EL LAPIZ",0.00,0,,2026-05-30,"2026-06-03 12:09:01",1808.68,780.05,0,0.00,83,"Yosselin Palma",14,"Sulay Pineda",83,"Yosselin Palma",0,A_ABONO_ACTIVO,2026-05-30,abonos_creditos.fecha_pago,NO,"2026-06-03 12:09:01"
33439,26385,000-001-01-00041301,"TECNO SB SOLUCIONES",0.00,0,,,,0.00,55404.13,0,0.00,64,"Kevin Nuñez",115,"Erling Peralta",,,0,B_OTRO_REDUCTOR,2026-06-08,aplicacion_pagos.updated_at,NO,"2026-06-08 09:56:11"
34844,27587,000-001-01-00042503,"INVERSIONES GATO S DE R.L  DE C.V (SCHOOL BOX)",0.00,0,,2026-06-09,"2026-06-10 14:58:57",852.07,1433.94,0,0.00,97,"Madelin Sierra",115,"Erling Peralta",97,"Madelin Sierra",0,A_ABONO_ACTIVO,2026-06-09,abonos_creditos.fecha_pago,NO,"2026-06-10 14:58:57"
35720,28428,000-001-01-00043344,"IRIS YOLANDA CRUZ MATUTE (COMERCIAL BENDICIONES)",0.00,0,,2026-07-18,"2026-07-21 11:53:52",4993.89,119.31,0,0.00,115,"Erling Peralta",115,"Erling Peralta",64,"Kevin Nuñez",0,A_ABONO_ACTIVO,2026-07-18,abonos_creditos.fecha_pago,NO,"2026-07-21 11:53:52"
35263,28040,000-001-01-00042956,"REGION SANITARIA DEPARTAMENTAL DE INTIBUCA",0.00,0,,2026-07-20,"2026-07-29 09:23:07",74905.45,0.00,1,0.01,14,"Sulay Pineda",14,"Sulay Pineda",57,"Josue Cerritos",0,A_ABONO_ACTIVO,2026-07-20,abonos_creditos.fecha_pago,NO,"2026-09-16 15:56:49"
35294,28058,000-001-01-00042974,"BANCO ATLANTIDA",0.00,0,,2026-07-22,"2026-07-29 11:19:41",26676.00,0.00,0,234.00,36,"Angel Villela",36,"Angel Villela",57,"Josue Cerritos",0,A_ABONO_ACTIVO,2026-07-22,abonos_creditos.fecha_pago,NO,"2026-08-05 15:40:41"
35310,28059,000-001-01-00042975,"BANCO ATLANTIDA",0.00,0,,2026-07-22,"2026-07-29 11:21:15",102600.00,0.00,0,900.00,36,"Angel Villela",36,"Angel Villela",57,"Josue Cerritos",0,A_ABONO_ACTIVO,2026-07-22,abonos_creditos.fecha_pago,NO,"2026-08-05 15:41:28"
35385,28061,000-001-01-00042977,"BANCO ATLANTIDA",0.00,0,,2026-07-22,"2026-07-29 11:20:14",136800.00,0.00,0,1200.00,36,"Angel Villela",36,"Angel Villela",57,"Josue Cerritos",0,A_ABONO_ACTIVO,2026-07-22,abonos_creditos.fecha_pago,NO,"2026-08-05 15:45:46"
33438,26379,000-001-01-00041295,"TECNO SB SOLUCIONES",0.00,0,,,,0.00,7283.09,0,0.00,64,"Kevin Nuñez",115,"Erling Peralta",,,0,B_OTRO_REDUCTOR,2026-08-04,aplicacion_pagos.updated_at,NO,"2026-08-04 10:43:14"
31106,24492,000-001-01-00039418,"HECTOR S OFFICE",0.00,0,,,,0.00,0.00,0,0.01,64,"Kevin Nuñez",24,OFICINA,,,0,B_OTRO_REDUCTOR,2026-08-08,otros_movimientos.created_at,NO,"2026-08-08 10:23:41"
13503,11036,000-001-01-00026271,"COMISION NACIONAL SUPERVISORA DE SERVICIOS PUBLICOS (CNSSP)",0.00,0,,2027-07-17,"2024-08-15 13:21:34",5691.52,0.00,1,0.00,27,"Ana Pineda",24,OFICINA,,,0,A_ABONO_ACTIVO,2027-07-17,abonos_creditos.fecha_pago,SI,"2024-08-15 13:21:34"
